# Blender v2.92.0 OBJ File: ''
# www.blender.org
mtllib AST_4.mtl
o AST_04
v 0.016956 -0.557212 0.240170
v -0.008500 -0.534366 0.279382
v -0.003198 -0.542066 0.243876
v -0.022718 -0.526228 0.285583
v -0.003136 -0.539692 0.301851
v -0.026630 -0.504190 0.341613
v -0.028828 -0.555591 0.239937
v -0.075701 -0.299531 -0.485492
v -0.118090 -0.305503 -0.464177
v -0.129909 -0.246025 -0.480980
v -0.028757 -0.345868 -0.467522
v -0.086289 -0.316114 -0.468837
v -0.101565 -0.356439 -0.433632
v -0.069900 -0.357135 -0.465850
v 0.314866 -0.449013 -0.070663
v 0.310377 -0.471556 -0.101358
v 0.335328 -0.423022 -0.110633
v 0.305036 -0.485870 -0.031934
v 0.320979 -0.481140 -0.081705
v 0.292805 -0.505916 -0.063138
v 0.263797 -0.511295 -0.084301
v -0.471420 0.309034 -0.172334
v -0.417155 0.333422 -0.203544
v -0.432630 0.295439 -0.201644
v -0.378535 0.332714 -0.206109
v -0.416400 0.348086 -0.180977
v -0.366598 0.391656 -0.191018
v -0.392006 0.282735 -0.230207
v 0.429033 0.307996 -0.147683
v 0.442437 0.343271 -0.093362
v 0.460864 0.308882 -0.101806
v 0.448760 0.351422 -0.059895
v 0.417671 0.352497 -0.103466
v 0.415225 0.399608 -0.056878
v 0.492348 0.310031 -0.058738
v -0.187773 -0.517107 -0.169621
v -0.206946 -0.524136 -0.156324
v -0.234779 -0.500870 -0.197618
v -0.152468 -0.551696 -0.157512
v -0.184127 -0.529809 -0.154052
v -0.173200 -0.547536 -0.119282
v -0.159687 -0.551051 -0.135995
v 0.315040 -0.321683 -0.287898
v 0.364890 -0.302116 -0.259013
v 0.346651 -0.337659 -0.263817
v 0.399051 -0.292758 -0.245948
v 0.359898 -0.284367 -0.277342
v 0.415322 -0.246458 -0.282167
v 0.373475 -0.338050 -0.224829
v 0.051348 0.452908 0.275042
v 0.076051 0.463520 0.269938
v 0.053169 0.478164 0.224593
v 0.044431 0.434934 0.337406
v 0.068090 0.440730 0.287002
v 0.099938 0.449442 0.309182
v 0.076500 0.439574 0.324526
v 0.239067 -0.322383 -0.337352
v 0.292392 -0.295789 -0.322204
v 0.265826 -0.312859 -0.289447
v 0.320938 -0.279313 -0.306151
v 0.277196 -0.272139 -0.323781
v 0.326769 -0.232601 -0.334354
v -0.136901 -0.570767 0.008870
v -0.154289 -0.568060 -0.017141
v -0.118200 -0.569897 -0.001588
v -0.170673 -0.568531 -0.033024
v -0.176798 -0.557583 -0.018359
v -0.229741 -0.556652 -0.052995
v -0.122505 -0.574100 -0.015420
v -0.477242 -0.071734 0.278418
v -0.430205 -0.073951 0.309301
v -0.453012 -0.024818 0.304261
v -0.472208 -0.123888 0.275690
v -0.496153 -0.126590 0.230880
v -0.443937 -0.126277 0.317903
v -0.460954 -0.088523 0.287603
v -0.022029 0.532506 -0.089405
v -0.011362 0.542073 -0.045693
v -0.007704 0.531803 -0.079030
v -0.003963 0.531339 -0.032329
v -0.019507 0.542649 -0.034497
v -0.018274 0.552423 0.032861
v -0.001343 0.553455 -0.091499
v -0.015807 -0.557393 -0.025451
v -0.003886 -0.559341 -0.022863
v -0.017169 -0.531550 0.032876
v -0.020115 -0.566542 -0.082760
v -0.010370 -0.552715 -0.036483
v 0.000660 -0.558797 -0.081486
v -0.011409 -0.541357 -0.074893
v -0.486711 0.008381 0.262980
v -0.477027 -0.025519 0.265684
v -0.501521 0.029569 0.230788
v -0.476056 0.027609 0.276144
v -0.525730 0.083878 0.242297
v -0.510091 -0.024160 0.222783
v -0.167819 0.489431 -0.016023
v -0.178482 0.480630 0.001767
v -0.133377 0.496513 0.009557
v -0.208800 0.460679 -0.045759
v -0.185421 0.486463 -0.014343
v -0.220666 0.478323 -0.007740
v -0.221701 0.492671 -0.025966
v 0.272381 0.217839 -0.319436
v 0.243153 0.222611 -0.351005
v 0.240633 0.275522 -0.330484
v 0.298014 0.167445 -0.300563
v 0.262218 0.201664 -0.331330
v 0.233889 0.173599 -0.368045
v 0.265497 0.168069 -0.330117
v 0.442048 0.028349 -0.213505
v 0.455875 -0.022797 -0.208012
v 0.437620 -0.022989 -0.271465
v 0.465620 0.028356 -0.167063
v 0.469713 0.078842 -0.170429
v 0.485039 -0.020422 -0.161239
v 0.461674 0.013143 -0.200504
v -0.141024 0.499189 -0.070139
v -0.129892 0.496453 -0.080676
v -0.168452 0.473187 -0.116646
v -0.107995 0.496020 -0.033805
v -0.120329 0.493728 -0.061075
v -0.092963 0.498600 -0.051293
v -0.100566 0.513607 -0.037795
v -0.516428 0.130770 0.082250
v -0.527715 0.078825 0.082197
v -0.537116 0.082478 0.135284
v -0.531030 0.134024 0.031984
v -0.537528 0.190218 0.048218
v -0.541341 0.081030 0.031503
v -0.539809 0.116326 0.069545
v -0.270476 0.451922 -0.139384
v -0.230468 0.466718 -0.149514
v -0.257823 0.452095 -0.171080
v -0.210535 0.465199 -0.158851
v -0.214477 0.449684 -0.127167
v -0.248919 0.457849 -0.207491
v 0.164646 -0.330419 -0.381393
v 0.213037 -0.289578 -0.363584
v 0.191529 -0.311306 -0.339643
v 0.235264 -0.267669 -0.345379
v 0.206736 -0.279829 -0.382308
v 0.243102 -0.228648 -0.382714
v -0.066073 -0.470466 0.369423
v -0.058323 -0.492209 0.339322
v -0.089886 -0.459536 0.380875
v -0.056092 -0.463916 0.388281
v -0.088065 -0.435611 0.435747
v -0.083819 -0.464942 0.332655
v 0.294422 0.304095 -0.218231
v 0.274023 0.307683 -0.263239
v 0.233118 0.327964 -0.221651
v 0.333822 0.281767 -0.257015
v 0.368246 0.289255 -0.227241
v 0.310436 0.270811 -0.289316
v 0.295965 0.293270 -0.239332
v 0.254580 0.297302 -0.279678
v 0.267277 0.269055 -0.299576
v 0.227767 0.295234 -0.268753
v 0.209447 0.417870 0.313700
v 0.237535 0.420192 0.287622
v 0.192977 0.429569 0.250378
v 0.219989 0.388118 0.367723
v 0.235693 0.418290 0.321696
v 0.282479 0.391962 0.316925
v 0.257462 0.397597 0.352654
v 0.194736 0.222721 -0.371000
v 0.172205 0.239552 -0.417911
v 0.168598 0.295334 -0.388623
v 0.206336 0.182475 -0.407944
v 0.164224 0.188580 -0.443244
v 0.199975 0.217687 -0.402643
v -0.224713 -0.523669 -0.134362
v -0.235421 -0.543922 -0.117458
v -0.276650 -0.510063 -0.147952
v -0.217810 -0.540552 -0.121841
v -0.189705 -0.570718 -0.083947
v -0.187332 -0.555004 -0.106697
v -0.451685 0.144061 0.389771
v -0.442977 0.084987 0.380601
v -0.409089 0.088466 0.425985
v -0.483365 0.140531 0.343855
v -0.467245 0.204165 0.350807
v -0.463864 0.083305 0.330872
v -0.454233 0.123516 0.368266
v 0.050435 0.494117 0.173892
v 0.067819 0.489733 0.162243
v 0.044846 0.494510 0.123874
v 0.065728 0.485787 0.182200
v 0.094444 0.483156 0.207963
v 0.071069 0.500076 0.224267
v 0.151231 0.034556 -0.523273
v 0.163304 -0.024360 -0.520918
v 0.107677 -0.020253 -0.548956
v 0.202039 0.034836 -0.497889
v 0.195184 0.088760 -0.481103
v 0.212993 -0.013315 -0.498857
v 0.162824 0.016245 -0.498301
v 0.004559 0.542521 -0.043925
v 0.012363 0.558757 -0.078190
v 0.006249 0.533931 -0.029667
v 0.032067 0.546826 -0.087123
v 0.005243 -0.537747 -0.024471
v 0.004088 -0.560824 -0.030490
v 0.012021 -0.572041 -0.065642
v 0.030145 -0.565528 -0.079016
v 0.099679 -0.484128 -0.240809
v 0.151320 -0.461293 -0.256389
v 0.130487 -0.481441 -0.232427
v 0.175942 -0.441065 -0.252832
v 0.151790 -0.463700 -0.280778
v 0.192667 -0.419668 -0.303392
v 0.162184 -0.482824 -0.226068
v 0.223748 0.252016 0.486189
v 0.262443 0.247817 0.452793
v 0.239269 0.298729 0.437636
v 0.198629 0.195084 0.515896
v 0.238142 0.231016 0.476118
v 0.289353 0.195932 0.466714
v 0.237659 0.193183 0.485134
v -0.092402 0.482635 -0.226254
v -0.070759 0.501702 -0.226489
v -0.084225 0.491876 -0.283666
v -0.100598 0.495110 -0.166022
v -0.079400 0.488457 -0.210386
v -0.057911 0.516463 -0.173661
v -0.083120 0.519721 -0.179009
v -0.441977 -0.184815 0.378533
v -0.400322 -0.189025 0.418434
v -0.407508 -0.132513 0.420885
v -0.448348 -0.242215 0.337049
v -0.427848 -0.206034 0.392890
v -0.399084 -0.253720 0.433406
v -0.427000 -0.247206 0.382545
v -0.022245 0.521948 -0.191865
v 0.002597 0.534417 -0.155584
v 0.001495 0.515003 -0.189795
v 0.013134 0.534144 -0.135512
v -0.004763 0.526492 -0.135245
v 0.031196 0.530753 -0.200933
v 0.251965 -0.081342 -0.474961
v 0.252772 -0.133673 -0.449089
v 0.205205 -0.131759 -0.491031
v 0.307627 -0.084881 -0.451489
v 0.303585 -0.033372 -0.467236
v 0.283000 -0.123923 -0.396776
v 0.265812 -0.097374 -0.456539
v 0.018889 0.546213 -0.036681
v 0.034939 0.532896 -0.066494
v 0.021106 0.559736 -0.022694
v 0.044991 0.545492 -0.059613
v 0.014576 -0.525569 -0.019947
v 0.032361 -0.553288 -0.057353
v 0.038853 -0.561837 -0.048863
v 0.015112 -0.531206 -0.031859
v -0.570898 -0.021566 0.126734
v -0.571207 0.015942 0.068746
v -0.578377 -0.023486 0.074662
v -0.552883 0.028703 0.030543
v -0.558934 0.033198 0.086399
v -0.581471 -0.025123 0.015925
v -0.008434 -0.535952 -0.122910
v -0.020964 -0.548436 -0.127377
v -0.016485 -0.542558 -0.182647
v -0.010785 -0.558439 -0.110152
v 0.140070 -0.191255 -0.492146
v 0.189514 -0.190765 -0.467591
v 0.153575 -0.223756 -0.424801
v 0.146183 -0.135158 -0.506096
v 0.089850 -0.135106 -0.515503
v 0.160684 -0.174364 -0.495076
v -0.245885 0.470269 -0.090165
v -0.261777 0.449570 -0.068868
v -0.265886 0.464650 -0.091009
v -0.285391 0.433440 -0.113864
v -0.304398 0.427007 -0.093803
v 0.231731 -0.336959 0.429021
v 0.194340 -0.301873 0.468600
v 0.194245 -0.337595 0.451553
v 0.163542 -0.280156 0.473912
v 0.207312 -0.281750 0.457316
v 0.180960 -0.226743 0.477984
v 0.146640 -0.334722 0.464817
v -0.375595 0.418455 -0.005152
v -0.386789 0.433848 0.031161
v -0.325381 0.439815 0.029149
v -0.428633 0.399545 -0.037802
v -0.389563 0.399420 0.007580
v -0.430829 0.392685 0.046143
v -0.431163 0.394078 0.001624
v 0.302177 0.289472 0.371392
v 0.256781 0.323298 0.389976
v 0.275899 0.296320 0.407120
v 0.229073 0.339281 0.398952
v 0.264208 0.339442 0.373373
v -0.442735 -0.376937 0.077484
v -0.450268 -0.380204 0.032822
v -0.402462 -0.418208 0.035141
v -0.473898 -0.334773 0.111610
v -0.467393 -0.371825 0.064258
v -0.493005 -0.335711 0.019186
v -0.481404 -0.334979 0.067171
v -0.275868 -0.197703 0.526364
v -0.217982 -0.179448 0.518165
v -0.235822 -0.137564 0.560582
v -0.252005 -0.243180 0.499607
v -0.297323 -0.244315 0.480792
v -0.199818 -0.235142 0.507647
v -0.249773 -0.203480 0.508994
v -0.292960 -0.559199 -0.051209
v -0.298253 -0.553380 -0.020833
v -0.349344 -0.517839 -0.034386
v -0.271692 -0.552880 -0.032837
v -0.255425 -0.583690 -0.004043
v -0.238341 -0.585150 -0.031072
v -0.170310 0.252923 0.534111
v -0.121486 0.252736 0.547650
v -0.121815 0.318768 0.520297
v -0.201832 0.192052 0.509629
v -0.152813 0.231958 0.538406
v -0.110303 0.192326 0.561796
v -0.158308 0.191143 0.538224
v -0.233388 -0.477855 0.248144
v -0.288740 -0.469096 0.238142
v -0.251215 -0.464857 0.214403
v -0.302400 -0.439603 0.221081
v -0.292473 -0.455103 0.254278
v -0.323062 -0.399282 0.248889
v -0.280432 -0.472781 0.199345
v 0.253422 -0.374665 -0.306676
v 0.212748 -0.365758 -0.316955
v 0.266076 -0.421423 -0.257066
v 0.237390 -0.391063 -0.310367
v 0.231492 -0.428509 -0.289304
v -0.345103 -0.373641 0.300232
v -0.322184 -0.389386 0.331099
v -0.336368 -0.328873 0.347783
v -0.329442 -0.389542 0.304233
v -0.294571 -0.415822 0.307955
v -0.320812 -0.418935 0.285429
v 0.151127 0.412248 0.418855
v 0.084876 0.426080 0.408030
v 0.106942 0.398279 0.432521
v 0.055665 0.414814 0.398549
v 0.090541 0.427848 0.382460
v 0.073984 0.388560 0.449620
v -0.127351 -0.340680 0.497534
v -0.178837 -0.305253 0.495242
v -0.170187 -0.341126 0.489092
v -0.208793 -0.290495 0.492956
v -0.164376 -0.288486 0.504527
v -0.208361 -0.335335 0.459907
v 0.186336 -0.568367 0.118704
v 0.201971 -0.545925 0.162645
v 0.169920 -0.548649 0.138159
v 0.212644 -0.552588 0.189436
v 0.225706 -0.553603 0.166488
v 0.254900 -0.519312 0.218087
v 0.167141 -0.556318 0.162677
v -0.274337 0.142672 0.532807
v -0.277932 0.087806 0.535484
v -0.220252 0.082524 0.526686
v -0.333129 0.148342 0.513817
v -0.312003 0.204800 0.503655
v -0.335191 0.091006 0.512098
v -0.290684 0.124267 0.509413
v 0.078610 0.502598 0.159267
v 0.094493 0.522147 0.155092
v 0.063566 0.509689 0.115085
v 0.096415 0.507899 0.170874
v 0.127855 0.483861 0.182337
v 0.113825 0.487606 0.196353
v -0.448560 0.026926 0.378072
v -0.436691 -0.024239 0.356836
v -0.432213 -0.025120 0.413767
v -0.459130 0.026519 0.324667
v -0.444264 0.010117 0.354418
v 0.034202 0.556788 -0.027196
v 0.054064 0.551948 -0.054473
v 0.033009 0.563865 -0.015404
v 0.073353 0.546517 -0.057978
v 0.024047 -0.517166 -0.014176
v 0.026253 -0.524890 -0.024861
v 0.060090 -0.557352 -0.047446
v 0.046757 -0.556362 -0.044715
v -0.431990 -0.075233 0.366960
v -0.402916 -0.077385 0.417077
v -0.439281 -0.128303 0.373206
v -0.426871 -0.093610 0.386114
v -0.086005 -0.562137 -0.068980
v -0.078257 -0.566536 -0.096288
v -0.067118 -0.556101 -0.062126
v -0.076762 -0.561749 -0.109112
v -0.092050 -0.569626 -0.115398
v -0.101299 -0.553237 -0.170352
v -0.058106 -0.557513 -0.064440
v 0.099130 0.475308 0.264908
v 0.125525 0.461374 0.249192
v 0.119148 0.460563 0.273195
v 0.159341 0.465466 0.301822
v 0.128712 0.466728 0.316123
v -0.531919 0.135694 -0.121250
v -0.503760 0.080533 -0.114432
v -0.528494 0.081447 -0.067621
v -0.520297 0.136422 -0.171481
v -0.508888 0.192800 -0.154535
v -0.527493 0.082176 -0.174582
v -0.522354 0.117435 -0.136904
v -0.132893 -0.564681 0.051334
v -0.160284 -0.564886 0.040255
v -0.123219 -0.562993 0.041709
v -0.170782 -0.575841 0.033380
v -0.180971 -0.567603 0.045615
v -0.222034 -0.561152 0.033273
v -0.119300 -0.579484 0.033272
v 0.473584 0.030226 0.294610
v 0.470939 -0.023261 0.307805
v 0.494262 -0.023159 0.261003
v 0.463119 0.031544 0.351806
v 0.467242 0.078118 0.340654
v 0.450067 -0.023116 0.364066
v 0.472697 0.013329 0.315805
v 0.044029 0.554886 -0.017346
v 0.070200 0.540803 -0.037370
v 0.037043 0.542447 -0.005970
v 0.086615 0.544601 -0.032032
v 0.032645 -0.530159 -0.000837
v 0.036213 -0.525719 -0.014147
v 0.080070 -0.537963 -0.033511
v 0.059983 -0.552044 -0.032623
v 0.424855 -0.079699 -0.328802
v 0.407819 -0.130971 -0.299393
v 0.377871 -0.134867 -0.344078
v 0.454129 -0.089392 -0.280255
v 0.442281 -0.143740 -0.261987
v -0.156154 0.494052 -0.043245
v -0.160791 0.484514 -0.028660
v -0.122849 0.503050 -0.014971
v -0.178844 0.469093 -0.073530
v -0.168371 0.474417 -0.043919
v -0.195024 0.465959 -0.063640
v -0.493749 -0.187270 -0.219377
v -0.512724 -0.185857 -0.167921
v -0.532136 -0.133707 -0.177426
v -0.475994 -0.236848 -0.198329
v -0.441674 -0.231953 -0.234971
v -0.494294 -0.234868 -0.148656
v -0.494307 -0.203340 -0.199955
v -0.167669 -0.474827 0.218930
v -0.149968 -0.491219 0.229475
v -0.176181 -0.476907 0.275786
v -0.154004 -0.511527 0.173405
v -0.156519 -0.495055 0.216576
v -0.126267 -0.500141 0.195674
v -0.144557 -0.515773 0.194108
v -0.159774 -0.409597 -0.417708
v -0.192469 -0.393302 -0.382866
v -0.192222 -0.344949 -0.418250
v -0.112265 -0.453794 -0.383400
v -0.169307 -0.422344 -0.397081
v -0.192423 -0.448170 -0.353194
v -0.148131 -0.441799 -0.363998
v 0.241067 0.385244 -0.176859
v 0.215655 0.378809 -0.199854
v 0.186830 0.420686 -0.164136
v 0.298290 0.358205 -0.177863
v 0.242600 0.372645 -0.196396
v 0.268799 0.349616 -0.203926
v 0.107148 0.323855 -0.370424
v 0.131231 0.317568 -0.336686
v 0.067567 0.362876 -0.357539
v 0.112533 0.333679 -0.349705
v 0.124807 0.368335 -0.315855
v 0.091426 0.357879 -0.331213
v 0.327668 -0.390512 0.316993
v 0.362895 -0.397503 0.285122
v 0.366803 -0.340129 0.305227
v 0.276805 -0.430136 0.312712
v 0.328977 -0.406432 0.298275
v 0.327025 -0.433016 0.249698
v 0.300983 -0.430247 0.282556
v -0.336722 0.412532 0.198337
v -0.318536 0.413199 0.228711
v -0.304986 0.454989 0.209650
v -0.381702 0.377882 0.194300
v -0.338452 0.398400 0.214665
v -0.341679 0.374319 0.261058
v -0.357053 0.367365 0.223556
v 0.343902 0.226242 -0.265878
v 0.302741 0.218610 -0.289013
v 0.345075 0.176086 -0.280557
v 0.387488 0.183601 -0.256185
v 0.328660 0.205063 -0.270929
v 0.221168 0.485364 -0.094611
v 0.215015 0.475624 -0.127347
v 0.169131 0.506897 -0.093281
v 0.266527 0.468708 -0.087711
v 0.233982 0.475562 -0.115214
v 0.251590 0.437230 -0.144034
v 0.259059 0.447483 -0.115279
v -0.514770 0.251814 -0.119941
v -0.506194 0.247570 -0.064293
v -0.512519 0.314055 -0.080621
v -0.519387 0.231954 -0.101199
v -0.535471 0.193776 -0.055674
v -0.533033 0.193690 -0.111246
v -0.186949 0.411691 -0.285885
v -0.223756 0.418443 -0.277776
v -0.194810 0.470670 -0.236489
v -0.172433 0.356298 -0.312920
v -0.197299 0.388261 -0.279477
v -0.239189 0.356769 -0.280824
v -0.206300 0.356500 -0.299922
v 0.368930 -0.383769 0.234606
v 0.360988 -0.378045 0.191997
v 0.411274 -0.340615 0.208124
v 0.355793 -0.392587 0.215695
v 0.344632 -0.418844 0.183626
v 0.347562 -0.431482 0.216202
v 0.385861 0.351991 0.246558
v 0.405927 0.303223 0.271901
v 0.437824 0.310329 0.235258
v 0.365396 0.357113 0.291056
v 0.334681 0.385136 0.257019
v 0.379000 0.303686 0.316931
v 0.397220 0.347524 0.274145
v 0.045774 -0.515877 0.359351
v 0.000283 -0.490055 0.385298
v 0.005385 -0.518569 0.355544
v -0.017331 -0.459457 0.390180
v 0.016701 -0.473751 0.399373
v -0.006499 -0.441800 0.449052
v 0.485061 0.257328 -0.121281
v 0.501144 0.257502 -0.071336
v 0.501437 0.196359 -0.087038
v 0.490266 0.278352 -0.104676
v -0.071678 -0.509133 -0.275640
v -0.107514 -0.516919 -0.238018
v -0.108343 -0.505260 -0.274562
v -0.128156 -0.532184 -0.228299
v -0.091863 -0.528517 -0.224631
v -0.136510 -0.495098 -0.270989
v 0.318053 -0.184318 0.436712
v 0.364682 -0.200172 0.412800
v 0.385835 -0.142594 0.429886
v 0.278936 -0.237430 0.455869
v 0.335976 -0.207904 0.435718
v 0.361345 -0.257911 0.401988
v 0.320726 -0.242205 0.429279
v 0.122524 -0.541141 0.104387
v 0.127813 -0.546186 0.090727
v 0.077829 -0.538054 0.096465
v 0.106590 -0.540329 0.091048
v 0.085954 -0.530640 0.071460
v 0.073175 -0.532249 0.078775
v -0.365988 -0.076540 -0.393418
v -0.403481 -0.074750 -0.354080
v -0.413759 -0.022809 -0.386019
v -0.361324 -0.137963 -0.382244
v -0.324255 -0.137437 -0.418430
v -0.387481 -0.127581 -0.336040
v -0.370415 -0.090782 -0.370520
v 0.050748 0.537727 -0.005142
v 0.083641 0.553313 -0.018166
v 0.041509 0.525471 0.007389
v 0.096698 0.538622 -0.010737
v 0.036747 -0.530641 0.010413
v 0.043758 -0.524970 -0.001395
v 0.076320 -0.529968 -0.007927
v 0.072989 -0.539880 -0.014220
v -0.393986 0.035784 -0.427880
v -0.365728 -0.019136 -0.413597
v -0.351328 0.038406 -0.468533
v -0.322151 0.080970 -0.421197
v -0.335236 -0.025514 -0.471487
v -0.391496 0.016880 -0.456486
v 0.130691 0.527265 -0.043723
v 0.123654 0.527425 -0.059777
v 0.179442 0.525452 -0.050034
v 0.143914 0.520433 -0.058423
v 0.184281 0.532797 -0.075687
v 0.325042 0.138951 0.448452
v 0.320833 0.083255 0.444577
v 0.375753 0.091950 0.420197
v 0.276885 0.136208 0.470923
v 0.277400 0.081432 0.474265
v 0.307346 0.119084 0.455094
v 0.143453 0.141102 0.552660
v 0.142128 0.085642 0.555602
v 0.193230 0.083237 0.535135
v 0.094123 0.144987 0.580643
v 0.106608 0.203241 0.570126
v 0.086186 0.086663 0.567761
v 0.130477 0.124748 0.569125
v -0.160600 0.481756 0.176978
v -0.160209 0.502933 0.143677
v -0.182207 0.507626 0.175194
v -0.164527 0.515188 0.129775
v -0.139243 0.514694 0.141384
v -0.121366 0.521809 0.102559
v -0.206710 0.479268 0.158927
v 0.405394 0.030975 -0.312696
v 0.373253 0.032602 -0.358232
v 0.367541 0.084012 -0.333375
v 0.409568 -0.022506 -0.333017
v 0.368136 -0.022882 -0.375370
v 0.412330 0.018060 -0.344125
v 0.057325 0.542307 0.010397
v 0.090586 0.542124 0.002229
v 0.046493 0.532552 0.020545
v 0.106443 0.549736 0.013656
v 0.041016 -0.523622 0.020468
v 0.048402 -0.525465 0.011838
v 0.096797 -0.534428 0.009611
v 0.081699 -0.521208 -0.001341
v 0.470463 -0.077167 0.293780
v 0.498328 -0.077749 0.247153
v 0.469640 -0.133070 0.291586
v 0.463240 -0.124720 0.339153
v 0.491893 -0.133346 0.242996
v 0.486051 -0.095894 0.280194
v 0.095642 0.531538 0.075438
v 0.125371 0.522431 0.069587
v 0.092365 0.548344 0.064336
v 0.142645 0.511940 0.063189
v 0.138066 0.509117 0.077249
v 0.178983 0.487596 0.075050
v 0.107630 0.545452 0.054224
v 0.378502 -0.178018 -0.290525
v 0.347890 -0.182931 -0.335906
v 0.369092 -0.200723 -0.312952
v 0.367023 -0.235202 -0.303276
v -0.270555 0.450069 0.055306
v -0.274038 0.467364 0.079682
v -0.221394 0.477296 0.070037
v -0.289927 0.452630 0.065407
v -0.324048 0.444169 0.090629
v -0.332399 0.457808 0.058994
v -0.324584 -0.318623 -0.291669
v -0.293517 -0.284350 -0.327984
v -0.296675 -0.321198 -0.320976
v -0.277902 -0.272063 -0.354149
v -0.301333 -0.263821 -0.314291
v -0.303756 -0.226453 -0.360969
v -0.279204 -0.333418 -0.367204
v 0.354340 0.382297 0.184067
v 0.307309 0.410168 0.215843
v 0.338148 0.381074 0.219931
v 0.289407 0.416323 0.234099
v 0.295317 0.415833 0.195350
v 0.235647 0.422515 0.199033
v -0.422869 0.295826 0.287347
v -0.415646 0.316791 0.228766
v -0.445990 0.298951 0.248234
v -0.416519 0.332405 0.198585
v -0.398798 0.332677 0.237756
v -0.472601 0.305036 0.205789
v 0.367383 -0.350510 -0.082549
v 0.364958 -0.374365 -0.119542
v 0.396144 -0.329354 -0.124600
v 0.344177 -0.377369 -0.039692
v 0.342509 -0.364015 -0.093714
v 0.341499 -0.398781 -0.076741
v 0.300767 -0.509889 0.164019
v 0.303324 -0.504578 0.220652
v 0.284368 -0.538978 0.196498
v 0.301211 -0.490348 0.250387
v 0.316738 -0.482196 0.211997
v -0.358756 0.261096 0.444843
v -0.317355 0.262358 0.479266
v -0.312549 0.307255 0.453792
v -0.406599 0.207882 0.442282
v -0.351702 0.245310 0.467276
v -0.357776 0.204746 0.466053
v -0.235178 -0.545388 0.079144
v -0.267119 -0.535860 0.046074
v -0.235985 -0.559237 0.056797
v -0.283172 -0.549576 0.036368
v -0.286700 -0.532071 0.057414
v -0.328116 -0.517116 0.034375
v 0.447038 0.257729 0.284356
v 0.461485 0.254867 0.232270
v 0.464020 0.200141 0.277501
v 0.436258 0.194348 0.329257
v 0.484523 0.199817 0.224558
v 0.458414 0.238819 0.268331
v -0.298458 0.423432 -0.201208
v -0.322300 0.428283 -0.171531
v -0.302405 0.368439 -0.240373
v -0.317638 0.411386 -0.200499
v -0.340978 0.387739 -0.229833
v 0.381629 -0.372843 0.003179
v 0.358231 -0.399523 -0.005075
v 0.379556 -0.365777 0.032344
v 0.388496 -0.353692 -0.010864
v 0.410181 -0.317866 0.037632
v 0.366810 -0.418176 0.022952
v 0.349398 -0.366675 -0.160940
v 0.334707 -0.419849 -0.149711
v 0.323945 -0.430074 -0.187959
v 0.356370 -0.387083 -0.145108
v -0.370223 -0.510937 -0.089383
v -0.335438 -0.523257 -0.071230
v -0.374773 -0.496236 -0.118087
v -0.380313 -0.485351 -0.079094
v -0.432637 -0.465089 -0.125469
v -0.327653 -0.515066 -0.106492
v -0.515320 0.244825 0.079883
v -0.532744 0.248780 0.133586
v -0.500738 0.304475 0.115191
v -0.520205 0.225904 0.099664
v -0.507982 0.186206 0.144171
v -0.518176 0.186618 0.093432
v 0.212676 -0.566002 -0.014479
v 0.234807 -0.543680 0.018242
v 0.196254 -0.557955 0.013198
v 0.249776 -0.556337 0.033265
v 0.260672 -0.548853 0.008911
v 0.316798 -0.526788 0.032550
v 0.179432 -0.552584 0.032384
v -0.463797 0.084785 -0.267726
v -0.425280 0.119333 -0.322207
v -0.469932 0.093069 -0.333988
v -0.406860 0.149205 -0.358457
v -0.452421 0.148852 -0.321042
v -0.385668 0.187812 -0.316161
v -0.413190 0.085830 -0.361869
v 0.127007 -0.536870 0.175287
v 0.121223 -0.552194 0.141444
v 0.146234 -0.544484 0.170305
v 0.122433 -0.540183 0.127045
v 0.101685 -0.537484 0.134170
v 0.536151 0.032080 -0.019523
v 0.561026 0.045685 0.033802
v 0.573280 -0.016260 0.039895
v 0.535157 0.088822 -0.009091
v 0.506494 0.077578 -0.064535
v 0.548494 0.101027 0.042410
v 0.556976 0.053520 -0.006041
v 0.058478 0.532622 0.024378
v 0.094440 0.543887 0.023005
v 0.047745 0.541132 0.032490
v 0.091364 0.530840 0.032248
v 0.041035 -0.519035 0.032488
v 0.051632 -0.520045 0.025576
v 0.080061 -0.544790 0.033483
v 0.081819 -0.541968 0.024838
v 0.452360 -0.079510 -0.220930
v 0.479896 -0.134930 -0.231996
v 0.495405 -0.133855 -0.180814
v 0.465551 -0.096677 -0.245001
v 0.145716 0.518660 0.020993
v 0.139754 0.526404 0.034720
v 0.186788 0.488098 0.036063
v 0.130232 0.535365 0.025290
v 0.511494 -0.189008 0.082709
v 0.530157 -0.198291 0.032798
v 0.551925 -0.138507 0.032184
v 0.470566 -0.234564 0.115007
v 0.503865 -0.205511 0.065267
v 0.475205 -0.226808 0.018246
v 0.468701 -0.226777 0.068879
v 0.106640 -0.550748 0.216738
v 0.092646 -0.555142 0.263983
v 0.081575 -0.548828 0.223962
v 0.082231 -0.555332 0.290785
v 0.111840 -0.569304 0.282570
v 0.109072 -0.533123 0.331480
v 0.062061 -0.542903 0.232956
v 0.115077 0.527590 -0.072814
v 0.102013 0.530658 -0.056025
v 0.513512 -0.077758 0.195406
v 0.507886 -0.023303 0.205845
v 0.540398 -0.023073 0.162461
v 0.490194 -0.060042 0.206815
v 0.059710 0.543776 0.040991
v 0.094469 0.543416 0.042058
v 0.046293 0.533644 0.045838
v 0.040060 -0.533321 0.045608
v 0.051125 -0.520632 0.039239
v 0.090859 -0.535802 0.050512
v 0.080997 -0.542104 0.041064
v 0.317559 0.029164 0.442038
v 0.314649 -0.022918 0.460078
v 0.361224 -0.022783 0.436323
v 0.276419 0.029168 0.475025
v 0.273286 -0.021591 0.496912
v 0.302935 0.011842 0.453590
v 0.120817 -0.527823 -0.071750
v 0.124734 -0.552357 -0.063517
v 0.125474 -0.545633 -0.113212
v 0.104550 -0.565283 -0.072018
v 0.142990 -0.532993 -0.102744
v 0.169748 -0.531584 -0.093919
v -0.518440 -0.176427 0.082132
v -0.538168 -0.184201 0.133929
v -0.549561 -0.131794 0.137717
v -0.509741 -0.228564 0.090490
v -0.478242 -0.219193 0.049328
v -0.520200 -0.237192 0.145206
v -0.515525 -0.194148 0.100445
v -0.019546 0.471232 -0.298109
v 0.018762 0.480965 -0.258731
v 0.013148 0.460301 -0.290150
v 0.045386 0.491944 -0.254453
v 0.007120 0.497495 -0.245915
v 0.046431 0.438006 -0.287639
v 0.521596 0.264610 -0.019901
v 0.546634 0.209918 0.015936
v 0.515135 0.241375 -0.039365
v 0.521300 0.201770 -0.034231
v 0.343443 -0.472394 0.137033
v 0.333022 -0.475877 0.102011
v 0.356723 -0.408661 0.107380
v 0.319735 -0.482742 0.121392
v 0.296719 -0.526880 0.098901
v 0.304397 -0.525791 0.128421
v -0.243051 0.258991 -0.324268
v -0.204916 0.294310 -0.339048
v -0.201022 0.253569 -0.336920
v -0.187646 0.320485 -0.357199
v -0.208447 0.304148 -0.318954
v -0.176016 0.269979 -0.375776
v -0.017113 -0.437740 -0.379074
v 0.043897 -0.411678 -0.406349
v 0.035350 -0.453572 -0.387683
v 0.081354 -0.394387 -0.414993
v 0.027882 -0.392787 -0.415139
v 0.074036 -0.335375 -0.436002
v 0.080414 -0.441100 -0.387755
v 0.014770 0.423821 0.393778
v -0.015030 0.404139 0.461506
v 0.030861 0.414444 0.411681
v 0.031507 0.394523 0.447488
v -0.154964 0.231348 -0.422989
v -0.197765 0.228402 -0.398074
v -0.179556 0.191011 -0.452555
v -0.131594 0.190108 -0.470527
v -0.221927 0.185049 -0.421117
v -0.176667 0.219147 -0.427459
v -0.043775 -0.521695 -0.229359
v -0.019006 -0.509172 -0.224673
v -0.036145 -0.510727 -0.244655
v -0.013333 -0.492106 -0.265829
v -0.041508 -0.493597 -0.276755
v 0.142277 0.146321 -0.494154
v 0.123489 0.194718 -0.475300
v 0.089395 0.146645 -0.517685
v 0.105902 0.103924 -0.535474
v 0.084134 0.200466 -0.519614
v 0.120473 0.161562 -0.493670
v 0.365727 0.396066 0.109518
v 0.327984 0.395164 0.147747
v 0.366615 0.383540 0.148153
v 0.307040 0.409403 0.164783
v 0.312683 0.396730 0.129776
v 0.272593 0.436098 0.145663
v -0.453420 0.324928 0.149519
v -0.485886 0.302849 0.163213
v -0.448344 0.338619 0.119630
v -0.432393 0.334255 0.160278
v -0.407608 0.379419 0.123514
v -0.407543 -0.359730 0.152657
v -0.388563 -0.354335 0.186980
v -0.427583 -0.316763 0.188543
v -0.384073 -0.400596 0.115088
v -0.386293 -0.366551 0.159123
v -0.345484 -0.385886 0.178364
v -0.375061 -0.401059 0.150784
v 0.293004 0.408137 -0.132746
v 0.274052 0.404231 -0.166683
v 0.341102 0.390283 -0.117875
v 0.297710 0.395757 -0.152258
v 0.322881 0.365269 -0.147009
v 0.418499 0.242255 -0.200697
v 0.453531 0.251128 -0.162237
v 0.448282 0.191318 -0.175432
v 0.403761 0.299925 -0.195767
v 0.420807 0.259850 -0.181090
v 0.100661 -0.512913 -0.197021
v 0.129514 -0.502825 -0.189563
v 0.094741 -0.513959 -0.135277
v 0.116510 -0.492864 -0.202388
v 0.036673 0.152689 -0.549007
v 0.051419 0.095908 -0.556392
v -0.011012 0.083544 -0.535517
v 0.057806 0.134092 -0.546522
v -0.126577 -0.569545 0.076092
v -0.158121 -0.568955 0.068635
v -0.118094 -0.573336 0.061906
v -0.177213 -0.545362 0.057537
v -0.172763 -0.548614 0.075665
v 0.506881 0.011891 -0.110361
v 0.497651 -0.024550 -0.111610
v 0.523351 0.019821 -0.077578
v 0.491824 0.029007 -0.123526
v 0.523559 -0.034285 -0.064256
v 0.056930 0.541661 0.054962
v 0.043658 0.539200 0.057169
v 0.037126 -0.533484 0.054234
v 0.045855 -0.532586 0.051373
v 0.077411 -0.545100 0.059056
v -0.118312 -0.022982 -0.550127
v -0.055745 0.015015 -0.552236
v -0.061831 -0.024797 -0.549350
v -0.018698 0.024855 -0.565782
v -0.074075 0.034054 -0.542854
v -0.006782 -0.034240 -0.576584
v 0.134625 -0.526783 0.074890
v 0.193001 -0.552745 0.072958
v 0.149069 -0.548992 0.087153
v 0.187666 -0.565118 0.092958
v 0.036097 -0.196404 -0.537017
v 0.088835 -0.191423 -0.513442
v 0.081032 -0.239630 -0.501411
v 0.038009 -0.138406 -0.541060
v -0.021741 -0.145410 -0.567751
v 0.056294 -0.177017 -0.535915
v -0.233657 -0.537640 -0.094944
v -0.213070 -0.566334 -0.075432
v -0.256138 -0.535158 -0.100006
v -0.470923 -0.334177 -0.070563
v -0.475755 -0.303348 -0.125120
v -0.467259 -0.339997 -0.114990
v -0.491811 -0.294646 -0.162502
v -0.480794 -0.282618 -0.109032
v -0.464185 -0.348488 -0.168353
v -0.168914 0.133487 0.541395
v -0.167612 0.079669 0.527983
v -0.119666 0.079637 0.543037
v -0.219514 0.136499 0.531578
v -0.185382 0.116126 0.536420
v 0.050621 0.532539 0.067315
v 0.081876 0.534918 0.083183
v 0.037196 0.546885 0.073004
v 0.082566 0.513179 0.097687
v 0.031865 -0.532278 0.065055
v -0.175946 -0.192821 0.558489
v -0.127471 -0.194273 0.579844
v -0.126594 -0.135682 0.582415
v -0.156723 -0.208293 0.554006
v -0.114801 -0.252330 0.566083
v -0.163924 -0.247999 0.543112
v 0.109342 0.524641 -0.150698
v 0.111785 0.552955 -0.119447
v 0.122272 0.505174 -0.132320
v 0.113392 0.550333 -0.096890
v 0.087435 0.537873 -0.101438
v 0.140149 0.513542 -0.125567
v 0.421157 0.147741 0.395122
v 0.441178 0.131975 0.337973
v 0.423800 0.087751 0.380231
v -0.139382 0.464694 0.258719
v -0.113797 0.463604 0.268098
v -0.104734 0.452532 0.221328
v -0.184259 0.458542 0.293395
v -0.137821 0.464527 0.279783
v -0.127291 0.441897 0.307429
v -0.157297 0.444289 0.307667
v -0.391483 0.238386 -0.278670
v -0.429314 0.241353 -0.242272
v -0.422755 0.234918 -0.285041
v -0.462512 0.195129 -0.246377
v -0.435001 0.200846 -0.298533
v 0.161802 -0.506660 0.315355
v 0.136908 -0.488420 0.349900
v 0.139224 -0.524876 0.328872
v 0.116404 -0.475628 0.358048
v 0.152065 -0.470531 0.356456
v 0.141208 -0.435375 0.401771
v -0.093791 0.283528 -0.419234
v -0.053772 0.332528 -0.429890
v -0.055403 0.295052 -0.440989
v -0.017852 0.338260 -0.424203
v -0.064334 0.339236 -0.406934
v -0.014572 0.384528 -0.383667
v -0.018378 0.302957 -0.454122
v -0.065737 -0.417901 -0.440867
v -0.109701 -0.405062 -0.421189
v -0.079195 -0.421963 -0.415297
v -0.066968 -0.440455 -0.379500
v 0.139500 0.381180 -0.258283
v 0.115602 0.393827 -0.281534
v 0.103265 0.434541 -0.249425
v 0.170990 0.333848 -0.268691
v 0.133105 0.369289 -0.274275
v 0.155735 0.353825 -0.299286
v -0.371406 -0.269285 -0.260126
v -0.359403 -0.322714 -0.263701
v -0.393505 -0.330048 -0.237656
v -0.334913 -0.263448 -0.286071
v -0.358119 -0.219422 -0.292262
v -0.358575 -0.285148 -0.271739
v 0.158578 0.479360 -0.178028
v 0.123752 0.459399 -0.176470
v 0.156943 0.460154 -0.191651
v 0.155232 0.428572 -0.220385
v 0.169294 0.418780 -0.191642
v 0.413575 -0.194422 0.387725
v 0.390529 -0.244892 0.367726
v 0.418866 -0.232288 0.318674
v 0.393848 -0.213008 0.394335
v -0.119273 -0.551226 0.098319
v -0.146116 -0.546739 0.091200
v -0.113646 -0.555475 0.080841
v -0.168700 -0.562531 0.096531
v -0.161729 -0.556134 0.110008
v -0.201424 -0.534206 0.111903
v 0.330431 0.334650 0.343328
v 0.341846 0.295802 0.343778
v 0.295325 0.339830 0.345542
v 0.326253 0.342122 0.313587
v -0.314554 0.265663 -0.280084
v -0.266811 0.290969 -0.295599
v -0.278887 0.262947 -0.305849
v -0.239964 0.302436 -0.297962
v -0.276692 0.309886 -0.283852
v 0.262012 -0.506140 -0.147637
v 0.302740 -0.486111 -0.122334
v 0.273227 -0.519297 -0.123551
v 0.295548 -0.458458 -0.131944
v 0.436403 -0.268229 -0.011539
v 0.407272 -0.311378 -0.011168
v 0.396334 -0.297315 -0.041845
v 0.447424 -0.275726 0.032960
v 0.430162 -0.284873 0.003323
v 0.171219 -0.556209 0.201894
v 0.170682 -0.558561 0.221180
v 0.192453 -0.544156 0.211232
v 0.209275 -0.525261 0.267045
v 0.311696 -0.183637 -0.369213
v 0.271751 -0.184020 -0.401475
v 0.288214 -0.231519 -0.359709
v 0.290393 -0.197673 -0.372789
v -0.057816 -0.531447 0.180959
v -0.048602 -0.547340 0.189485
v -0.059255 -0.512803 0.236098
v -0.058778 -0.556983 0.140072
v -0.052107 -0.559185 0.170250
v -0.033516 -0.565310 0.143335
v -0.044786 -0.551733 0.132603
v -0.572124 -0.082032 0.081976
v -0.575846 -0.080323 0.142297
v -0.536110 -0.128100 0.082512
v -0.517705 -0.123126 0.033044
v -0.547397 -0.092925 0.102680
v 0.041019 0.537462 0.083816
v 0.064828 0.529541 0.106725
v 0.027141 0.541161 0.083566
v 0.024836 -0.537345 0.073387
v 0.034217 -0.531795 0.075071
v 0.057799 -0.535369 0.113541
v 0.059019 -0.539283 0.098109
v 0.041992 0.035725 -0.562632
v 0.099872 0.046582 -0.547738
v 0.063160 0.056840 -0.568769
v -0.138973 -0.544920 0.137966
v -0.125638 -0.557269 0.144067
v -0.121546 -0.555809 0.128654
v -0.090793 -0.569678 0.107090
v -0.097992 -0.567416 0.101322
v 0.290645 0.125521 -0.346352
v 0.328945 0.087800 -0.372410
v 0.283508 0.079167 -0.407641
v 0.330265 0.126221 -0.316336
v 0.317284 0.117018 -0.349967
v -0.144287 -0.518115 -0.199163
v -0.187667 -0.502799 -0.235020
v -0.147385 -0.520913 -0.223713
v -0.163670 -0.504790 -0.251483
v 0.061535 -0.341777 0.500562
v 0.010433 -0.309714 0.524524
v 0.017126 -0.346267 0.511125
v -0.019221 -0.295639 0.538783
v 0.036491 -0.297240 0.547586
v -0.001088 -0.245644 0.567949
v -0.033876 -0.355709 0.531786
v 0.338042 0.425162 0.073215
v 0.343885 0.421702 0.035338
v 0.295776 0.454218 0.040035
v 0.357937 0.413232 0.060558
v 0.398349 0.397427 0.036009
v 0.384841 0.383756 0.072519
v 0.016435 -0.537730 0.080651
v 0.025334 -0.536169 0.083889
v 0.041147 -0.556491 0.123420
v 0.045265 -0.536436 0.112883
v 0.142214 0.031040 0.560684
v 0.130830 -0.023530 0.568017
v 0.182506 -0.023803 0.550199
v 0.094753 0.033116 0.595351
v 0.073057 -0.022456 0.581225
v 0.126931 0.013952 0.574282
v 0.130887 -0.549653 -0.015119
v 0.148262 -0.549851 -0.000935
v 0.166037 -0.553621 -0.044245
v 0.153500 -0.550953 -0.014968
v 0.187584 -0.549396 -0.032304
v 0.233555 -0.190710 -0.440989
v 0.214007 -0.206903 -0.439825
v 0.208240 -0.235729 -0.412618
v 0.182036 -0.517793 -0.137771
v 0.156473 -0.512821 -0.142921
v 0.201051 -0.505498 -0.185464
v 0.161643 -0.520792 -0.129690
v -0.451124 -0.287415 -0.201856
v -0.430806 -0.340165 -0.205490
v -0.414532 -0.279464 -0.236608
v -0.431171 -0.300384 -0.209777
v -0.055244 0.413909 0.386220
v -0.020467 0.426477 0.393989
v -0.022635 0.421788 0.325147
v -0.090962 0.390410 0.427163
v -0.044190 0.408004 0.407840
v -0.059045 0.402951 0.449173
v -0.485097 0.357688 -0.126668
v -0.499826 0.314069 -0.126349
v -0.451361 0.364509 -0.148415
v -0.463567 0.360339 -0.100578
v -0.399830 0.385509 -0.113378
v -0.454654 -0.395786 -0.097160
v -0.466568 -0.393330 -0.054406
v -0.442890 -0.409782 -0.079608
v -0.433542 -0.431085 -0.040338
v -0.418951 -0.441263 -0.081567
v -0.265010 0.407982 0.393039
v -0.274883 0.420037 0.324776
v -0.290816 0.397354 0.350663
v -0.297043 0.432011 0.300833
v -0.257721 0.439564 0.325578
v -0.257383 0.469756 0.266480
v -0.311501 0.391777 0.322679
v -0.542040 0.255837 -0.020633
v -0.520654 0.247686 0.030691
v -0.514817 0.309354 0.018527
v -0.542847 0.234438 -0.000333
v -0.543701 0.195236 -0.006774
v 0.241655 0.464636 0.008463
v 0.257891 0.479127 -0.019687
v 0.199092 0.496231 -0.012321
v 0.267850 0.476089 0.002084
v 0.313471 0.456634 -0.032230
v 0.290897 0.438847 0.001580
v 0.222537 0.133508 -0.420606
v 0.236609 0.085241 -0.443200
v 0.255779 0.126704 -0.380463
v 0.241130 0.117496 -0.416673
v -0.035778 0.490558 0.142012
v -0.024213 0.471682 0.162177
v -0.025609 0.488760 0.131722
v -0.016909 0.471638 0.183279
v -0.029924 0.479113 0.187287
v -0.021162 0.463398 0.222410
v -0.014818 0.494602 0.146366
v 0.145026 -0.081219 0.563441
v 0.194934 -0.080790 0.547040
v 0.135247 -0.129066 0.534650
v 0.090999 -0.133142 0.564531
v 0.183030 -0.128944 0.515937
v 0.154485 -0.095107 0.540380
v 0.029530 0.529790 0.093306
v 0.049758 0.505829 0.112380
v 0.017571 0.530354 0.088225
v -0.382277 -0.470945 0.000467
v -0.385423 -0.463441 -0.042424
v -0.401031 -0.462687 -0.013138
v -0.419348 -0.427652 -0.005215
v -0.352128 -0.306742 0.438935
v -0.326637 -0.347241 0.402135
v -0.299247 -0.341570 0.439762
v -0.379198 -0.299601 0.390076
v -0.349089 -0.313785 0.406110
v -0.258234 0.479331 0.155743
v -0.271375 0.489475 0.130496
v -0.316585 0.455469 0.152570
v -0.242652 0.482480 0.139373
v -0.214142 0.488080 0.110382
v -0.206427 0.489320 0.131986
v 0.391874 0.114270 -0.279215
v 0.407703 0.086367 -0.301878
v 0.418099 0.137427 -0.260508
v 0.374125 0.131767 -0.291228
v 0.434965 0.093569 -0.257667
v 0.182543 0.480164 0.116982
v 0.143632 0.504563 0.123057
v 0.157248 0.466254 0.131886
v 0.122348 0.497481 0.127298
v 0.125220 0.503067 0.105882
v 0.157567 0.470753 0.156232
v -0.519015 0.028368 -0.120527
v -0.533532 -0.021683 -0.137094
v -0.547127 -0.022822 -0.088970
v -0.513182 0.029771 -0.172259
v -0.500115 -0.024141 -0.184114
v -0.522068 0.012087 -0.140150
v 0.016884 0.523478 0.099682
v 0.031612 0.493441 0.119803
v 0.007156 0.515963 0.088491
v 0.022575 0.498803 0.138881
v 0.007128 -0.544619 0.085701
v 0.014522 -0.544109 0.090388
v 0.021365 -0.539569 0.137531
v 0.027761 -0.544841 0.123091
v -0.527210 -0.076101 0.185109
v -0.501497 -0.074000 0.235817
v -0.541957 -0.129891 0.193988
v -0.528053 -0.092529 0.209072
v 0.040646 -0.547811 0.157598
v 0.040480 -0.548073 0.179553
v 0.053172 -0.541134 0.173794
v -0.539384 -0.187238 0.192649
v -0.492032 -0.182804 0.228764
v -0.519511 -0.203671 0.205104
v -0.500670 -0.243460 0.248785
v -0.511135 -0.239215 0.194544
v -0.302647 -0.493711 0.146931
v -0.257140 -0.506340 0.172620
v -0.288038 -0.480724 0.173695
v -0.237436 -0.497938 0.181605
v -0.245651 -0.507380 0.153259
v -0.200061 -0.518149 0.157745
v -0.264085 -0.307546 0.459303
v -0.248615 -0.337309 0.443766
v -0.297520 -0.293932 0.454539
v -0.254091 -0.294706 0.480257
v 0.350527 0.409983 -0.066110
v 0.377926 0.394672 -0.092551
v 0.367903 0.440635 -0.045587
v 0.331315 0.424624 -0.076135
v -0.066572 0.367752 0.503432
v -0.108015 0.376235 0.488604
v -0.078003 0.371798 0.477255
v -0.063687 -0.399554 0.488229
v -0.106653 -0.392985 0.474233
v -0.082514 -0.381380 0.495352
v -0.079618 -0.345795 0.511580
v 0.137745 -0.532564 0.043952
v 0.125769 -0.545007 0.032645
v 0.115202 -0.551705 0.039548
v 0.134042 -0.179587 0.522617
v 0.183592 -0.181518 0.513776
v 0.097120 -0.233888 0.528702
v 0.144733 -0.193284 0.504311
v 0.131524 -0.226264 0.491706
v 0.158816 -0.543611 0.244486
v 0.142226 -0.542203 0.273525
v 0.167093 -0.550393 0.273080
v 0.187573 -0.519657 0.294177
v 0.126948 0.243625 -0.445312
v 0.084234 0.243831 -0.480016
v 0.073562 0.294716 -0.444368
v 0.115546 0.230623 -0.466515
v 0.192065 0.376441 -0.221629
v 0.169628 0.380610 -0.243996
v 0.184301 0.357127 -0.230654
v 0.201931 0.334540 -0.248592
v 0.031025 0.350284 -0.419850
v 0.063374 0.325116 -0.388238
v 0.045914 0.362385 -0.401467
v 0.027684 0.376206 -0.365361
v 0.163313 0.310870 0.497910
v 0.106212 0.345716 0.495713
v 0.122607 0.319106 0.525362
v 0.074676 0.362842 0.494697
v 0.120640 0.360264 0.478577
v 0.069517 0.325036 0.545960
v -0.295366 0.412459 0.258038
v -0.297742 0.400207 0.277781
v -0.316940 0.372255 0.291490
v -0.482633 0.258332 0.278278
v -0.471133 0.268839 0.332437
v -0.488899 0.201072 0.298168
v -0.507150 0.196429 0.248304
v -0.481788 0.241567 0.300057
v 0.145891 0.469723 0.236878
v 0.131032 0.483445 0.230378
v -0.506631 0.132922 0.183842
v -0.526705 0.082594 0.185297
v -0.519892 0.131268 0.133759
v -0.512973 0.114260 0.166140
v -0.041207 0.514620 -0.083246
v -0.070808 0.529396 -0.103644
v -0.044529 0.506434 -0.069662
v -0.081503 0.524184 -0.109532
v -0.075268 0.529131 -0.124166
v -0.057379 0.516602 -0.066704
v -0.388558 -0.080070 0.475940
v -0.356707 -0.082582 0.537450
v -0.358336 -0.023303 0.511807
v -0.391296 -0.137839 0.479723
v -0.337814 -0.138236 0.511708
v -0.373353 -0.099501 0.491381
v 0.004603 0.510857 0.099676
v 0.010701 0.502929 0.133922
v -0.005677 0.519802 0.093901
v 0.003538 0.490603 0.128002
v -0.003645 -0.546242 0.088629
v 0.010510 -0.541694 0.130792
v 0.003301 -0.554552 0.129213
v 0.002811 -0.534894 0.098148
v -0.400874 0.034021 0.488967
v -0.391937 -0.023760 0.464612
v -0.424971 0.030577 0.430868
v -0.402172 0.013595 0.461994
v 0.030686 -0.298282 -0.478786
v -0.020078 -0.300078 -0.484859
v -0.019020 -0.247299 -0.505902
v 0.018249 -0.344872 -0.447938
v 0.011780 -0.314728 -0.471778
v 0.065325 0.481874 -0.226657
v 0.059844 0.468546 -0.243635
v 0.071764 0.435868 -0.260599
v -0.379948 0.149343 0.477508
v -0.390702 0.092753 0.485632
v -0.423722 0.147972 0.438761
v -0.397179 0.130304 0.466449
v 0.042947 0.542799 -0.152591
v 0.056852 0.530590 -0.189499
v 0.051769 0.536777 -0.136683
v 0.028365 0.552390 -0.136354
v 0.077620 0.508806 -0.180665
v 0.016541 0.014691 0.600509
v 0.024668 -0.023035 0.614666
v -0.022211 0.032617 0.591376
v 0.035775 0.034319 0.623178
v -0.023513 0.086936 0.593578
v -0.034943 -0.022661 0.591710
v -0.011896 0.514806 0.105025
v -0.004407 0.479447 0.124101
v -0.018085 0.517497 0.095578
v -0.015722 -0.542235 0.091865
v -0.009904 -0.544104 0.099524
v -0.013659 -0.553350 0.143556
v -0.005439 -0.548400 0.133212
v -0.506960 0.031020 -0.225941
v -0.495281 -0.023325 -0.236628
v -0.492636 0.032761 -0.280531
v -0.470774 -0.023751 -0.290236
v -0.489718 0.013200 -0.241626
v -0.093672 -0.544771 0.175924
v -0.113262 -0.536711 0.172381
v -0.086388 -0.567810 0.136154
v -0.104571 -0.518481 0.219704
v -0.101705 -0.522794 0.180539
v -0.111579 -0.495793 0.201042
v -0.546304 0.138570 -0.016872
v -0.566283 0.085213 -0.021971
v -0.536558 0.136113 -0.068747
v -0.548730 0.119977 -0.036123
v 0.022881 -0.512317 -0.171278
v 0.062455 -0.520604 -0.196325
v 0.046715 -0.526975 -0.166038
v 0.074186 -0.497199 -0.189855
v 0.060445 -0.510584 -0.213211
v 0.059876 -0.521379 -0.157771
v 0.032519 0.265695 0.573431
v 0.086871 0.263117 0.560347
v -0.004999 0.200404 0.577964
v 0.052692 0.245222 0.569341
v 0.048559 0.205858 0.581698
v -0.241266 0.407018 -0.243143
v -0.273951 0.417312 -0.227826
v -0.261309 0.396888 -0.249433
v -0.268740 0.360541 -0.260907
v 0.186279 -0.379350 0.412069
v 0.223126 -0.379133 0.391259
v 0.192802 -0.392057 0.393886
v 0.215671 -0.427063 0.361878
v 0.186181 -0.435029 0.392153
v 0.187950 0.333034 0.445875
v 0.200322 0.299919 0.461903
v 0.161310 0.355893 0.455812
v 0.199036 0.349596 0.430331
v 0.328495 -0.481955 0.079304
v 0.306937 -0.514714 0.069570
v 0.342395 -0.464135 0.069834
v 0.042353 -0.189425 0.575108
v 0.083512 -0.180407 0.538045
v 0.050039 -0.241570 0.556512
v 0.056155 -0.203353 0.557791
v -0.052239 0.440149 0.296411
v -0.054160 0.434442 0.333014
v -0.069830 0.431541 0.284267
v -0.039780 0.449794 0.278690
v -0.057201 0.456905 0.231451
v -0.086716 0.410104 0.332960
v 0.134539 0.258245 0.537565
v 0.180375 0.254517 0.512814
v 0.150353 0.235986 0.528070
v 0.155342 0.199674 0.551686
v -0.234663 -0.445705 0.299749
v -0.208616 -0.450307 0.320005
v -0.248460 -0.430259 0.369720
v -0.217521 -0.464511 0.296316
v -0.202063 -0.465936 0.259773
v -0.339108 0.305430 -0.249601
v -0.365588 0.289720 -0.278804
v -0.309251 0.314726 -0.258013
v -0.346183 0.325786 -0.235827
v -0.356381 -0.379523 -0.244695
v -0.375616 -0.379127 -0.201976
v -0.316325 -0.433876 -0.250345
v -0.364213 -0.401518 -0.232831
v -0.365036 -0.435231 -0.184343
v -0.351957 -0.445398 -0.233014
v 0.196860 -0.485899 0.315087
v 0.183621 -0.468337 0.336748
v 0.216116 -0.475437 0.321161
v 0.104965 -0.302524 0.499834
v 0.111576 -0.341870 0.493796
v 0.081566 -0.290240 0.526581
v 0.121766 -0.282796 0.496177
v 0.203850 -0.530021 -0.074482
v 0.171521 -0.546879 -0.068840
v 0.220566 -0.542155 -0.069566
v 0.217166 -0.523968 -0.091605
v 0.038575 0.146941 0.598989
v 0.037074 0.090267 0.602350
v -0.015410 0.140159 0.568863
v 0.017800 0.126688 0.595032
v 0.116833 -0.544473 0.025889
v 0.136299 -0.555072 0.020496
v -0.280020 0.031810 0.521854
v -0.298830 -0.021828 0.535767
v -0.243346 -0.022153 0.540043
v -0.344646 0.036423 0.526325
v -0.303858 0.016270 0.532691
v -0.025580 0.518290 0.107927
v -0.030598 0.526927 0.098985
v -0.026764 -0.548721 0.090701
v -0.022868 -0.548352 0.100328
v -0.023557 -0.564079 0.132745
v -0.288902 -0.080060 0.536010
v -0.233490 -0.078169 0.551123
v -0.289650 -0.139316 0.543406
v -0.274092 -0.097434 0.553713
v -0.087254 0.498200 -0.110297
v -0.103100 0.497594 -0.100224
v -0.081762 0.518331 -0.067569
v -0.104399 0.499450 -0.122110
v -0.134287 0.497850 -0.133762
v -0.115638 0.476830 -0.150465
v -0.180500 0.464007 -0.170571
v -0.157743 0.471711 -0.176956
v -0.168901 0.485919 -0.162022
v -0.150586 0.485603 -0.129216
v -0.069471 0.136423 0.561146
v -0.066307 0.080973 0.548165
v -0.119033 0.133135 0.546206
v -0.087158 0.116798 0.555822
v -0.068729 -0.578633 -0.125221
v -0.049457 -0.570728 -0.128636
v -0.043535 -0.561489 -0.080311
v -0.065905 -0.557895 -0.142222
v -0.053495 -0.549769 -0.170071
v -0.075844 -0.540900 -0.172036
v 0.561524 -0.081656 -0.025243
v 0.539276 -0.078396 -0.080650
v 0.559258 -0.140833 -0.025286
v 0.539521 -0.137515 -0.079732
v 0.551946 -0.098997 -0.042646
v -0.039981 0.519450 0.105577
v -0.046385 0.502135 0.135908
v -0.042667 0.524469 0.094027
v -0.062314 0.507199 0.148821
v -0.036681 -0.556936 0.087065
v -0.034492 -0.556990 0.097028
v 0.149304 -0.079023 -0.513381
v 0.090789 -0.078282 -0.518787
v 0.126080 -0.096190 -0.504890
v -0.172759 0.487926 0.044859
v -0.174000 0.495915 0.059895
v -0.139685 0.525378 0.048233
v -0.218583 0.479411 0.027475
v -0.190205 0.487937 0.051995
v -0.223171 0.476966 0.049966
v -0.355755 0.139236 -0.375900
v -0.378254 0.092778 -0.406464
v -0.305935 0.129150 -0.394733
v -0.300163 0.180625 -0.365467
v -0.349508 0.125264 -0.396870
v -0.090542 0.458157 0.272610
v -0.093798 0.452575 0.253242
v -0.079945 0.452576 0.220176
v -0.070508 -0.294662 0.535190
v -0.120539 -0.293154 0.524970
v -0.089137 -0.311620 0.526332
v 0.038958 0.416784 -0.351767
v 0.059771 0.409242 -0.330598
v 0.024736 0.434950 -0.344087
v -0.454975 -0.385186 -0.009454
v -0.445137 -0.399916 0.006309
v 0.375318 -0.353505 0.069580
v 0.390063 -0.348970 0.113500
v 0.400444 -0.342268 0.088276
v 0.401857 -0.300774 0.124473
v 0.411265 -0.311423 0.085312
v 0.150332 0.419501 0.352415
v 0.188099 0.432516 0.342177
v 0.176224 0.423946 0.368723
v 0.185233 0.391540 0.392296
v -0.266126 0.257318 0.491467
v -0.219918 0.255208 0.522326
v -0.228990 0.320688 0.508427
v -0.252550 0.237911 0.513069
v -0.258768 0.197471 0.511126
v -0.308697 0.432927 -0.029795
v -0.275873 0.449085 -0.054708
v -0.306188 0.429477 -0.061878
v -0.262801 0.460871 -0.039369
v -0.230181 -0.300970 -0.399311
v -0.230545 -0.334996 -0.383308
v -0.216937 -0.293954 -0.440789
v -0.246972 -0.281464 -0.393145
v -0.224963 -0.234006 -0.430019
v -0.126541 -0.461396 0.344718
v -0.108334 -0.476160 0.317538
v -0.150064 -0.464733 0.345865
v -0.122685 -0.451793 0.365398
v -0.165985 -0.433225 0.400352
v -0.128903 -0.484658 0.301260
v -0.231788 -0.397785 0.435654
v -0.189851 -0.394105 0.450137
v -0.209433 -0.407177 0.423294
v -0.209849 -0.443441 0.392411
v -0.488855 0.343349 0.066190
v -0.507495 0.305597 0.069123
v -0.482722 0.362024 0.037512
v -0.464953 0.348423 0.080284
v -0.177768 -0.449740 0.336666
v -0.162879 -0.460956 0.326723
v -0.150163 -0.463782 0.291401
v -0.074124 0.254034 0.562856
v -0.021703 0.259606 0.573747
v -0.031046 0.314685 0.562337
v -0.057985 0.237354 0.575641
v -0.063369 0.195947 0.577392
v -0.091693 0.489529 0.170437
v -0.103467 0.503971 0.168276
v -0.123830 0.479024 0.197290
v -0.087578 0.500187 0.155503
v -0.084048 0.520741 0.135164
v -0.070637 0.500378 0.122594
v -0.272839 0.143615 -0.436482
v -0.291756 0.099562 -0.475360
v -0.218113 0.131750 -0.450424
v -0.234830 0.089483 -0.489315
v -0.260112 0.124841 -0.453241
v -0.038698 0.521982 -0.112167
v -0.030358 0.527183 -0.077465
v -0.052445 0.517015 -0.127685
v -0.036092 0.516985 -0.130649
v 0.410404 0.032335 0.383166
v 0.407973 -0.023367 0.399145
v 0.371076 0.031565 0.425244
v 0.405669 0.014378 0.409475
v -0.053638 0.518161 0.098095
v -0.054571 0.521198 0.084488
v -0.046903 -0.560968 0.082020
v -0.065278 -0.553932 0.126259
v -0.045607 -0.567435 0.091574
v 0.267958 0.015217 -0.464098
v 0.259853 -0.022383 -0.491273
v 0.298672 0.023884 -0.441179
v 0.240700 0.028831 -0.452718
v 0.014396 0.462915 0.223456
v -0.006146 0.461133 0.195347
v -0.003207 0.449540 0.225384
v -0.001956 0.477155 0.184518
v -0.072595 0.143451 -0.509449
v -0.072104 0.087363 -0.521088
v -0.124420 0.085188 -0.499714
v -0.023456 0.151274 -0.548521
v -0.021990 0.201737 -0.494504
v -0.056806 0.126837 -0.523425
v -0.412584 -0.182760 -0.293308
v -0.455686 -0.185855 -0.262011
v -0.482168 -0.137827 -0.279960
v -0.398780 -0.225955 -0.268970
v -0.418045 -0.196398 -0.274926
v 0.053613 -0.554859 -0.087615
v 0.066644 -0.564748 -0.096899
v 0.057552 -0.524361 -0.097981
v 0.546849 0.032956 0.089662
v 0.550768 -0.023005 0.103041
v 0.528405 0.031451 0.142856
v 0.536622 0.087286 0.144169
v 0.550082 0.014510 0.111429
v -0.065855 0.520691 0.089680
v -0.087217 0.511988 0.114020
v -0.063978 0.526098 0.076454
v -0.093464 0.525104 0.112633
v -0.054271 -0.566390 0.073793
v -0.057657 -0.563978 0.085979
v -0.085073 -0.568140 0.113280
v -0.183882 0.034972 -0.522134
v -0.176716 -0.023963 -0.537214
v -0.226040 -0.023879 -0.512471
v -0.128289 0.033811 -0.525989
v -0.163917 0.014507 -0.518405
v 0.063774 0.530244 -0.115654
v 0.070378 0.540187 -0.140191
v 0.089973 0.513152 -0.163027
v -0.365520 -0.191391 0.461328
v -0.328066 -0.195896 0.501742
v -0.347585 -0.245732 0.453236
v -0.355660 -0.214711 0.479151
v -0.050719 -0.528561 0.296347
v -0.038240 -0.528944 0.276295
v -0.040606 -0.532167 0.240051
v -0.234298 0.225006 -0.370161
v -0.272598 0.231142 -0.352138
v -0.249638 0.206680 -0.366521
v -0.251928 0.169991 -0.383420
v 0.211216 -0.485258 -0.230603
v 0.180541 -0.504275 -0.211740
v 0.239926 -0.473875 -0.226792
v 0.211480 -0.462657 -0.244988
v 0.111928 -0.375867 -0.378051
v 0.100589 -0.428083 -0.352731
v 0.143766 -0.380784 -0.355287
v 0.128920 -0.435955 -0.335412
v 0.112124 -0.386125 -0.352834
v 0.335688 -0.395473 -0.256188
v 0.309017 -0.445611 -0.232271
v 0.352568 -0.385129 -0.206053
v 0.341913 -0.414599 -0.235430
v -0.036543 -0.483026 -0.312950
v -0.016549 -0.470383 -0.317072
v -0.047420 -0.483079 -0.335295
v 0.298612 -0.332774 0.367391
v 0.271239 -0.300300 0.412995
v 0.266735 -0.333950 0.396881
v 0.255796 -0.288479 0.445354
v 0.285232 -0.280825 0.403259
v 0.109219 0.467835 -0.197576
v 0.109416 0.483091 -0.182185
v -0.504515 0.247766 0.177601
v -0.488447 0.249486 0.226846
v -0.503153 0.229300 0.196670
v -0.514830 0.190759 0.193264
v 0.258616 -0.478387 -0.178272
v 0.227704 -0.494652 -0.161841
v 0.283625 -0.463978 -0.167086
v 0.265461 -0.471398 -0.197075
v -0.176633 0.358388 0.501801
v -0.174959 0.314490 0.513508
v -0.203028 0.380935 0.483433
v -0.153825 0.372435 0.489898
v -0.171505 0.402349 0.417170
v -0.144820 -0.384788 0.452543
v -0.122492 -0.416845 0.412241
v -0.128732 -0.404470 0.451561
v -0.336707 0.420829 -0.139640
v -0.347788 0.411815 -0.105880
v -0.357563 0.413185 -0.135923
v -0.385763 0.390497 -0.153766
v -0.484181 -0.305415 0.156890
v -0.453179 -0.329054 0.155031
v -0.508973 -0.291833 0.127961
v -0.491119 -0.291738 0.175123
v 0.238258 0.466580 0.064710
v 0.220868 0.459996 0.082202
v 0.258638 0.425355 0.086023
v 0.217622 0.466254 0.067211
v 0.187245 0.480386 0.056858
v 0.489284 -0.184171 -0.124439
v 0.486216 -0.190129 -0.177751
v 0.456993 -0.232636 -0.123817
v 0.463365 -0.229513 -0.077263
v 0.453548 -0.241003 -0.176160
v 0.486457 -0.207276 -0.140075
v 0.021006 0.483449 0.181515
v 0.008032 0.483381 0.173785
v 0.017321 0.468640 0.153049
v -0.466697 0.034417 -0.333898
v -0.465101 -0.025657 -0.349838
v -0.443961 0.036803 -0.392724
v -0.462661 0.016192 -0.356096
v -0.077486 0.534634 0.083030
v -0.100866 0.520359 0.103320
v -0.072235 0.527135 0.068349
v -0.064129 -0.562100 0.066859
v -0.071503 -0.553144 0.077210
v -0.453903 -0.081348 -0.327252
v -0.489887 -0.080010 -0.283810
v -0.431453 -0.132207 -0.308056
v -0.461930 -0.099278 -0.310330
v 0.103053 0.503015 0.136341
v 0.125961 0.503548 0.143957
v 0.146192 0.486656 0.167647
v 0.240601 0.136705 0.509594
v 0.233393 0.081576 0.500927
v 0.194215 0.138434 0.534556
v 0.217338 0.118491 0.506025
v -0.143502 0.466088 -0.222786
v -0.166815 0.463734 -0.258664
v -0.124356 0.477481 -0.226471
v -0.143280 0.470080 -0.199642
v -0.140328 0.456386 -0.279810
v 0.080893 -0.561211 -0.096607
v 0.092557 -0.553270 -0.082238
v 0.094742 -0.534629 -0.098138
v 0.116694 -0.535274 -0.129651
v -0.076727 -0.076606 0.596122
v -0.020334 -0.079995 0.615914
v -0.072277 -0.136733 0.592040
v -0.016506 -0.137299 0.602365
v -0.056999 -0.097335 0.602268
v -0.084606 0.525950 0.068938
v -0.112159 0.510736 0.083026
v -0.078722 0.529160 0.057213
v -0.129413 0.516895 0.073115
v -0.073230 -0.551859 0.056872
v -0.079635 -0.554314 0.065910
v -0.088330 0.012133 0.556848
v -0.090175 -0.018470 0.588155
v -0.122538 0.029804 0.549743
v -0.068424 0.027959 0.554166
v -0.139373 -0.020442 0.563934
v -0.159333 0.498305 0.106759
v -0.174185 0.498425 0.121028
v 0.476542 0.143868 0.294287
v 0.478151 0.085919 0.294532
v 0.499390 0.085951 0.245638
v 0.474605 0.124941 0.312579
v 0.245734 -0.544021 0.110759
v 0.249387 -0.535077 0.083555
v 0.228529 -0.555382 0.097067
v -0.405899 -0.334315 0.273154
v -0.437894 -0.294039 0.236439
v -0.418147 -0.326956 0.233332
v -0.456645 -0.275287 0.212738
v -0.441907 -0.281255 0.257604
v 0.259849 0.419496 0.259387
v 0.276325 0.398649 0.258499
v 0.300461 0.380471 0.282243
v 0.469287 0.317716 0.136910
v 0.416310 0.331352 0.180003
v 0.449501 0.306330 0.184714
v 0.407980 0.357758 0.207686
v 0.412836 0.348576 0.161585
v -0.229824 -0.386045 -0.356224
v -0.259924 -0.378325 -0.325989
v -0.230350 -0.396971 -0.331964
v -0.260863 -0.439865 -0.307282
v -0.224342 -0.441634 -0.330358
v -0.317563 -0.455995 0.177990
v -0.342053 -0.446918 0.166231
v -0.316937 -0.435898 0.189744
v 0.130605 -0.288715 -0.436557
v 0.119879 -0.330374 -0.405329
v 0.162739 -0.275951 -0.398743
v 0.140704 -0.299809 -0.416260
v 0.231966 0.431697 0.114829
v 0.264046 0.418109 0.115117
v 0.217901 0.432074 0.129294
v 0.220499 0.445739 0.102616
v 0.459909 -0.188220 0.287455
v 0.491095 -0.191354 0.240071
v 0.446046 -0.239608 0.268452
v 0.453121 -0.233107 0.213002
v 0.480610 -0.213055 0.272910
v 0.446400 0.357530 -0.011640
v 0.449020 0.361575 0.035583
v 0.486810 0.315111 0.037293
v 0.398884 0.394777 -0.007270
v 0.444836 0.387464 0.006034
v 0.366229 0.339740 -0.175052
v 0.384991 0.354206 -0.137864
v 0.362064 0.354759 -0.158610
v 0.016448 -0.469045 -0.327176
v 0.042281 -0.465078 -0.274705
v 0.004348 -0.476648 -0.308280
v 0.010935 -0.479587 -0.269956
v 0.500739 0.256732 0.084394
v 0.513147 0.261787 0.033374
v 0.525177 0.204909 0.125993
v 0.518804 0.244258 0.068161
v 0.543813 0.209907 0.076941
v -0.272136 -0.528685 0.117594
v -0.292796 -0.524366 0.088933
v -0.288398 -0.507182 0.104829
v -0.338649 -0.488907 0.091373
v -0.320085 -0.490544 0.118332
v 0.460414 -0.188767 -0.225161
v 0.427893 -0.188294 -0.266921
v 0.433740 -0.238925 -0.222943
v 0.441723 -0.203219 -0.234469
v 0.141298 0.519148 -0.014105
v 0.137471 0.529328 -0.029440
v 0.164305 0.536931 -0.021227
v 0.184471 0.497536 -0.037296
v -0.538115 0.030434 0.189181
v -0.548938 -0.022589 0.182243
v -0.550605 0.033370 0.136792
v -0.553529 0.015522 0.174921
v -0.096967 0.540726 0.051377
v -0.121850 0.513637 0.061806
v -0.083992 0.531173 0.044124
v -0.080935 -0.540289 0.044750
v -0.086383 -0.552833 0.054122
v -0.511551 -0.077718 -0.231023
v -0.521330 -0.076257 -0.176534
v -0.511697 -0.135019 -0.231042
v -0.523802 -0.094007 -0.216073
v -0.176290 0.511759 0.072263
v -0.171543 0.514373 0.089419
v -0.187539 0.500665 0.084798
v -0.220521 0.488199 0.089848
v 0.441254 0.136316 -0.214749
v 0.451141 0.081123 -0.215373
v 0.465210 0.133694 -0.169870
v 0.457242 0.116199 -0.201649
v -0.248999 0.478398 0.210620
v -0.268187 0.451346 0.228765
v -0.260679 0.491307 0.190751
v -0.225317 0.477083 0.205477
v 0.342434 -0.302870 0.351594
v 0.327776 -0.329808 0.327705
v 0.320284 -0.280035 0.370869
v 0.358510 -0.285192 0.341842
v -0.105239 0.382461 -0.357713
v -0.048418 0.419344 -0.354306
v -0.061163 0.383519 -0.371580
v -0.020895 0.420750 -0.331555
v -0.058388 0.428763 -0.335046
v -0.129763 0.523922 0.039265
v -0.089883 0.544496 0.030154
v -0.127652 0.519254 0.031856
v -0.100346 0.541276 0.037689
v -0.080757 -0.543378 0.032570
v -0.089776 -0.551097 0.039118
v -0.549450 -0.080157 -0.020302
v -0.535224 -0.070476 0.032711
v -0.516002 -0.125648 -0.015960
v -0.524483 -0.129140 -0.064676
v -0.534420 -0.092772 -0.001894
v -0.069595 0.474507 0.195883
v -0.078666 0.484572 0.188839
v -0.057311 0.483462 0.184670
v -0.489802 -0.168577 -0.011487
v -0.507340 -0.172833 0.029916
v -0.490256 -0.217637 -0.003147
v -0.468408 -0.218572 -0.048509
v -0.465254 -0.180230 0.007944
v -0.201203 0.478839 0.249975
v -0.217964 0.453137 0.278466
v -0.204101 0.469396 0.219835
v -0.179306 0.474134 0.237930
v -0.490634 -0.296077 0.060694
v -0.489277 -0.274533 0.031130
v -0.495820 -0.280053 0.077185
v -0.125577 0.427369 0.380151
v -0.089889 0.427362 0.387709
v -0.117557 0.422593 0.402107
v -0.131064 0.395551 0.432189
v -0.298609 -0.396503 0.347620
v -0.279332 -0.429520 0.337332
v -0.300411 -0.386811 0.369212
v -0.315234 0.358938 0.388816
v -0.288912 0.358875 0.434427
v -0.336528 0.310950 0.418502
v -0.373399 0.316807 0.377614
v -0.321255 0.354155 0.418811
v -0.366562 0.433751 -0.075387
v -0.364838 0.406575 -0.037208
v -0.379257 0.405495 -0.064475
v -0.419640 0.401446 -0.079733
v 0.419986 -0.290192 0.267375
v 0.397231 -0.342549 0.263360
v 0.399947 -0.293119 0.313777
v 0.416861 -0.314745 0.282682
v 0.196372 0.448218 -0.129501
v 0.220971 0.431964 -0.157577
v 0.177476 0.460943 -0.128119
v 0.489774 0.134987 -0.125636
v 0.495117 0.079981 -0.126885
v 0.520695 0.139359 -0.081386
v 0.494996 0.117956 -0.108175
v -0.138965 -0.578710 -0.039797
v -0.111198 -0.562169 -0.018139
v -0.143899 -0.566134 -0.053372
v -0.160957 -0.557621 -0.046818
v -0.106695 -0.555421 -0.026514
v -0.567006 0.030944 -0.024937
v -0.568943 -0.024276 -0.036608
v -0.549824 0.029645 -0.076604
v -0.552301 0.012382 -0.040174
v 0.115025 -0.390459 0.460555
v 0.154250 -0.388949 0.442402
v 0.076270 -0.435923 0.449374
v 0.120958 -0.400447 0.437728
v 0.104274 -0.434988 0.424807
v -0.359157 0.410815 0.135499
v -0.346853 0.409471 0.167608
v -0.372001 0.404437 0.153863
v -0.386937 0.366029 0.153650
v -0.494382 -0.294863 -0.031289
v -0.473750 -0.331050 -0.023426
v -0.473318 -0.275316 -0.060415
v -0.480248 -0.273457 -0.014243
v 0.138892 -0.505492 -0.142009
v 0.146039 -0.507620 -0.165017
v 0.503534 -0.178550 -0.021462
v 0.501982 -0.183912 -0.072842
v 0.494770 -0.197690 -0.037586
v 0.474177 -0.230749 -0.028175
v 0.115857 0.527800 -0.030879
v 0.349036 -0.082898 -0.411778
v 0.331972 -0.131513 -0.374344
v 0.377877 -0.078418 -0.362911
v 0.359512 -0.103002 -0.395124
v -0.098626 0.535111 0.022213
v -0.122189 0.503341 0.023930
v -0.085960 0.533611 0.017959
v -0.084692 -0.531014 0.018790
v -0.092579 -0.541525 0.025316
v -0.122560 -0.569623 0.024214
v 0.343382 0.037496 -0.406570
v 0.321425 0.011907 -0.412731
v 0.337243 -0.023542 -0.418624
v 0.029278 -0.533512 0.298457
v 0.013858 -0.521939 0.315041
v 0.223371 -0.178654 0.481152
v 0.269353 -0.180098 0.459660
v 0.281670 -0.132003 0.484923
v 0.224019 -0.228598 0.460584
v 0.235997 -0.195143 0.468054
v 0.204605 0.450301 0.153162
v 0.198172 0.460915 0.175245
v 0.187011 0.457948 0.152608
v 0.370868 0.248198 0.354071
v 0.412103 0.253643 0.322787
v 0.399795 0.201466 0.374476
v 0.370627 0.214409 0.411393
v 0.389976 0.231162 0.346874
v -0.353625 -0.448624 0.134589
v -0.373064 -0.458509 0.107077
v -0.334908 -0.453077 0.114471
v -0.296974 -0.377005 -0.302523
v -0.331146 -0.378525 -0.279997
v -0.306421 -0.396881 -0.291523
v -0.284971 -0.432600 -0.277091
v -0.537611 -0.076504 -0.125594
v -0.542363 -0.076799 -0.072584
v -0.541048 -0.134887 -0.118511
v -0.547999 -0.097250 -0.106494
v -0.186235 0.476000 0.012122
v -0.222636 0.478753 0.006856
v -0.170737 0.482443 0.019518
v -0.513362 0.140855 0.296838
v -0.497501 0.080958 0.289172
v -0.506809 0.137626 0.236788
v -0.509716 0.121994 0.275667
v -0.130634 -0.481524 0.224263
v -0.137284 -0.487313 0.247085
v 0.416684 -0.289723 -0.195298
v 0.378681 -0.325168 -0.176766
v 0.428388 -0.287167 -0.146163
v 0.402256 -0.295680 -0.172713
v -0.106538 -0.482168 -0.307006
v -0.086355 -0.490102 -0.336046
v -0.122200 -0.468909 -0.319586
v 0.194255 0.305517 -0.330132
v 0.202442 0.277235 -0.356734
v 0.202581 0.305951 -0.297787
v 0.169049 0.308306 -0.322453
v -0.270297 0.361980 0.468324
v -0.274574 0.323086 0.488528
v -0.247404 0.378248 0.462865
v -0.123430 0.417654 -0.317305
v -0.154519 0.409255 -0.298474
v -0.137264 0.395882 -0.316484
v -0.140893 0.365268 -0.336863
v 0.415802 -0.288525 -0.078496
v 0.391115 -0.309487 -0.077971
v 0.430307 -0.271951 -0.056121
v 0.415397 -0.266670 -0.098904
v -0.039148 0.497649 -0.265683
v -0.053178 0.485874 -0.306516
v -0.020131 0.501774 -0.247831
v -0.050684 0.509266 -0.244728
v -0.483239 0.137653 -0.214172
v -0.497310 0.083786 -0.221288
v -0.476960 0.142748 -0.270569
v -0.498531 0.122487 -0.238825
v -0.181747 -0.574359 0.019931
v -0.159681 -0.572536 0.025974
v 0.036661 -0.079828 0.595239
v 0.017121 -0.061825 0.606283
v -0.117109 0.500251 0.000173
v -0.081686 0.533528 0.006002
v -0.072544 -0.559161 0.010305
v -0.087328 -0.552248 0.011943
v -0.283242 -0.496455 -0.207352
v -0.254770 -0.490238 -0.169401
v -0.275307 -0.471156 -0.226643
v -0.299580 -0.471648 -0.201000
v 0.435496 -0.270967 0.079082
v 0.426105 -0.266364 0.120862
v 0.415346 -0.277155 0.091685
v 0.176092 0.452388 0.196372
v 0.199566 0.455213 0.199085
v 0.218600 0.439011 0.225940
v -0.475513 -0.180892 0.279316
v -0.469955 -0.180467 0.333470
v -0.478721 -0.243086 0.291842
v -0.488595 -0.199254 0.305478
v -0.114828 -0.561101 0.138027
v -0.124705 -0.554291 0.161360
v 0.042502 -0.082941 -0.552303
v 0.043610 -0.024727 -0.559780
v 0.059983 -0.063042 -0.546798
v -0.088209 0.530331 -0.004822
v -0.113648 0.513476 -0.020642
v -0.072512 0.526231 -0.004134
v -0.063983 -0.566595 0.001270
v -0.078055 -0.568510 0.001197
v 0.427044 -0.079781 0.399854
v 0.461999 -0.077939 0.351077
v 0.434715 -0.137093 0.388871
v 0.446249 -0.098155 0.386766
v -0.127124 -0.581169 -0.095191
v -0.118058 -0.574046 -0.115525
v -0.135220 -0.570769 -0.115059
v -0.493982 -0.174772 -0.113254
v -0.484829 -0.168693 -0.062675
v -0.492953 -0.227725 -0.098312
v -0.514268 -0.196403 -0.090489
v -0.274905 0.483025 0.103057
v -0.254542 0.474388 0.092846
v -0.463646 0.248296 -0.206292
v -0.505095 0.254481 -0.169938
v -0.480970 0.232605 -0.195683
v -0.479959 0.193529 -0.201244
v -0.326262 -0.491043 -0.148668
v -0.303053 -0.514813 -0.125970
v -0.332959 -0.494979 -0.184083
v -0.341407 -0.464353 -0.137275
v -0.413770 -0.391572 -0.177728
v -0.423238 -0.390683 -0.133453
v -0.424708 -0.418099 -0.169908
v -0.396199 -0.448147 -0.159426
v 0.433945 0.352234 0.079543
v 0.419606 0.360445 0.119687
v 0.426432 0.376912 0.092756
v -0.146628 -0.573513 -0.068643
v -0.137325 -0.583008 -0.084952
v -0.103405 -0.561692 -0.047434
v -0.159003 -0.576798 -0.091313
v 0.517891 0.142554 -0.018756
v 0.549663 0.149932 0.031023
v 0.552296 0.128596 -0.008554
v -0.302176 -0.559543 0.014324
v -0.310315 -0.534635 -0.004068
v -0.334680 -0.504111 0.000901
v -0.431183 0.263048 0.370478
v -0.393065 0.260837 0.406697
v -0.421502 0.242374 0.386980
v -0.422533 0.200221 0.380577
v -0.222580 -0.463126 -0.237625
v -0.210018 -0.492155 -0.212404
v -0.218616 -0.467668 -0.269729
v -0.246970 -0.469605 -0.250119
v 0.255309 -0.376776 0.362689
v 0.293470 -0.384800 0.344132
v 0.259357 -0.391346 0.345100
v 0.250275 -0.433240 0.345585
v 0.169976 -0.360939 -0.326266
v 0.158947 -0.383173 -0.332461
v 0.165336 -0.426194 -0.326403
v 0.248992 -0.489417 0.269431
v 0.238977 -0.526324 0.247593
v 0.243813 -0.476363 0.297001
v 0.267977 -0.476938 0.270702
v -0.388448 -0.291098 0.316801
v -0.383594 -0.337449 0.314850
v -0.426900 -0.289212 0.303355
v -0.410584 -0.299797 0.349040
v -0.268893 0.454849 0.003820
v -0.270965 0.451840 0.030228
v -0.288557 0.451053 0.011606
v -0.318075 0.426473 0.001488
v 0.553347 0.148848 0.090388
v 0.550381 0.090110 0.091493
v 0.530528 0.144060 0.141167
v 0.544974 0.127430 0.107685
v 0.105707 -0.543823 -0.025877
v 0.115715 -0.552129 -0.022302
v 0.121824 -0.550158 -0.039139
v -0.181822 -0.074729 0.570522
v -0.130281 -0.074010 0.585404
v -0.184330 -0.137329 0.584521
v -0.164778 -0.093651 0.578492
v -0.071651 0.546420 -0.015928
v -0.064048 -0.540694 -0.012477
v -0.073088 -0.553448 -0.013109
v -0.099401 -0.568907 -0.033205
v -0.172620 0.030843 0.544480
v -0.186117 -0.023296 0.542400
v -0.223964 0.030345 0.530181
v -0.189397 0.010982 0.529386
v -0.304819 0.221728 -0.320771
v -0.345770 0.223651 -0.294118
v -0.327758 0.208525 -0.319603
v -0.342260 0.186504 -0.346609
v 0.006980 -0.510498 -0.224319
v -0.000530 -0.527651 -0.213401
v 0.003185 -0.536514 -0.179101
v -0.326591 -0.169373 -0.341693
v -0.369644 -0.177690 -0.318164
v -0.337603 -0.189320 -0.327270
v -0.321753 -0.217241 -0.318407
v -0.117040 0.500372 -0.091470
v -0.103241 0.508099 -0.081647
v -0.082135 0.510602 -0.052206
v 0.326014 -0.076969 0.454506
v 0.378753 -0.078124 0.434179
v 0.334286 -0.134495 0.467226
v 0.344315 -0.095296 0.447895
v -0.070409 0.536239 -0.027621
v -0.060934 0.546952 -0.024075
v -0.051557 -0.551176 -0.018712
v -0.087187 -0.563341 -0.048663
v -0.062891 -0.555191 -0.022822
v 0.536813 -0.078651 0.086251
v 0.562783 -0.080062 0.032635
v 0.527688 -0.130905 0.084378
v 0.532429 -0.136141 0.141717
v 0.560309 -0.099028 0.072702
v -0.119598 0.501745 0.155121
v -0.123937 0.494744 0.171161
v -0.142652 0.501114 0.203546
v -0.183012 0.148001 -0.496759
v -0.182953 0.090912 -0.513007
v -0.130190 0.146079 -0.515819
v -0.164328 0.127426 -0.506948
v 0.042726 -0.550191 0.281760
v 0.042233 -0.558059 0.241865
v 0.054761 -0.543591 0.297293
v 0.293053 0.240029 0.413751
v 0.340182 0.253263 0.394941
v 0.317510 0.229224 0.415085
v 0.327427 0.197961 0.435608
v 0.337876 -0.477683 0.008219
v 0.308494 -0.506332 0.000614
v 0.346787 -0.463043 0.030315
v 0.334714 -0.451510 -0.001783
v -0.492104 0.344939 -0.029910
v -0.501173 0.304094 -0.026122
v -0.478806 0.364241 -0.058067
v -0.483529 0.362425 -0.010988
v -0.389426 0.340114 0.313638
v -0.404047 0.306394 0.334406
v -0.390562 0.348259 0.279055
v -0.363381 0.347380 0.317162
v -0.359566 -0.472612 0.054381
v -0.328439 -0.492768 0.060689
v -0.373413 -0.475634 0.035594
v -0.375061 -0.459926 0.068243
v -0.275268 -0.189038 -0.436448
v -0.301052 -0.177754 -0.386230
v -0.258370 -0.226996 -0.394420
v -0.279929 -0.199536 -0.409158
v -0.209502 -0.492696 0.194861
v -0.189373 -0.481748 0.206244
v -0.189489 -0.488621 0.183813
v -0.175000 -0.519079 0.166945
v 0.443761 -0.284518 0.165838
v 0.403145 -0.317615 0.160304
v 0.421311 -0.279335 0.215205
v 0.425974 -0.295607 0.179377
v 0.352873 0.435450 0.002565
v 0.371072 0.424954 -0.014674
v 0.370319 -0.361349 0.154065
v 0.381820 -0.341854 0.141913
v -0.374899 -0.358642 0.224393
v -0.363046 -0.366283 0.261594
v -0.354998 -0.367802 0.230057
v -0.337842 -0.393526 0.213825
v -0.171777 -0.483827 -0.282776
v -0.150996 -0.451378 -0.298708
v -0.187578 -0.469945 -0.289534
v 0.477007 0.254936 0.183277
v 0.489563 0.255789 0.133886
v 0.487599 0.236327 0.167348
v 0.485089 0.195325 0.171635
v 0.260407 -0.557236 0.054179
v 0.236534 -0.560837 0.047079
v 0.194670 -0.522569 0.051264
v 0.494613 -0.187584 0.185004
v 0.509848 -0.192422 0.134641
v 0.492027 -0.207209 0.164532
v 0.461060 -0.231940 0.164661
v 0.064654 -0.539110 0.143931
v 0.068174 -0.549588 0.164715
v 0.079375 -0.545061 0.156500
v 0.237791 -0.077517 0.514031
v 0.287963 -0.076964 0.494800
v 0.232652 -0.131875 0.504489
v 0.249684 -0.094351 0.497799
v -0.054830 0.528145 -0.033753
v -0.066779 0.516783 -0.063248
v -0.046159 0.540506 -0.028144
v -0.038792 -0.556863 -0.021528
v -0.049354 -0.564960 -0.027231
v 0.238172 0.029310 0.511349
v 0.217998 -0.023885 0.501621
v 0.186613 0.029721 0.528269
v 0.214908 0.011767 0.508820
v -0.028745 -0.539384 0.188587
v -0.036242 -0.530752 0.202481
v 0.243686 -0.545107 -0.052430
v 0.220423 -0.548946 -0.053094
v -0.071115 -0.195638 0.594415
v -0.012254 -0.194431 0.594811
v -0.057842 -0.244525 0.562926
v -0.051499 -0.204357 0.568676
v 0.036667 -0.539937 0.201758
v 0.023940 -0.542863 0.184961
v -0.181725 -0.081503 -0.509278
v -0.227054 -0.073308 -0.472219
v -0.175017 -0.131484 -0.482951
v -0.126762 -0.133958 -0.506127
v -0.220952 -0.126586 -0.453417
v -0.192871 -0.094111 -0.485386
v -0.042312 0.539993 -0.041711
v -0.031009 0.535176 -0.032057
v -0.026582 -0.564698 -0.023278
v -0.036824 -0.555749 -0.034474
v -0.050738 -0.555086 -0.068503
v 0.504664 0.030690 0.192264
v 0.504530 0.085616 0.190505
v 0.521199 0.049018 0.178482
v 0.129723 0.530642 0.040569
v 0.148205 0.518917 0.047429
v -0.173259 -0.184104 -0.469706
v -0.218816 -0.181651 -0.447365
v -0.174592 -0.233218 -0.445665
v -0.184425 -0.197264 -0.450020
v 0.265194 0.485341 -0.043500
v 0.297127 0.472910 -0.065696
v 0.243065 0.491566 -0.047963
v -0.147249 -0.312179 -0.452439
v -0.154818 -0.352742 -0.447482
v -0.162756 -0.290820 -0.448496
v -0.209692 0.426711 0.370879
v -0.215320 0.393609 0.402668
v -0.221990 0.426512 0.340268
v -0.186938 0.421280 0.354003
v 0.012864 0.350483 0.518622
v 0.019971 0.318601 0.544023
v -0.018957 0.344428 0.500762
v 0.028291 0.374856 0.511026
v 0.030578 -0.405705 0.495939
v 0.073891 -0.397282 0.481091
v 0.032980 -0.446768 0.452645
v 0.047156 -0.426764 0.490492
v -0.371950 0.410476 0.064870
v -0.374135 0.420126 0.105417
v -0.388223 0.404256 0.081996
v -0.418499 0.382432 0.083343
v 0.032017 0.256773 -0.486597
v 0.035694 0.211781 -0.526807
v 0.051965 0.243853 -0.501036
v -0.132823 0.310027 -0.384827
v -0.140555 0.279250 -0.401145
v -0.103836 0.328564 -0.386560
v -0.139133 0.316666 -0.361487
v -0.094534 -0.494609 0.250219
v -0.080111 -0.509557 0.222878
v -0.115509 -0.489316 0.258944
v -0.094268 -0.493949 0.270204
v 0.078779 0.391926 -0.292620
v 0.079985 0.391934 -0.319709
v 0.094091 -0.477125 -0.289303
v 0.071682 -0.479772 -0.256859
v 0.116816 -0.452404 -0.288805
v 0.089560 -0.474015 -0.312674
v 0.093266 -0.479862 0.388571
v 0.097877 -0.490823 0.367838
v 0.081758 -0.520992 0.346357
v -0.074691 0.261403 -0.488741
v -0.018794 0.266105 -0.485395
v -0.055051 0.275315 -0.477289
v 0.002013 0.442565 0.277443
v 0.027864 0.448086 0.277787
v 0.014256 0.435326 0.295055
v 0.010147 0.423105 0.331225
v 0.503008 0.141791 0.188013
v 0.494988 0.142340 0.243041
v 0.500847 0.123342 0.206789
v 0.000964 -0.548387 0.189905
v 0.009890 -0.537133 0.177420
v 0.002594 -0.554720 0.167358
v 0.510582 -0.075809 -0.128486
v 0.496827 -0.072812 -0.180132
v 0.523266 -0.135953 -0.133707
v 0.497370 -0.095956 -0.142252
v -0.021180 0.523578 -0.043266
v -0.023031 -0.561914 -0.035280
v -0.030465 -0.558581 -0.072733
v -0.079451 -0.084516 -0.559188
v -0.129521 -0.081235 -0.528492
v -0.075160 -0.136842 -0.528594
v -0.096025 -0.101844 -0.541253
v 0.028298 -0.553907 -0.124339
v 0.011340 -0.542339 -0.123166
v 0.016591 -0.563635 -0.106893
v -0.077403 -0.192541 -0.517672
v -0.125975 -0.187181 -0.492681
v -0.070861 -0.242218 -0.490222
v -0.091865 -0.206934 -0.502406
v -0.032004 -0.572395 -0.132332
v -0.039416 -0.561454 -0.108866
v 0.416525 -0.272764 -0.218683
v -0.186839 -0.476452 0.228992
v 0.119485 0.436072 0.363699
v 0.094186 0.453632 0.367363
v -0.008020 -0.567078 0.213514
v -0.015599 -0.543896 0.190915
v -0.007451 0.453914 0.260975
v -0.018365 0.438088 0.266275
v 0.053359 -0.276489 0.543334
v -0.151920 0.418933 0.355055
v -0.168241 0.437272 0.344368
v 0.368881 0.153916 0.419768
v 0.345674 0.161287 0.448028
v 0.159640 0.503070 0.055016
v -0.418505 0.352248 0.171933
v 0.290628 0.429997 -0.122761
v 0.302654 0.421689 -0.099903
v 0.312294 0.437106 -0.082450
v -0.017780 0.516984 -0.133647
v -0.032722 0.522261 -0.151733
v -0.040290 0.510480 -0.185828
v 0.085462 -0.512455 -0.182332
v 0.074252 -0.517074 -0.149075
v -0.563178 -0.060924 0.065422
v 0.499664 0.276315 -0.001601
v 0.491030 0.318232 -0.014000
v 0.282161 0.417025 0.177173
v 0.246584 0.421342 0.166566
v -0.254411 0.157850 0.524457
v 0.012180 0.330484 -0.428253
v 0.025452 0.314589 -0.469268
v -0.226157 -0.374500 -0.379002
v 0.511480 -0.133790 0.192633
v 0.519810 -0.096134 0.177622
v 0.522806 -0.078554 0.140604
v 0.493944 -0.177183 -0.219596
v -0.517849 -0.158686 0.064836
v 0.124158 0.296449 -0.419620
v 0.145938 0.264221 -0.435571
v -0.138469 -0.454711 -0.327829
v -0.414062 0.363285 -0.160033
v -0.154203 0.486698 -0.073982
v -0.177367 0.471203 -0.093796
v -0.150989 0.500616 -0.056226
v -0.450250 -0.273104 0.282115
v -0.009763 0.527314 -0.115635
v -0.347573 0.421486 0.119688
v -0.312723 0.438428 0.118976
v -0.377487 -0.437303 0.079644
v -0.391919 -0.402700 0.073935
v -0.059984 -0.176735 -0.529582
v -0.017979 -0.192382 -0.522761
v -0.088763 0.430798 -0.318129
v -0.064920 0.439613 -0.315674
v -0.094857 0.164355 -0.518231
v -0.087396 0.205203 -0.511173
v -0.258105 -0.438134 -0.241385
v -0.148575 0.260835 -0.435941
v -0.122812 0.251181 -0.463089
v 0.148234 -0.490596 -0.180514
v 0.300721 0.333713 -0.215793
v 0.333881 0.329103 -0.206483
v 0.425611 0.272440 0.292519
v -0.133185 0.495404 -0.100258
v -0.502384 -0.060679 -0.246952
v -0.435822 0.281466 0.349438
v 0.262188 -0.532142 -0.023287
v 0.273989 -0.530063 -0.003887
v -0.276209 0.150576 -0.409002
v -0.239412 0.034797 -0.506765
v -0.202354 0.054071 -0.518981
v 0.267952 0.354025 0.355189
v 0.534886 0.162115 -0.047996
v -0.471510 -0.371744 -0.026774
v 0.338901 0.047775 0.441904
v -0.259812 0.473717 0.043524
v 0.155089 -0.549940 0.054300
v 0.137060 -0.537898 0.060585
v 0.285923 -0.361797 -0.265626
v 0.323081 -0.369231 -0.266049
v 0.059332 0.167771 0.600827
v -0.274707 -0.553107 0.020790
v -0.241554 -0.572700 0.015795
v 0.473591 -0.056547 -0.207450
v 0.115456 0.278446 0.538725
v 0.157131 0.048117 0.548361
v -0.058977 -0.284130 -0.497507
v -0.248607 -0.519159 0.131008
v -0.235197 -0.522845 0.142417
v -0.201842 -0.528381 0.131577
v 0.407663 -0.060492 0.410201
v -0.440848 -0.057892 0.349029
v -0.394234 -0.348625 0.216865
v -0.203131 -0.567852 0.009492
v -0.192741 -0.567554 -0.001520
v -0.408101 -0.481392 -0.067283
v 0.244487 0.406605 -0.169377
v 0.250761 0.446591 0.051803
v 0.282437 0.434106 0.063858
v 0.243108 0.468559 0.037914
v 0.003415 -0.545363 -0.145215
v 0.068237 -0.548873 0.186715
v -0.527363 0.045586 -0.104573
v -0.129081 0.430433 0.356469
v -0.108470 0.431329 0.321639
v 0.552405 -0.060661 0.111646
v -0.271032 -0.446621 0.284986
v -0.293806 -0.440022 0.271750
v 0.163724 0.476899 -0.147862
v 0.168909 0.485716 -0.133262
v 0.149435 0.508685 -0.108858
v -0.054383 0.507940 -0.221757
v -0.019801 -0.391418 -0.434102
v 0.015163 -0.383581 -0.436610
v 0.047767 -0.549561 -0.126153
v 0.061291 -0.542072 -0.127326
v -0.156376 0.336004 -0.356568
v -0.045259 -0.461675 0.410732
v -0.048813 -0.435201 0.441494
v -0.063980 -0.580213 -0.100235
v -0.184521 0.272122 0.517234
v -0.073262 -0.529761 0.195137
v -0.078976 -0.542848 0.179565
v 0.263035 -0.535410 0.126505
v 0.251507 -0.552785 0.144094
v -0.090384 -0.175786 0.594009
v -0.395936 -0.259615 -0.263178
v 0.336973 -0.433761 -0.062676
v 0.332200 -0.436192 -0.037355
v -0.158573 -0.167671 -0.481483
v 0.090715 -0.547775 0.143946
v 0.095851 -0.547890 0.166246
v 0.120813 -0.546830 0.195681
v 0.221897 -0.059373 0.522060
v -0.203797 0.468408 -0.179870
v -0.220291 0.457316 -0.216401
v -0.133864 0.377126 0.470066
v -0.552454 0.050773 0.103695
v -0.360510 -0.434766 0.150460
v -0.249845 0.456575 -0.000175
v -0.252506 0.443133 -0.013564
v 0.286627 0.268815 0.432075
v -0.197585 -0.556618 0.054148
v -0.408538 -0.284425 0.372509
v 0.481482 -0.059713 0.319385
v 0.382622 -0.391021 0.165709
v 0.346608 -0.411971 0.151913
v 0.085652 -0.542497 -0.062027
v 0.470961 0.153290 -0.135706
v 0.484103 0.193665 -0.133777
v 0.122941 -0.060641 0.563162
v 0.086393 -0.077064 0.567104
v 0.031313 -0.454257 -0.340474
v 0.055230 -0.455110 -0.327885
v -0.255991 -0.437030 0.305027
v 0.056426 0.524695 -0.094600
v 0.072117 0.542675 -0.100946
v -0.157461 -0.535099 0.125586
v -0.171504 -0.538624 0.120602
v 0.317508 -0.059231 -0.410339
v 0.038346 0.457440 0.259686
v 0.035942 0.466859 0.225824
v -0.073484 0.529998 -0.144332
v -0.476529 0.271569 0.255167
v -0.180017 -0.270779 -0.443163
v 0.082022 -0.459332 0.401366
v 0.057658 -0.470968 0.407052
v 0.272400 -0.466732 -0.219299
v 0.138271 -0.263805 0.491547
v -0.228299 -0.481579 0.194884
v 0.336528 0.368299 0.303501
v 0.230382 -0.455951 0.316814
v -0.482380 -0.254475 0.002595
v 0.196131 -0.066238 -0.480744
v 0.235418 -0.060942 -0.484354
v 0.035022 -0.132383 0.574885
v 0.016047 -0.167420 0.566481
v -0.299552 -0.181342 0.528347
v 0.429019 0.050674 0.373694
v -0.487619 -0.169800 -0.237745
v 0.150923 -0.460362 -0.305110
v -0.199625 -0.555669 -0.016160
v -0.485875 0.154794 -0.195530
v -0.471214 0.045835 0.293655
v 0.402406 -0.165000 -0.286877
v -0.045326 0.468423 0.179795
v -0.036785 0.461880 0.195657
v -0.035917 0.441787 0.223155
v -0.249068 -0.530381 0.117842
v -0.222054 -0.549983 0.104883
v 0.246057 -0.163883 -0.425336
v -0.274653 0.422266 -0.194637
v 0.083783 -0.536224 0.125509
v -0.331604 -0.480565 -0.213180
v -0.088855 0.444607 0.291155
v 0.286059 -0.462793 0.267665
v -0.217508 0.448854 -0.102090
v -0.212551 0.476604 -0.110242
v -0.534308 -0.057481 -0.144459
v 0.192104 -0.260497 -0.391374
v 0.250399 0.154632 0.492510
v 0.100831 -0.375665 0.474845
v -0.059211 -0.511894 0.308272
v -0.077147 -0.510123 0.295699
v 0.032023 -0.480176 0.427287
v 0.437319 0.156165 -0.233610
v 0.433565 0.192119 -0.223684
v 0.034553 -0.498531 -0.228116
v 0.052220 -0.486002 -0.226656
v -0.158860 -0.545100 0.148621
v 0.157668 -0.555887 0.010648
v -0.054299 0.047563 0.569193
v -0.280941 0.278259 0.482210
v 0.206681 0.304187 -0.265307
v 0.333305 -0.464816 0.175973
v 0.333542 -0.464072 0.203537
v -0.261588 0.051128 0.542255
v -0.095952 -0.056555 0.590368
v 0.488594 0.030799 0.243340
v 0.502208 0.013096 0.211232
v -0.169272 0.424962 -0.277567
v 0.128508 0.499388 0.090840
v 0.106688 0.504458 0.090026
v 0.359814 -0.408837 0.062451
v 0.386326 -0.379900 0.056479
v -0.334257 0.358007 0.347197
v -0.343279 0.359637 0.318793
v 0.230313 0.482635 0.022048
v 0.194118 0.492647 0.013899
v 0.087539 0.518622 0.132335
v 0.281949 0.235016 -0.307886
v 0.179798 0.476766 0.091570
v 0.205169 0.451530 0.089809
v 0.160497 0.507772 0.010234
v 0.148178 0.527308 0.003870
v -0.237382 -0.271333 0.480405
v 0.116250 -0.532586 0.065308
v 0.051392 -0.095041 0.576086
v 0.559495 -0.022511 -0.025575
v 0.537803 0.012229 -0.040825
v -0.188841 0.154166 -0.463891
v -0.212528 0.317237 -0.299588
v -0.030778 0.456484 0.260538
v -0.329309 0.424448 0.182431
v -0.293027 0.441374 0.176107
v -0.141932 0.494533 0.094622
v 0.057367 0.053143 0.611466
v -0.230513 -0.515842 -0.153812
v 0.064611 0.507909 0.148232
v -0.435217 -0.359732 0.147520
v -0.436520 -0.377999 0.121912
v 0.194243 -0.348022 -0.335271
v 0.038554 -0.543798 -0.137791
v -0.376777 0.054083 0.498212
v 0.325038 -0.375553 0.336694
v 0.439261 -0.277286 0.253668
v -0.227388 0.425963 -0.243222
v -0.551126 -0.059801 -0.039678
v 0.362166 0.314177 -0.184299
v 0.163131 0.468485 0.192760
v 0.167711 0.468884 0.216723
v 0.376032 -0.373003 0.257598
v -0.342704 0.432109 -0.080461
v -0.139852 -0.386112 -0.421570
v -0.280429 -0.396976 0.422822
v -0.302107 -0.377932 0.395168
v 0.270646 -0.537917 -0.047888
v 0.538738 -0.178402 -0.005788
v 0.161826 0.159010 0.548433
v -0.470401 -0.273820 -0.189952
v -0.573285 0.050047 -0.004929
v -0.157057 0.507955 0.065340
v 0.352282 0.245939 -0.252090
v 0.384140 0.236361 -0.239600
v 0.469059 0.352398 -0.028879
v 0.102230 0.321977 -0.397796
v 0.330233 -0.168164 -0.362748
v -0.384296 0.350728 0.245359
v -0.092339 0.051851 -0.533175
v 0.136709 -0.538783 0.120307
v 0.001064 0.481276 0.165122
v -0.468244 0.375177 0.006840
v 0.163944 0.335922 -0.327225
v -0.405595 -0.166964 -0.308764
v -0.143726 0.482774 -0.179182
v 0.274482 -0.538492 0.069146
v -0.279909 0.323847 -0.261569
v 0.032329 0.476950 0.194080
v 0.038103 0.483782 0.176096
v 0.043361 0.381333 0.487466
v 0.440873 -0.260052 0.152360
v 0.181838 -0.370161 0.436003
v 0.549405 0.167924 0.068953
v -0.153210 0.474619 0.241620
v -0.162349 0.471871 0.224781
v -0.407453 0.056211 -0.413637
v -0.147694 0.490536 -0.014215
v 0.070535 0.498915 -0.213807
v 0.083373 0.467839 -0.208269
v 0.323115 0.419339 0.009411
v -0.378770 -0.487790 -0.151541
v -0.309685 -0.243939 -0.299785
v 0.234405 0.418186 0.256512
v 0.172261 -0.457934 0.362738
v 0.194311 0.434909 0.310804
v 0.184803 0.458286 0.276785
v -0.531651 0.154116 -0.102780
v 0.104735 0.453658 -0.211914
v 0.128675 0.429713 -0.234416
v -0.058979 -0.064696 -0.569834
v -0.017911 -0.087443 -0.583255
v -0.030844 -0.548546 -0.145062
v -0.043327 -0.516809 -0.168242
v -0.133772 0.483000 0.244136
v -0.114169 0.471475 0.211703
v 0.201547 0.357780 0.407672
v 0.417685 -0.247274 -0.119879
v -0.426955 -0.388451 0.090605
v 0.150512 -0.544694 0.221544
v -0.291882 0.478570 0.120948
v -0.362450 0.277356 0.423276
v -0.114698 -0.446909 0.387751
v -0.050715 -0.392193 -0.447542
v 0.085720 -0.286359 -0.469463
v 0.118559 -0.234387 -0.459581
v 0.109759 -0.267281 -0.446032
v 0.129848 0.372899 0.457724
v 0.305444 -0.448097 -0.150517
v -0.110348 -0.566433 -0.129596
v -0.128727 -0.558903 -0.162972
v -0.121749 0.513532 0.143331
v -0.121387 0.515933 0.131090
v -0.506305 -0.159007 -0.026968
v 0.308950 -0.169046 0.461003
v 0.110675 -0.542370 -0.013955
v -0.294543 0.426705 0.239776
v 0.122152 -0.208534 -0.491277
v -0.496883 0.269336 -0.132644
v -0.264725 -0.262776 -0.386086
v 0.022318 0.014419 -0.559851
v 0.206286 -0.443373 -0.258141
v -0.221215 0.383250 0.446753
v 0.131054 0.542996 -0.093114
v 0.164422 0.461969 0.242297
v -0.043480 -0.411150 0.473566
v -0.017207 -0.406718 0.498428
v 0.461549 0.270219 0.196832
v 0.039826 0.496429 0.159829
v -0.052294 0.344602 0.511628
v -0.073648 0.322016 0.550757
v 0.518240 0.161466 0.173898
v 0.211288 -0.517558 -0.122026
v 0.229438 -0.519336 -0.111129
v -0.078656 0.513087 -0.095925
v 0.373363 -0.333920 -0.044684
v 0.370440 -0.324155 -0.016015
v 0.147784 0.398288 -0.247713
v -0.247181 -0.375007 0.431751
v -0.198236 -0.445476 0.347532
v 0.450718 -0.182059 0.343304
v 0.422092 -0.171114 0.368210
v -0.453090 0.374075 -0.081955
v -0.090699 -0.488574 0.290477
v 0.255753 -0.368992 0.389525
v -0.054309 -0.504699 -0.200212
v -0.065090 -0.527333 -0.217806
v 0.397430 0.368195 -0.114076
v -0.443926 0.260769 -0.214011
v -0.530707 0.155163 0.203056
v 0.252913 -0.557209 0.168146
v 0.015130 -0.391482 0.512320
v -0.364086 0.430508 0.054537
v 0.221009 0.437743 0.150735
v 0.209988 0.273708 0.493491
v 0.217046 -0.546228 0.217163
v -0.505096 -0.161147 -0.133723
v -0.490103 0.160923 0.307486
v 0.347197 -0.350149 -0.180772
v -0.130479 -0.584932 -0.051204
v 0.348496 -0.455316 0.153000
v -0.527882 0.267625 0.065133
v -0.446119 -0.164383 0.359000
v -0.077895 -0.555775 0.162327
v -0.538873 -0.168611 0.173484
v -0.357444 0.428555 -0.014564
v -0.273666 -0.130362 -0.444571
v -0.286228 -0.081959 -0.472737
v -0.303158 -0.102081 -0.461184
v -0.335785 -0.084357 -0.442178
v 0.130691 -0.544119 0.293784
v 0.017605 0.171312 -0.540711
v 0.348521 0.259787 0.356737
v -0.330529 -0.277342 0.439797
v -0.444794 0.356632 0.092671
v 0.230266 0.051120 -0.469296
v 0.187515 0.140598 -0.461512
v 0.206122 0.150587 -0.426092
v -0.187393 -0.548815 0.089140
v 0.188170 0.386006 -0.198736
v 0.548997 0.052884 0.071269
v -0.361938 0.152877 -0.356101
v -0.107030 0.433793 -0.304500
v -0.103349 0.450728 -0.268154
v 0.137272 0.055383 -0.536694
v 0.156051 0.095206 -0.523416
v 0.513713 -0.173726 -0.112452
v 0.422921 0.229720 -0.228969
v -0.066230 -0.460784 -0.345159
v -0.316908 0.432809 -0.141127
v -0.542238 0.155626 0.000169
v -0.489403 0.046362 -0.201813
v -0.300602 -0.516138 0.067640
v 0.070108 -0.541185 0.312905
v -0.405494 -0.061633 0.461466
v 0.168904 -0.061134 -0.512682
v 0.350356 -0.265887 -0.292853
v -0.280631 0.226784 -0.312182
v 0.406104 -0.060634 -0.340757
v -0.478797 -0.162975 0.260864
v 0.150775 0.489848 -0.158025
v -0.154718 0.151526 0.553838
v 0.263014 -0.249902 -0.331513
v -0.049039 0.485787 0.167499
v -0.439744 0.165485 0.405078
v 0.083588 0.473619 0.251082
v -0.163401 -0.369144 0.458571
v -0.213844 -0.474670 -0.303486
v -0.444494 -0.063131 -0.344079
v -0.282613 -0.537720 -0.079559
v -0.279115 -0.530993 -0.101202
v 0.224395 -0.263721 0.449818
v 0.311821 0.404785 0.096392
v 0.296105 0.399108 0.113351
v -0.149132 -0.272662 0.516709
v -0.274813 0.479463 0.175328
v -0.110014 0.479354 -0.243110
v 0.202667 -0.505703 -0.138279
v 0.448747 -0.257029 0.063060
v 0.309843 -0.058783 0.464499
v -0.245039 0.456165 -0.025770
v 0.017140 -0.496695 -0.238703
v -0.392578 -0.173930 0.457756
v 0.274133 0.141887 -0.351689
v -0.498875 -0.280590 0.195596
v -0.094012 0.480234 0.187115
v 0.209805 0.239560 -0.358803
v -0.110403 0.511523 0.140419
v -0.194609 -0.174837 0.558116
v 0.515384 -0.058828 -0.110865
v 0.113442 -0.160327 0.523519
v 0.344864 -0.441610 0.057396
v -0.220567 0.457453 -0.085937
v 0.451660 -0.262918 -0.031298
v 0.492883 0.048818 0.282192
v 0.018783 0.533326 -0.113687
v -0.115239 -0.573802 -0.074074
v -0.462981 -0.381035 -0.116566
v 0.017365 0.280376 -0.488675
v 0.215899 0.508370 -0.084282
v 0.234790 0.512187 -0.072073
v 0.496802 -0.169839 0.205745
v 0.429868 0.040838 -0.265200
v 0.430261 0.046812 -0.227938
v -0.183477 -0.569580 -0.050858
v -0.361413 -0.357786 0.293483
v -0.351561 -0.360456 -0.262394
v 0.015858 -0.553206 0.164518
v -0.362307 0.167918 0.485590
v -0.341979 -0.173244 -0.379743
v -0.547620 -0.059834 0.174344
v -0.232374 0.439996 0.314766
v 0.033976 -0.250947 -0.512039
v 0.048173 -0.279970 -0.483167
v 0.378963 0.367953 0.226185
v 0.388092 -0.279389 0.347571
v -0.374252 -0.490110 0.014692
v -0.088737 0.273553 0.549201
v -0.189500 -0.510189 -0.188980
v -0.165908 -0.516037 -0.185805
v -0.168694 -0.066847 -0.532502
v -0.488638 -0.262909 -0.091549
v 0.410193 0.048920 -0.294118
v -0.162049 0.512901 0.036540
v -0.169350 0.506350 0.029593
v 0.468188 0.304851 0.082365
v 0.457359 0.344398 0.068076
v -0.363862 -0.063358 -0.419794
v 0.346841 0.052129 -0.380556
v -0.540171 0.150341 0.104961
v 0.520924 -0.173341 0.102037
v 0.350338 0.143556 -0.292823
v -0.515100 0.269914 0.163162
v 0.401986 0.166433 0.402710
v 0.014672 0.278686 0.554151
v -0.132782 -0.471626 0.262904
v 0.406777 0.367919 0.146058
v 0.065397 -0.555239 -0.078642
v -0.090884 0.238025 -0.485636
v 0.262840 -0.349374 -0.283473
v -0.298909 0.037071 -0.496088
v -0.305366 0.051684 -0.466667
v -0.298269 -0.532104 -0.060936
v -0.025252 -0.552422 0.170916
v -0.142556 -0.522463 -0.179489
v -0.054038 -0.284594 0.558752
v 0.463294 -0.171213 0.308207
v -0.502480 -0.264872 0.095354
v 0.146176 0.490291 0.085707
v 0.089701 0.408211 -0.279280
v 0.009988 0.449035 -0.330189
v -0.126124 -0.531011 0.170219
v 0.251868 0.046498 0.498970
v 0.310165 0.410618 0.074517
v -0.412927 -0.372694 -0.197911
v 0.125934 0.529972 -0.002191
v -0.358869 0.353939 -0.234635
v 0.322459 -0.284971 0.426019
v 0.137945 -0.553140 -0.057021
v 0.484949 0.270669 0.099554
v 0.081037 -0.452375 -0.328017
v 0.001791 0.426621 0.373233
v 0.341426 -0.431333 -0.014205
v 0.229762 0.512356 -0.048097
v -0.064446 0.426587 0.369825
v -0.152997 0.045782 0.536396
v -0.462255 0.167676 -0.307325
v -0.203301 0.488614 0.201092
v -0.285967 -0.025753 -0.499405
v -0.284080 0.017219 -0.515300
v 0.470226 0.044560 -0.132640
v 0.023796 -0.102617 -0.560333
v 0.488615 0.237322 -0.142735
v -0.078436 -0.531258 -0.206935
v -0.482155 -0.056981 0.263014
v -0.251658 -0.164213 -0.436390
v -0.155986 0.497141 0.024902
v -0.219877 0.241925 -0.372661
v -0.002998 0.515463 -0.232028
v -0.319349 0.376635 0.367908
v 0.102961 -0.364418 -0.396891
v -0.050396 0.155969 0.561712
v 0.570415 -0.062304 -0.007619
v 0.018362 -0.219628 -0.542633
v -0.136081 0.492152 -0.038491
v -0.080206 0.354656 -0.395317
v 0.484034 0.162736 0.277451
v 0.136386 0.445831 0.350085
v 0.069840 0.535758 -0.086411
v -0.322181 -0.424777 0.207470
v -0.549032 0.048132 0.211146
v -0.449144 0.045957 0.401274
v -0.369132 0.250890 -0.282873
v 0.208564 -0.161171 0.489482
v -0.475030 0.051658 -0.315348
v 0.155196 0.123607 -0.484170
v -0.196097 -0.059737 0.550121
v -0.310838 -0.060608 0.545663
v -0.533749 0.274943 -0.038824
v -0.271194 -0.064568 -0.486705
v 0.445749 -0.101762 -0.321654
v 0.042497 -0.523140 0.064539
v 0.436982 0.127908 0.381131
v -0.086610 0.511467 0.011503
v -0.084331 0.540496 -0.017453
v -0.265376 -0.350066 -0.294759
v 0.367615 -0.327959 -0.069347
vt 0.121603 0.720442
vt 0.144686 0.740145
vt 0.124231 0.737860
vt 0.149255 0.750372
vt 0.155702 0.734637
vt 0.184091 0.751686
vt 0.119243 0.752866
vt 0.343863 0.234079
vt 0.336718 0.218992
vt 0.371553 0.217071
vt 0.318370 0.247134
vt 0.332410 0.229177
vt 0.306705 0.221722
vt 0.312537 0.234428
vt 0.218806 0.453134
vt 0.211156 0.437513
vt 0.241213 0.437513
vt 0.196399 0.468756
vt 0.207283 0.447927
vt 0.187563 0.453134
vt 0.178726 0.437513
vt 0.687463 0.067006
vt 0.708292 0.083971
vt 0.687463 0.082034
vt 0.718706 0.093831
vt 0.718706 0.078209
vt 0.749950 0.089413
vt 0.687463 0.098250
vt 0.690934 0.439248
vt 0.707098 0.458907
vt 0.687091 0.456666
vt 0.711236 0.469060
vt 0.718300 0.453325
vt 0.741114 0.468756
vt 0.681631 0.471672
vt 0.156782 0.140859
vt 0.156319 0.125469
vt 0.187562 0.129493
vt 0.130907 0.153403
vt 0.146078 0.135523
vt 0.125075 0.125075
vt 0.125683 0.140465
vt 0.318370 0.377941
vt 0.333540 0.395820
vt 0.313145 0.390878
vt 0.343781 0.405875
vt 0.344244 0.390485
vt 0.375025 0.401850
vt 0.312538 0.406269
vt 0.843445 0.702894
vt 0.844144 0.687159
vt 0.874925 0.687463
vt 0.808966 0.716971
vt 0.833352 0.697312
vt 0.818270 0.684547
vt 0.812809 0.699553
vt 0.312537 0.348200
vt 0.333540 0.365131
vt 0.313145 0.363138
vt 0.344244 0.374935
vt 0.343781 0.359403
vt 0.375025 0.370607
vt 0.062587 0.031344
vt 0.083505 0.052346
vt 0.062587 0.048557
vt 0.094067 0.062506
vt 0.094212 0.046811
vt 0.128547 0.060852
vt 0.062587 0.062587
vt 0.468756 0.922184
vt 0.468756 0.906563
vt 0.500000 0.910587
vt 0.437513 0.921791
vt 0.437513 0.937413
vt 0.437513 0.906169
vt 0.458342 0.916704
vt 0.937413 0.250050
vt 0.958242 0.265455
vt 0.937413 0.264081
vt 0.968656 0.273483
vt 0.968656 0.257861
vt 0.999900 0.265672
vt 0.937413 0.281294
vt 0.031344 0.257861
vt 0.031344 0.273483
vt 0.000100 0.265672
vt 0.062587 0.250050
vt 0.041758 0.265455
vt 0.062587 0.281294
vt 0.062587 0.264081
vt 0.520829 0.927673
vt 0.500000 0.925616
vt 0.531244 0.937806
vt 0.531244 0.922184
vt 0.562488 0.937413
vt 0.500000 0.941831
vt 0.905788 0.046811
vt 0.899804 0.031344
vt 0.937413 0.031344
vt 0.871454 0.060852
vt 0.894798 0.041280
vt 0.874925 0.031344
vt 0.874689 0.043665
vt 0.656219 0.359403
vt 0.656219 0.343781
vt 0.687463 0.348200
vt 0.624975 0.370607
vt 0.645804 0.353641
vt 0.624975 0.339363
vt 0.624975 0.355578
vt 0.531388 0.421963
vt 0.500000 0.425394
vt 0.500000 0.406269
vt 0.531244 0.437906
vt 0.562488 0.437513
vt 0.500000 0.441931
vt 0.520829 0.427652
vt 0.905933 0.109299
vt 0.905933 0.124993
vt 0.871454 0.123339
vt 0.937413 0.093831
vt 0.916495 0.114833
vt 0.937413 0.125075
vt 0.937413 0.111044
vt 0.593731 0.984206
vt 0.562488 0.984278
vt 0.562488 0.968656
vt 0.593731 0.999900
vt 0.624975 0.999900
vt 0.562488 0.999900
vt 0.583317 0.989486
vt 0.815909 0.095567
vt 0.832225 0.115181
vt 0.812066 0.112985
vt 0.836618 0.125261
vt 0.843681 0.109453
vt 0.806606 0.127991
vt 0.309066 0.314273
vt 0.333278 0.333845
vt 0.312301 0.331781
vt 0.343781 0.343781
vt 0.343545 0.327956
vt 0.375025 0.339363
vt 0.208477 0.771224
vt 0.187934 0.769104
vt 0.219269 0.781104
vt 0.218570 0.765369
vt 0.250050 0.776776
vt 0.193395 0.784110
vt 0.718326 0.390529
vt 0.711643 0.375211
vt 0.746479 0.373289
vt 0.686855 0.390878
vt 0.687463 0.406269
vt 0.681630 0.377941
vt 0.707162 0.385482
vt 0.707162 0.365207
vt 0.686855 0.363138
vt 0.718325 0.359607
vt 0.781194 0.640203
vt 0.781194 0.624581
vt 0.812438 0.624975
vt 0.749950 0.651801
vt 0.770779 0.634715
vt 0.749950 0.620557
vt 0.749950 0.636772
vt 0.656455 0.327956
vt 0.656455 0.312262
vt 0.690934 0.314273
vt 0.624975 0.324334
vt 0.624975 0.308119
vt 0.645893 0.322321
vt 0.155938 0.109644
vt 0.149075 0.093949
vt 0.184091 0.095567
vt 0.144707 0.104290
vt 0.116238 0.093831
vt 0.124287 0.109453
vt 0.593731 0.890153
vt 0.562488 0.890547
vt 0.562488 0.874925
vt 0.593731 0.905775
vt 0.624975 0.901751
vt 0.562488 0.906169
vt 0.583317 0.895634
vt 0.906169 0.671877
vt 0.906169 0.656255
vt 0.937413 0.656219
vt 0.895754 0.666633
vt 0.874925 0.656219
vt 0.874925 0.671841
vt 0.531625 0.297106
vt 0.500844 0.300447
vt 0.503472 0.283029
vt 0.531707 0.312841
vt 0.562488 0.312537
vt 0.505832 0.315454
vt 0.521091 0.302688
vt 0.958242 0.296699
vt 0.937413 0.295324
vt 0.968656 0.304727
vt 0.968656 0.289105
vt 0.999900 0.296916
vt 0.937413 0.312537
vt 0.031344 0.289105
vt 0.031344 0.304727
vt 0.000100 0.296916
vt 0.041758 0.296699
vt 0.062587 0.295325
vt 0.062587 0.312537
vt 0.184091 0.314273
vt 0.208477 0.333811
vt 0.187934 0.331691
vt 0.219269 0.343691
vt 0.218570 0.327956
vt 0.250050 0.339363
vt 0.193395 0.346697
vt 0.656219 0.671841
vt 0.656219 0.656219
vt 0.687463 0.660637
vt 0.624975 0.683044
vt 0.645804 0.666079
vt 0.624975 0.651801
vt 0.624975 0.668016
vt 0.844324 0.203257
vt 0.851152 0.219110
vt 0.821274 0.218806
vt 0.874925 0.187562
vt 0.855379 0.208912
vt 0.880757 0.221722
vt 0.875533 0.206598
vt 0.406269 0.890153
vt 0.406269 0.874531
vt 0.437513 0.874925
vt 0.375025 0.901751
vt 0.395854 0.884665
vt 0.375025 0.870507
vt 0.375025 0.886722
vt 0.874925 0.250050
vt 0.895666 0.270923
vt 0.874689 0.265790
vt 0.905933 0.281376
vt 0.906169 0.265636
vt 0.871454 0.283030
vt 0.468674 0.328118
vt 0.437749 0.331781
vt 0.440984 0.314273
vt 0.468293 0.343871
vt 0.494168 0.340865
vt 0.437513 0.348200
vt 0.458257 0.333879
vt 0.958242 0.328376
vt 0.937557 0.329750
vt 0.968656 0.335970
vt 0.968656 0.320348
vt 0.999900 0.328159
vt 0.937413 0.343781
vt 0.031344 0.320349
vt 0.031344 0.335970
vt 0.000100 0.328159
vt 0.062443 0.329751
vt 0.062587 0.343781
vt 0.041758 0.328376
vt 0.500000 0.973075
vt 0.520829 0.990040
vt 0.500000 0.987782
vt 0.531244 0.999900
vt 0.531244 0.984672
vt 0.500000 0.999900
vt 0.093831 0.265636
vt 0.093831 0.250014
vt 0.125075 0.250050
vt 0.083417 0.260248
vt 0.406269 0.296522
vt 0.406505 0.312262
vt 0.375025 0.308119
vt 0.437749 0.297034
vt 0.437513 0.281294
vt 0.416772 0.302047
vt 0.843682 0.078209
vt 0.836618 0.062773
vt 0.832225 0.073089
vt 0.812066 0.078559
vt 0.806606 0.065504
vt 0.312537 0.660637
vt 0.333367 0.677603
vt 0.312537 0.675666
vt 0.343781 0.687463
vt 0.343781 0.671841
vt 0.375025 0.683044
vt 0.312538 0.691881
vt 0.781194 0.015328
vt 0.781194 0.000100
vt 0.812438 0.000100
vt 0.749950 0.026925
vt 0.770779 0.009960
vt 0.749950 0.000100
vt 0.749950 0.012218
vt 0.687463 0.629393
vt 0.708292 0.646359
vt 0.687463 0.644422
vt 0.718706 0.656219
vt 0.718706 0.640597
vt 0.281294 0.984600
vt 0.281294 0.999900
vt 0.250050 0.999900
vt 0.312537 0.973075
vt 0.291708 0.990040
vt 0.312537 0.999900
vt 0.312537 0.987782
vt 0.406269 0.827666
vt 0.406269 0.812044
vt 0.437513 0.812438
vt 0.375025 0.824234
vt 0.375025 0.839263
vt 0.375025 0.808019
vt 0.395854 0.822177
vt 0.156936 0.046966
vt 0.157018 0.031158
vt 0.191034 0.033080
vt 0.146255 0.041238
vt 0.130907 0.028428
vt 0.125919 0.043434
vt 0.656455 0.796612
vt 0.656455 0.780918
vt 0.690934 0.782930
vt 0.624975 0.808019
vt 0.645893 0.790978
vt 0.624975 0.776776
vt 0.624975 0.792991
vt 0.191034 0.876661
vt 0.208654 0.896199
vt 0.188406 0.894079
vt 0.219269 0.906079
vt 0.219187 0.890344
vt 0.250050 0.901751
vt 0.193395 0.909085
vt 0.281675 0.359607
vt 0.281294 0.343781
vt 0.253522 0.373289
vt 0.270968 0.353718
vt 0.250286 0.355781
vt 0.280913 0.890344
vt 0.274693 0.875043
vt 0.309066 0.876661
vt 0.269923 0.884829
vt 0.250050 0.874925
vt 0.250050 0.887043
vt 0.753422 0.685727
vt 0.769738 0.708116
vt 0.749579 0.702735
vt 0.774130 0.718284
vt 0.781194 0.702776
vt 0.744118 0.715790
vt 0.312537 0.785612
vt 0.333367 0.802577
vt 0.312537 0.800641
vt 0.343781 0.812438
vt 0.343781 0.796816
vt 0.312538 0.816856
vt 0.128547 0.564223
vt 0.146166 0.583882
vt 0.125919 0.581641
vt 0.156782 0.594035
vt 0.156700 0.578300
vt 0.187563 0.593731
vt 0.130907 0.596647
vt 0.593731 0.827666
vt 0.562488 0.828059
vt 0.562488 0.812438
vt 0.593731 0.843288
vt 0.624975 0.839263
vt 0.562488 0.843681
vt 0.583317 0.833146
vt 0.906169 0.640633
vt 0.906169 0.625011
vt 0.937413 0.624975
vt 0.895754 0.635390
vt 0.874925 0.624975
vt 0.874925 0.640597
vt 0.531244 0.890941
vt 0.500000 0.894372
vt 0.500000 0.879343
vt 0.531244 0.906563
vt 0.520829 0.896429
vt 0.958242 0.359186
vt 0.937557 0.357812
vt 0.968656 0.367214
vt 0.968656 0.351592
vt 0.999900 0.359403
vt 0.937413 0.375025
vt 0.031344 0.351592
vt 0.031344 0.367214
vt 0.000100 0.359403
vt 0.041758 0.359186
vt 0.062587 0.375025
vt 0.062443 0.357812
vt 0.468756 0.890941
vt 0.468756 0.875319
vt 0.437513 0.890547
vt 0.458342 0.885460
vt 0.062587 0.156319
vt 0.082549 0.177365
vt 0.062443 0.173532
vt 0.087467 0.187563
vt 0.093831 0.171904
vt 0.125075 0.187562
vt 0.062587 0.187562
vt 0.844144 0.671609
vt 0.843681 0.656219
vt 0.833440 0.666547
vt 0.812438 0.656219
vt 0.813045 0.671609
vt 0.593731 0.046572
vt 0.562488 0.046966
vt 0.562488 0.031344
vt 0.593731 0.062194
vt 0.624975 0.058169
vt 0.562488 0.062588
vt 0.583317 0.052052
vt 0.062587 0.968656
vt 0.083417 0.989702
vt 0.062587 0.985869
vt 0.093831 0.999900
vt 0.093831 0.984314
vt 0.125075 0.999900
vt 0.062587 0.999900
vt 0.530781 0.578272
vt 0.500000 0.581935
vt 0.500000 0.566906
vt 0.530781 0.593821
vt 0.556656 0.590815
vt 0.500000 0.598150
vt 0.520656 0.583905
vt 0.958242 0.390864
vt 0.937413 0.392238
vt 0.968656 0.398458
vt 0.968656 0.382836
vt 0.999900 0.390647
vt 0.937413 0.406269
vt 0.031344 0.382836
vt 0.031344 0.398458
vt 0.000100 0.390647
vt 0.041758 0.390430
vt 0.062587 0.406269
vt 0.062587 0.389056
vt 0.468612 0.390968
vt 0.436905 0.394382
vt 0.437513 0.379443
vt 0.461929 0.406573
vt 0.431680 0.409185
vt 0.906632 0.078014
vt 0.905933 0.062506
vt 0.937413 0.062587
vt 0.880757 0.090915
vt 0.895839 0.072871
vt 0.875297 0.077860
vt 0.406269 0.077816
vt 0.406269 0.062194
vt 0.437513 0.062588
vt 0.375025 0.074384
vt 0.375025 0.089413
vt 0.375025 0.058169
vt 0.395854 0.072327
vt 0.155702 0.858995
vt 0.149718 0.843563
vt 0.184091 0.841946
vt 0.121603 0.873189
vt 0.144859 0.853573
vt 0.125075 0.843681
vt 0.124839 0.856003
vt 0.281294 0.203184
vt 0.281294 0.187563
vt 0.312537 0.191981
vt 0.250050 0.214388
vt 0.270879 0.197423
vt 0.250050 0.183144
vt 0.250050 0.199359
vt 0.781430 0.390837
vt 0.781194 0.375025
vt 0.815909 0.376761
vt 0.749950 0.406269
vt 0.770779 0.385440
vt 0.749714 0.390529
vt 0.718624 0.297265
vt 0.725770 0.312352
vt 0.744118 0.284210
vt 0.730077 0.302167
vt 0.755782 0.309621
vt 0.749950 0.296916
vt 0.281294 0.609353
vt 0.281294 0.593731
vt 0.312537 0.598150
vt 0.250050 0.620557
vt 0.270879 0.603591
vt 0.250050 0.589313
vt 0.250050 0.605528
vt 0.780731 0.921628
vt 0.780731 0.906079
vt 0.806606 0.909085
vt 0.749950 0.932994
vt 0.770606 0.915995
vt 0.749950 0.901751
vt 0.749950 0.917966
vt 0.655756 0.390485
vt 0.655756 0.374935
vt 0.624975 0.386822
vt 0.624975 0.401850
vt 0.645631 0.384851
vt 0.844088 0.421773
vt 0.836618 0.406455
vt 0.871454 0.404533
vt 0.821274 0.437513
vt 0.832378 0.416726
vt 0.806606 0.409185
vt 0.812618 0.422122
vt 0.656219 0.046966
vt 0.656219 0.031344
vt 0.687463 0.035762
vt 0.645804 0.041204
vt 0.624975 0.026925
vt 0.624975 0.043141
vt 0.781430 0.171737
vt 0.781430 0.156043
vt 0.815909 0.158055
vt 0.749950 0.183144
vt 0.770868 0.166103
vt 0.749950 0.151900
vt 0.749950 0.168116
vt 0.280913 0.577906
vt 0.274693 0.562606
vt 0.309066 0.564223
vt 0.269923 0.572392
vt 0.250050 0.562488
vt 0.250050 0.574606
vt 0.718244 0.578272
vt 0.687463 0.581934
vt 0.687463 0.566906
vt 0.718244 0.593821
vt 0.744118 0.590815
vt 0.687463 0.598150
vt 0.708118 0.583905
vt 0.191034 0.716971
vt 0.208392 0.739415
vt 0.187563 0.734328
vt 0.218570 0.749674
vt 0.219187 0.733816
vt 0.250050 0.745532
vt 0.656455 0.452931
vt 0.655756 0.468666
vt 0.624975 0.464338
vt 0.666548 0.458786
vt 0.184091 0.220542
vt 0.167686 0.198108
vt 0.187934 0.203534
vt 0.163146 0.187866
vt 0.156083 0.203375
vt 0.193395 0.190479
vt 0.405888 0.640085
vt 0.399205 0.624553
vt 0.434041 0.623239
vt 0.375025 0.651801
vt 0.394724 0.634704
vt 0.369193 0.622059
vt 0.374418 0.636862
vt 0.094212 0.578264
vt 0.094067 0.562569
vt 0.062587 0.593731
vt 0.083505 0.572729
vt 0.062587 0.562487
vt 0.062587 0.576518
vt 0.468756 0.141091
vt 0.468756 0.125469
vt 0.500000 0.129493
vt 0.437513 0.140697
vt 0.437513 0.156319
vt 0.437513 0.125075
vt 0.458342 0.135610
vt 0.958242 0.422108
vt 0.937413 0.423482
vt 0.968656 0.429702
vt 0.968656 0.414080
vt 0.999900 0.421891
vt 0.937413 0.437512
vt 0.031344 0.414080
vt 0.031344 0.429702
vt 0.000100 0.421891
vt 0.041758 0.422108
vt 0.062587 0.437513
vt 0.062443 0.423482
vt 0.531244 0.141091
vt 0.500000 0.144522
vt 0.531244 0.156713
vt 0.562488 0.156319
vt 0.500000 0.160737
vt 0.520829 0.146579
vt 0.906632 0.421695
vt 0.905933 0.406187
vt 0.880757 0.434597
vt 0.895839 0.416552
vt 0.875297 0.421541
vt 0.594112 0.640085
vt 0.562724 0.640479
vt 0.565959 0.623239
vt 0.593731 0.655825
vt 0.562488 0.656219
vt 0.583405 0.645639
vt 0.593731 0.702691
vt 0.562488 0.703084
vt 0.562488 0.687463
vt 0.593731 0.718313
vt 0.624975 0.714288
vt 0.562488 0.718706
vt 0.583317 0.708171
vt 0.878397 0.873189
vt 0.894734 0.895710
vt 0.874374 0.890429
vt 0.899162 0.906169
vt 0.906405 0.890393
vt 0.937413 0.906169
vt 0.866089 0.906169
vt 0.531388 0.390968
vt 0.531244 0.375025
vt 0.562488 0.379443
vt 0.500000 0.387143
vt 0.500000 0.370607
vt 0.520829 0.385006
vt 0.958242 0.453351
vt 0.937413 0.454726
vt 0.968656 0.460945
vt 0.968656 0.445323
vt 0.999900 0.453134
vt 0.937413 0.468756
vt 0.031344 0.445324
vt 0.031344 0.460945
vt 0.000100 0.453134
vt 0.041758 0.452917
vt 0.062587 0.468756
vt 0.062443 0.451543
vt 0.469219 0.578272
vt 0.468756 0.562881
vt 0.438120 0.577878
vt 0.443345 0.590815
vt 0.437513 0.562487
vt 0.458515 0.572936
vt 0.937413 0.562487
vt 0.916757 0.541528
vt 0.937413 0.545275
vt 0.906632 0.531511
vt 0.906632 0.547061
vt 0.880757 0.534160
vt 0.937413 0.531244
vt 0.406269 0.390647
vt 0.406269 0.375025
vt 0.395854 0.384885
vt 0.375025 0.386822
vt 0.843681 0.984278
vt 0.843681 0.968656
vt 0.874925 0.968656
vt 0.812438 0.999900
vt 0.833267 0.979071
vt 0.812438 0.968656
vt 0.812438 0.984278
vt 0.312537 0.129493
vt 0.333367 0.146459
vt 0.312537 0.144522
vt 0.343781 0.156319
vt 0.343781 0.140697
vt 0.375025 0.151900
vt 0.312537 0.160737
vt 0.749950 0.562488
vt 0.769649 0.583186
vt 0.749343 0.577878
vt 0.774130 0.593309
vt 0.780813 0.577919
vt 0.808966 0.591996
vt 0.687463 0.910587
vt 0.708292 0.927553
vt 0.687463 0.925616
vt 0.718706 0.937413
vt 0.718706 0.921791
vt 0.687463 0.941831
vt 0.281700 0.453325
vt 0.274050 0.437631
vt 0.309066 0.439248
vt 0.258887 0.468756
vt 0.269923 0.447971
vt 0.250050 0.453134
vt 0.196399 0.562488
vt 0.208633 0.583196
vt 0.188350 0.578109
vt 0.218806 0.593338
vt 0.219594 0.577716
vt 0.655756 0.859141
vt 0.655756 0.843591
vt 0.681631 0.846597
vt 0.624975 0.870507
vt 0.645631 0.853508
vt 0.624975 0.855478
vt 0.128547 0.966921
vt 0.145993 0.989441
vt 0.125311 0.984160
vt 0.156319 0.999900
vt 0.156700 0.984160
vt 0.187562 0.999900
vt 0.655983 0.578313
vt 0.656219 0.562488
vt 0.624739 0.574488
vt 0.621504 0.591995
vt 0.624975 0.558069
vt 0.645716 0.572424
vt 0.781430 0.109250
vt 0.781430 0.093556
vt 0.749950 0.120657
vt 0.770868 0.103615
vt 0.749950 0.105628
vt 0.269990 0.489543
vt 0.250230 0.484147
vt 0.274230 0.499814
vt 0.281701 0.484496
vt 0.309066 0.501736
vt 0.244218 0.497084
vt 0.280913 0.422009
vt 0.249263 0.421891
vt 0.250050 0.406269
vt 0.269682 0.427142
vt 0.208654 0.052617
vt 0.188406 0.050497
vt 0.219269 0.062498
vt 0.219187 0.046762
vt 0.250050 0.058169
vt 0.193395 0.065504
vt 0.656219 0.984600
vt 0.656219 0.968656
vt 0.687463 0.973075
vt 0.645804 0.978637
vt 0.624975 0.964238
vt 0.624975 0.980775
vt 0.133912 0.468756
vt 0.144948 0.489630
vt 0.125075 0.484378
vt 0.149075 0.500118
vt 0.156725 0.484496
vt 0.184091 0.501736
vt 0.116238 0.500000
vt 0.562488 0.093831
vt 0.583317 0.114540
vt 0.562488 0.109453
vt 0.593731 0.124681
vt 0.593731 0.109059
vt 0.624975 0.120657
vt 0.562488 0.125075
vt 0.119243 0.622059
vt 0.105114 0.604146
vt 0.125075 0.609353
vt 0.100659 0.594035
vt 0.093513 0.609158
vt 0.531244 0.484687
vt 0.538307 0.500422
vt 0.503472 0.501736
vt 0.562859 0.487910
vt 0.559016 0.470492
vt 0.568320 0.502916
vt 0.542700 0.490195
vt 0.958242 0.484595
vt 0.937557 0.485969
vt 0.968656 0.492189
vt 0.968656 0.476567
vt 0.999900 0.484378
vt 0.937413 0.500000
vt 0.031344 0.476567
vt 0.031344 0.492189
vt 0.000100 0.484378
vt 0.041758 0.484595
vt 0.062587 0.500000
vt 0.062443 0.485969
vt 0.468612 0.421963
vt 0.436905 0.422122
vt 0.437513 0.437513
vt 0.457300 0.416770
vt 0.906550 0.484532
vt 0.912770 0.500118
vt 0.878397 0.501736
vt 0.917540 0.489847
vt 0.406269 0.515228
vt 0.406269 0.499606
vt 0.437513 0.500000
vt 0.375025 0.526826
vt 0.395854 0.509740
vt 0.375025 0.495582
vt 0.375025 0.511797
vt 0.128547 0.654483
vt 0.145819 0.676917
vt 0.125311 0.671723
vt 0.155856 0.687159
vt 0.156237 0.671491
vt 0.181730 0.684547
vt 0.125075 0.687463
vt 0.905788 0.390493
vt 0.916495 0.396027
vt 0.468756 0.547259
vt 0.500000 0.550691
vt 0.500000 0.535662
vt 0.479171 0.552748
vt 0.958242 0.515405
vt 0.937557 0.514031
vt 0.968656 0.523433
vt 0.968656 0.507811
vt 0.999900 0.515622
vt 0.031344 0.507811
vt 0.031344 0.523433
vt 0.000100 0.515622
vt 0.041758 0.515405
vt 0.062587 0.531244
vt 0.062443 0.514031
vt 0.531244 0.640991
vt 0.500000 0.644422
vt 0.500000 0.629393
vt 0.531244 0.656613
vt 0.500000 0.660637
vt 0.520829 0.646479
vt 0.105181 0.395941
vt 0.100839 0.406269
vt 0.119243 0.377941
vt 0.093513 0.390842
vt 0.125255 0.390878
vt 0.133912 0.406269
vt 0.406269 0.984206
vt 0.406269 0.968263
vt 0.437513 0.968656
vt 0.375025 0.980775
vt 0.375025 0.999900
vt 0.375025 0.964238
vt 0.395854 0.978516
vt 0.812438 0.250050
vt 0.832069 0.270923
vt 0.811650 0.265672
vt 0.836438 0.281412
vt 0.843301 0.265790
vt 0.803601 0.281294
vt 0.655756 0.484216
vt 0.624975 0.495582
vt 0.645631 0.478583
vt 0.624975 0.480553
vt 0.219449 0.546938
vt 0.211979 0.531548
vt 0.250050 0.531244
vt 0.207591 0.541745
vt 0.181730 0.534160
vt 0.187743 0.547097
vt 0.687463 0.160737
vt 0.708292 0.177702
vt 0.687463 0.175766
vt 0.718706 0.187563
vt 0.718706 0.171941
vt 0.687463 0.191981
vt 0.250050 0.250050
vt 0.271141 0.271356
vt 0.250657 0.269086
vt 0.281993 0.281479
vt 0.281675 0.265554
vt 0.316009 0.279558
vt 0.255882 0.284210
vt 0.780577 0.734020
vt 0.746479 0.748214
vt 0.769561 0.728512
vt 0.749107 0.730796
vt 0.656219 0.203184
vt 0.656219 0.187563
vt 0.624975 0.199359
vt 0.624975 0.214388
vt 0.624975 0.183144
vt 0.645804 0.197423
vt 0.155938 0.234619
vt 0.155856 0.250354
vt 0.166471 0.240200
vt 0.181730 0.252966
vt 0.186719 0.237960
vt 0.594194 0.296753
vt 0.624368 0.293181
vt 0.593731 0.281294
vt 0.568320 0.284210
vt 0.619143 0.278378
vt 0.604146 0.291154
vt 0.758787 0.531244
vt 0.770847 0.551986
vt 0.750738 0.546866
vt 0.780731 0.562184
vt 0.781519 0.546634
vt 0.806606 0.559572
vt 0.708292 0.958796
vt 0.687463 0.956860
vt 0.718706 0.968656
vt 0.718706 0.953034
vt 0.749950 0.964238
vt 0.281294 0.953034
vt 0.281294 0.937413
vt 0.312537 0.941831
vt 0.250050 0.964238
vt 0.270879 0.947273
vt 0.250050 0.932994
vt 0.250050 0.949209
vt 0.781519 0.422122
vt 0.780731 0.406573
vt 0.758787 0.437513
vt 0.770847 0.416770
vt 0.750738 0.421891
vt 0.656219 0.421497
vt 0.656455 0.437237
vt 0.624975 0.433094
vt 0.687699 0.422009
vt 0.666722 0.427022
vt 0.156083 0.328277
vt 0.163146 0.344085
vt 0.125075 0.343781
vt 0.167686 0.333932
vt 0.593032 0.265631
vt 0.562859 0.269204
vt 0.559016 0.251786
vt 0.583228 0.271357
vt 0.062587 0.937413
vt 0.083505 0.958414
vt 0.062587 0.954626
vt 0.094067 0.968575
vt 0.094067 0.952880
vt 0.519699 0.459027
vt 0.499393 0.456870
vt 0.524180 0.469178
vt 0.530863 0.453646
vt 0.494168 0.471672
vt 0.958242 0.546649
vt 0.968656 0.554677
vt 0.968656 0.539055
vt 0.999900 0.546866
vt 0.031344 0.539055
vt 0.031344 0.554677
vt 0.000100 0.546866
vt 0.041758 0.546649
vt 0.062587 0.545275
vt 0.500000 0.223225
vt 0.519699 0.240321
vt 0.499393 0.238163
vt 0.524180 0.250472
vt 0.530863 0.234940
vt 0.494168 0.252966
vt 0.093831 0.546829
vt 0.125075 0.531244
vt 0.104334 0.552117
vt 0.125311 0.546984
vt 0.406732 0.265440
vt 0.406732 0.280990
vt 0.380857 0.278378
vt 0.437513 0.265672
vt 0.437513 0.250050
vt 0.416857 0.270792
vt 0.144795 0.083417
vt 0.124524 0.078091
vt 0.156319 0.078209
vt 0.312537 0.035762
vt 0.333367 0.052727
vt 0.312537 0.050791
vt 0.343781 0.062588
vt 0.343781 0.046966
vt 0.312537 0.067006
vt 0.593731 0.796422
vt 0.562488 0.796816
vt 0.562488 0.781194
vt 0.593731 0.812044
vt 0.583317 0.801902
vt 0.958242 0.577892
vt 0.937413 0.576518
vt 0.968656 0.585920
vt 0.968656 0.570298
vt 0.999900 0.578109
vt 0.937413 0.593731
vt 0.031344 0.570299
vt 0.031344 0.585920
vt 0.000100 0.578109
vt 0.406269 0.796422
vt 0.406269 0.780800
vt 0.437513 0.781194
vt 0.395854 0.790933
vt 0.375025 0.776776
vt 0.375025 0.792991
vt 0.878397 0.345517
vt 0.894975 0.365089
vt 0.875161 0.362703
vt 0.899804 0.375025
vt 0.906405 0.359557
vt 0.874925 0.375025
vt 0.593731 0.609045
vt 0.586668 0.593309
vt 0.562116 0.605821
vt 0.843599 0.828100
vt 0.843681 0.812438
vt 0.869093 0.815354
vt 0.815909 0.841946
vt 0.833355 0.822374
vt 0.818270 0.809522
vt 0.813281 0.824528
vt 0.656219 0.109453
vt 0.656219 0.093831
vt 0.645804 0.103691
vt 0.624975 0.089413
vt 0.624975 0.105628
vt 0.193395 0.659135
vt 0.207435 0.677004
vt 0.187563 0.671841
vt 0.211743 0.687041
vt 0.218888 0.671882
vt 0.246578 0.685727
vt 0.687463 0.223225
vt 0.707335 0.240234
vt 0.687463 0.237932
vt 0.712106 0.250168
vt 0.718326 0.234940
vt 0.746479 0.251786
vt 0.687463 0.250050
vt 0.280975 0.234587
vt 0.280831 0.218716
vt 0.270706 0.228753
vt 0.250050 0.230924
vt 0.781194 0.327766
vt 0.781657 0.312234
vt 0.812438 0.312537
vt 0.749950 0.339363
vt 0.770953 0.322311
vt 0.750558 0.324424
vt 0.343781 0.109453
vt 0.312537 0.113278
vt 0.312537 0.098250
vt 0.343781 0.125075
vt 0.375025 0.120657
vt 0.333367 0.115215
vt 0.844298 0.359712
vt 0.843918 0.343899
vt 0.833444 0.354284
vt 0.812438 0.343781
vt 0.812674 0.359521
vt 0.406269 0.609045
vt 0.374654 0.609004
vt 0.378497 0.591995
vt 0.394813 0.614385
vt 0.062587 0.906169
vt 0.083243 0.927128
vt 0.062587 0.923382
vt 0.093368 0.937145
vt 0.093513 0.921596
vt 0.119243 0.934497
vt 0.708292 0.615115
vt 0.687463 0.613178
vt 0.718706 0.624975
vt 0.718706 0.609353
vt 0.687463 0.129493
vt 0.708292 0.146459
vt 0.687463 0.144522
vt 0.718706 0.156319
vt 0.718706 0.140697
vt 0.193395 0.409185
vt 0.207215 0.427185
vt 0.187383 0.422122
vt 0.218482 0.422122
vt 0.344244 0.484216
vt 0.312909 0.484728
vt 0.318370 0.471672
vt 0.343545 0.499724
vt 0.333452 0.489596
vt 0.144948 0.614605
vt 0.149255 0.624789
vt 0.156401 0.609703
vt 0.184091 0.626711
vt 0.406269 0.359403
vt 0.406269 0.343781
vt 0.375025 0.355578
vt 0.395854 0.353641
vt 0.094067 0.796970
vt 0.094067 0.781276
vt 0.128547 0.782930
vt 0.062587 0.812438
vt 0.083505 0.791436
vt 0.062587 0.781194
vt 0.062587 0.795225
vt 0.468756 0.984672
vt 0.468756 0.969050
vt 0.437513 0.984278
vt 0.437513 0.999900
vt 0.458342 0.979192
vt 0.958242 0.609570
vt 0.937413 0.610944
vt 0.968656 0.617164
vt 0.968656 0.601542
vt 0.999900 0.609353
vt 0.031344 0.601542
vt 0.031344 0.617164
vt 0.000100 0.609353
vt 0.041758 0.609570
vt 0.062587 0.624975
vt 0.062587 0.610944
vt 0.531244 0.265980
vt 0.538307 0.281716
vt 0.542700 0.271488
vt 0.093595 0.890393
vt 0.087231 0.874807
vt 0.082460 0.885078
vt 0.062587 0.874925
vt 0.062443 0.888956
vt 0.593495 0.359200
vt 0.562251 0.363025
vt 0.559016 0.345517
vt 0.593731 0.375025
vt 0.583228 0.365089
vt 0.156463 0.172262
vt 0.187562 0.160737
vt 0.167775 0.177789
vt 0.188170 0.175676
vt 0.312537 0.723125
vt 0.333367 0.740090
vt 0.312537 0.738153
vt 0.343781 0.749950
vt 0.343781 0.734328
vt 0.375025 0.745532
vt 0.312538 0.754368
vt 0.781981 0.515622
vt 0.781194 0.500000
vt 0.812438 0.500000
vt 0.771020 0.510415
vt 0.749950 0.500000
vt 0.750738 0.515622
vt 0.031344 0.632786
vt 0.031344 0.648408
vt 0.000100 0.640597
vt 0.041758 0.640814
vt 0.062587 0.656219
vt 0.062587 0.642188
vt 0.531244 0.703478
vt 0.500000 0.706910
vt 0.500000 0.691881
vt 0.531244 0.719100
vt 0.500000 0.723125
vt 0.520829 0.708967
vt 0.093188 0.453098
vt 0.100839 0.468756
vt 0.116238 0.437513
vt 0.105114 0.458342
vt 0.125075 0.453134
vt 0.406505 0.327956
vt 0.395943 0.322321
vt 0.375025 0.324334
vt 0.156725 0.390837
vt 0.149255 0.375447
vt 0.184091 0.376761
vt 0.145015 0.385571
vt 0.343781 0.078209
vt 0.312537 0.082034
vt 0.343781 0.093831
vt 0.333367 0.083971
vt 0.781893 0.765531
vt 0.781194 0.749950
vt 0.815909 0.751686
vt 0.755782 0.778278
vt 0.770953 0.760278
vt 0.750321 0.765222
vt 0.708292 0.052727
vt 0.687463 0.050791
vt 0.718706 0.062587
vt 0.718706 0.046966
vt 0.749950 0.058169
vt 0.281294 0.046966
vt 0.281757 0.031434
vt 0.271053 0.041238
vt 0.255882 0.028428
vt 0.250657 0.043231
vt 0.746479 0.845417
vt 0.769734 0.865033
vt 0.749714 0.862604
vt 0.774593 0.875043
vt 0.780577 0.859612
vt 0.808966 0.876661
vt 0.749950 0.874925
vt 0.656219 0.015400
vt 0.656219 0.000100
vt 0.687463 0.000100
vt 0.645804 0.009960
vt 0.624975 0.000100
vt 0.624975 0.012218
vt 0.843300 0.484260
vt 0.836438 0.468638
vt 0.871454 0.467020
vt 0.832069 0.479127
vt 0.803601 0.468756
vt 0.811650 0.484378
vt 0.593731 0.327766
vt 0.562251 0.328277
vt 0.593495 0.343506
vt 0.583228 0.333290
vt 0.937413 0.781194
vt 0.916757 0.760234
vt 0.937413 0.763981
vt 0.906632 0.750218
vt 0.906632 0.765767
vt 0.880757 0.752866
vt 0.937413 0.749950
vt 0.468756 0.703478
vt 0.468756 0.687856
vt 0.437513 0.703084
vt 0.437513 0.718706
vt 0.437513 0.687463
vt 0.458342 0.697998
vt 0.958242 0.640814
vt 0.937413 0.642188
vt 0.968656 0.648408
vt 0.968656 0.632786
vt 0.999900 0.640597
vt 0.219187 0.015840
vt 0.225870 0.031158
vt 0.250050 0.000100
vt 0.230351 0.020887
vt 0.250657 0.015490
vt 0.344244 0.859141
vt 0.312909 0.859653
vt 0.318370 0.846597
vt 0.343545 0.874649
vt 0.333452 0.864521
vt 0.842894 0.921791
vt 0.843681 0.937413
vt 0.812438 0.937413
vt 0.853855 0.926998
vt 0.874925 0.937413
vt 0.874138 0.921791
vt 0.583490 0.396375
vt 0.563095 0.394382
vt 0.594194 0.406179
vt 0.593731 0.390647
vt 0.568320 0.409185
vt 0.871454 0.564223
vt 0.894624 0.583882
vt 0.874081 0.581641
vt 0.899342 0.594035
vt 0.905788 0.578264
vt 0.869093 0.596647
vt 0.531244 0.047359
vt 0.500000 0.050791
vt 0.500000 0.035762
vt 0.531244 0.062981
vt 0.500000 0.067006
vt 0.520829 0.052848
vt 0.958242 0.672058
vt 0.937413 0.673432
vt 0.968656 0.679652
vt 0.968656 0.664030
vt 0.999900 0.671841
vt 0.937413 0.687462
vt 0.031344 0.664030
vt 0.031344 0.679652
vt 0.000100 0.671841
vt 0.041758 0.672058
vt 0.062587 0.687463
vt 0.062587 0.673432
vt 0.468756 0.953428
vt 0.468756 0.937806
vt 0.437513 0.953035
vt 0.458342 0.947948
vt 0.083417 0.677265
vt 0.093831 0.687499
vt 0.093831 0.671877
vt 0.406269 0.952641
vt 0.406269 0.937019
vt 0.395854 0.947152
vt 0.375025 0.932994
vt 0.375025 0.949209
vt 0.184091 0.939148
vt 0.167927 0.916714
vt 0.187934 0.922140
vt 0.163789 0.906473
vt 0.156725 0.921909
vt 0.133912 0.906169
vt 0.333540 0.833787
vt 0.313145 0.831795
vt 0.344244 0.843591
vt 0.343781 0.828059
vt 0.769670 0.458342
vt 0.749950 0.453134
vt 0.773544 0.468756
vt 0.781194 0.453134
vt 0.718706 0.765572
vt 0.725770 0.781008
vt 0.730163 0.770693
vt 0.281294 0.765572
vt 0.281294 0.781194
vt 0.291708 0.771334
vt 0.312537 0.769397
vt 0.093044 0.515586
vt 0.086824 0.500000
vt 0.082308 0.510198
vt 0.406269 0.702691
vt 0.406269 0.687069
vt 0.375025 0.714288
vt 0.395854 0.697202
vt 0.375025 0.699259
vt 0.156319 0.640597
vt 0.163382 0.656405
vt 0.167775 0.646325
vt 0.187934 0.644129
vt 0.655838 0.296404
vt 0.649155 0.280872
vt 0.683991 0.279558
vt 0.644674 0.291023
vt 0.780958 0.359213
vt 0.781194 0.343388
vt 0.770691 0.353597
vt 0.749714 0.355781
vt 0.718089 0.265672
vt 0.718007 0.281479
vt 0.728770 0.271400
vt 0.749106 0.269204
vt 0.687463 0.691881
vt 0.708118 0.708880
vt 0.687463 0.706910
vt 0.718244 0.718796
vt 0.718243 0.703247
vt 0.687463 0.723125
vt 0.780813 0.890344
vt 0.769823 0.884829
vt 0.749950 0.887043
vt 0.656219 0.921791
vt 0.656219 0.906169
vt 0.624975 0.917965
vt 0.624975 0.932994
vt 0.645804 0.916029
vt 0.843681 0.640597
vt 0.854096 0.645804
vt 0.593731 0.952641
vt 0.562488 0.953035
vt 0.593731 0.968263
vt 0.583317 0.958121
vt 0.937413 0.218806
vt 0.917452 0.197760
vt 0.937557 0.201593
vt 0.912533 0.187562
vt 0.906314 0.203221
vt 0.937413 0.187562
vt 0.468756 0.859697
vt 0.468756 0.844075
vt 0.500000 0.848100
vt 0.437513 0.859303
vt 0.437513 0.843681
vt 0.458342 0.854217
vt 0.958242 0.703301
vt 0.937557 0.704675
vt 0.968656 0.710895
vt 0.968656 0.695273
vt 0.999900 0.703084
vt 0.937413 0.718706
vt 0.031344 0.695274
vt 0.031344 0.710895
vt 0.000100 0.703084
vt 0.062443 0.704676
vt 0.062587 0.718706
vt 0.041758 0.703301
vt 0.531244 0.859697
vt 0.500000 0.863128
vt 0.531244 0.875319
vt 0.520829 0.865186
vt 0.344162 0.265482
vt 0.344244 0.249746
vt 0.375025 0.250050
vt 0.313381 0.262140
vt 0.333629 0.259900
vt 0.843300 0.297106
vt 0.832069 0.291753
vt 0.811650 0.296916
vt 0.593731 0.858909
vt 0.562488 0.859303
vt 0.593731 0.874531
vt 0.583317 0.864390
vt 0.894624 0.302688
vt 0.874081 0.300447
vt 0.899342 0.312841
vt 0.905788 0.297070
vt 0.869093 0.315454
vt 0.520829 0.740211
vt 0.500000 0.738153
vt 0.531244 0.750344
vt 0.531244 0.734722
vt 0.562488 0.749950
vt 0.500000 0.754368
vt 0.958242 0.734111
vt 0.937557 0.732737
vt 0.968656 0.742139
vt 0.968656 0.726517
vt 0.999900 0.734328
vt 0.031344 0.726517
vt 0.031344 0.742139
vt 0.000100 0.734328
vt 0.041758 0.734111
vt 0.062587 0.749950
vt 0.062443 0.732737
vt 0.531244 0.078603
vt 0.500000 0.082035
vt 0.531244 0.094225
vt 0.500000 0.098250
vt 0.520829 0.084092
vt 0.093976 0.828417
vt 0.100196 0.843681
vt 0.062587 0.843681
vt 0.125075 0.816856
vt 0.105114 0.833821
vt 0.125075 0.831563
vt 0.593731 0.015328
vt 0.562488 0.015722
vt 0.562487 0.000100
vt 0.593731 0.030950
vt 0.583317 0.020809
vt 0.128547 0.283030
vt 0.145036 0.302645
vt 0.125311 0.300216
vt 0.149718 0.312656
vt 0.156319 0.297224
vt 0.125075 0.312537
vt 0.656219 0.734328
vt 0.656219 0.718706
vt 0.624975 0.745532
vt 0.645804 0.728566
vt 0.624975 0.730503
vt 0.780731 0.140535
vt 0.780731 0.124985
vt 0.770606 0.134901
vt 0.749950 0.136872
vt 0.281058 0.672044
vt 0.281294 0.656219
vt 0.270791 0.666155
vt 0.250050 0.651801
vt 0.249814 0.668219
vt 0.708380 0.677679
vt 0.687463 0.675666
vt 0.718943 0.687738
vt 0.718943 0.672044
vt 0.207262 0.521394
vt 0.186719 0.519154
vt 0.218425 0.515740
vt 0.406269 0.733934
vt 0.406269 0.718313
vt 0.375025 0.730503
vt 0.395854 0.728446
vt 0.832225 0.771389
vt 0.812066 0.769104
vt 0.836618 0.781616
vt 0.843681 0.765880
vt 0.871454 0.782930
vt 0.806606 0.784110
vt 0.656219 0.703084
vt 0.656219 0.687463
vt 0.645804 0.697323
vt 0.624975 0.699259
vt 0.219423 0.859612
vt 0.218806 0.843681
vt 0.253522 0.845417
vt 0.208480 0.854140
vt 0.187563 0.859303
vt 0.708292 0.115215
vt 0.687463 0.113278
vt 0.718706 0.125075
vt 0.718706 0.109453
vt 0.281294 0.109453
vt 0.281294 0.093831
vt 0.250050 0.120657
vt 0.270879 0.103691
vt 0.250050 0.089413
vt 0.250050 0.105628
vt 0.208477 0.646249
vt 0.219269 0.656129
vt 0.218570 0.640394
vt 0.333367 0.708846
vt 0.312537 0.706910
vt 0.343781 0.718706
vt 0.343781 0.703084
vt 0.144795 0.427098
vt 0.125075 0.421891
vt 0.148669 0.437513
vt 0.156319 0.421891
vt 0.593731 0.733934
vt 0.562488 0.734328
vt 0.593731 0.749556
vt 0.583317 0.739415
vt 0.082308 0.489802
vt 0.093188 0.484414
vt 0.531244 0.828453
vt 0.500000 0.831885
vt 0.500000 0.816856
vt 0.531244 0.844075
vt 0.520829 0.833942
vt 0.958242 0.765355
vt 0.968656 0.773383
vt 0.968656 0.757761
vt 0.999900 0.765572
vt 0.031344 0.757761
vt 0.031344 0.773383
vt 0.000100 0.765572
vt 0.041758 0.765355
vt 0.062587 0.763981
vt 0.468756 0.828453
vt 0.468756 0.812831
vt 0.437513 0.828059
vt 0.458342 0.822973
vt 0.906314 0.171904
vt 0.906632 0.156051
vt 0.937413 0.156319
vt 0.895928 0.166213
vt 0.880757 0.153403
vt 0.875533 0.168527
vt 0.843681 0.140697
vt 0.850745 0.156133
vt 0.855138 0.145817
vt 0.875297 0.140347
vt 0.593731 0.765178
vt 0.562488 0.765572
vt 0.593731 0.780800
vt 0.583317 0.770659
vt 0.093687 0.203221
vt 0.093368 0.219074
vt 0.062587 0.218806
vt 0.104072 0.208912
vt 0.119243 0.221722
vt 0.124467 0.206598
vt 0.468293 0.484610
vt 0.468293 0.469060
vt 0.437513 0.484378
vt 0.437513 0.468756
vt 0.458168 0.479258
vt 0.958242 0.796599
vt 0.937413 0.795225
vt 0.968656 0.804627
vt 0.968656 0.789005
vt 0.999900 0.796816
vt 0.937413 0.812437
vt 0.031344 0.789005
vt 0.031344 0.804627
vt 0.000100 0.796816
vt 0.041758 0.796599
vt 0.469373 0.297224
vt 0.468992 0.281412
vt 0.458519 0.291797
vt 0.906169 0.984314
vt 0.906169 0.968692
vt 0.937413 0.968656
vt 0.874925 0.999900
vt 0.895754 0.979071
vt 0.874925 0.984278
vt 0.593731 0.140303
vt 0.562488 0.140697
vt 0.593731 0.155925
vt 0.624975 0.151900
vt 0.583317 0.145784
vt 0.843763 0.796775
vt 0.854007 0.802501
vt 0.874081 0.800347
vt 0.343781 0.765572
vt 0.343781 0.781194
vt 0.333367 0.771334
vt 0.769408 0.271444
vt 0.773724 0.281597
vt 0.780170 0.265862
vt 0.281757 0.015563
vt 0.281294 0.000100
vt 0.312537 0.000100
vt 0.271053 0.010428
vt 0.281058 0.515740
vt 0.288121 0.531548
vt 0.292661 0.521394
vt 0.318370 0.534160
vt 0.312909 0.519154
vt 0.781575 0.671650
vt 0.781194 0.655825
vt 0.770868 0.666035
vt 0.750186 0.668219
vt 0.656219 0.828059
vt 0.656219 0.812438
vt 0.687463 0.816856
vt 0.645804 0.822298
vt 0.624975 0.824234
vt 0.815909 0.033080
vt 0.832225 0.052694
vt 0.812066 0.050497
vt 0.843681 0.046966
vt 0.333367 0.177702
vt 0.312537 0.175766
vt 0.343781 0.187563
vt 0.343781 0.171941
vt 0.375025 0.183144
vt 0.207435 0.801979
vt 0.187563 0.796816
vt 0.211743 0.812016
vt 0.218888 0.796857
vt 0.246579 0.810702
vt 0.181730 0.809522
vt 0.281675 0.828571
vt 0.281058 0.812713
vt 0.270879 0.822973
vt 0.250050 0.828059
vt 0.708292 0.990040
vt 0.687463 0.987782
vt 0.718706 0.999900
vt 0.718706 0.984600
vt 0.749950 0.999900
vt 0.687463 0.999900
vt 0.218189 0.827751
vt 0.207173 0.822243
vt 0.186719 0.824528
vt 0.655756 0.765410
vt 0.655756 0.749860
vt 0.681631 0.752866
vt 0.645631 0.759776
vt 0.624975 0.761747
vt 0.906487 0.827864
vt 0.906632 0.843414
vt 0.880757 0.840765
vt 0.916757 0.833397
vt 0.937413 0.843681
vt 0.937413 0.829651
vt 0.593731 0.171547
vt 0.562488 0.171941
vt 0.593731 0.187169
vt 0.562488 0.187563
vt 0.583317 0.177027
vt 0.916757 0.229091
vt 0.937413 0.232837
vt 0.906632 0.219074
vt 0.906632 0.234623
vt 0.531480 0.609557
vt 0.500000 0.613178
vt 0.531480 0.625251
vt 0.520918 0.615191
vt 0.958242 0.828276
vt 0.968656 0.835870
vt 0.968656 0.820248
vt 0.999900 0.828059
vt 0.031344 0.820249
vt 0.031344 0.835870
vt 0.000100 0.828059
vt 0.062587 0.826468
vt 0.041758 0.827842
vt 0.519873 0.333411
vt 0.500000 0.328159
vt 0.524180 0.343596
vt 0.531326 0.328509
vt 0.878397 0.720442
vt 0.896016 0.740101
vt 0.875769 0.737860
vt 0.906550 0.734482
vt 0.593968 0.234238
vt 0.562251 0.234546
vt 0.562488 0.218806
vt 0.593731 0.250050
vt 0.628447 0.248314
vt 0.583317 0.239635
vt 0.406269 0.109059
vt 0.406269 0.093438
vt 0.437513 0.093831
vt 0.375025 0.105628
vt 0.395854 0.103571
vt 0.082549 0.333584
vt 0.087467 0.343781
vt 0.093831 0.328123
vt 0.531625 0.515812
vt 0.500236 0.519244
vt 0.531244 0.531638
vt 0.562488 0.531244
vt 0.520918 0.521428
vt 0.958242 0.859520
vt 0.937557 0.860894
vt 0.968656 0.867114
vt 0.968656 0.851492
vt 0.999900 0.859303
vt 0.937413 0.874925
vt 0.031344 0.851492
vt 0.031344 0.867114
vt 0.000100 0.859303
vt 0.041758 0.859520
vt 0.062443 0.860894
vt 0.531244 0.203578
vt 0.500000 0.207010
vt 0.500000 0.191981
vt 0.531244 0.219200
vt 0.520829 0.209067
vt 0.906405 0.328314
vt 0.894801 0.323083
vt 0.874554 0.328509
vt 0.406269 0.858909
vt 0.406269 0.843288
vt 0.375025 0.855478
vt 0.395854 0.853421
vt 0.156319 0.765880
vt 0.144863 0.760540
vt 0.124704 0.765922
vt 0.656219 0.171941
vt 0.656219 0.156319
vt 0.645804 0.166179
vt 0.624975 0.168116
vt 0.208565 0.364697
vt 0.187934 0.359753
vt 0.218806 0.375025
vt 0.219505 0.359444
vt 0.281376 0.297265
vt 0.250050 0.296916
vt 0.274230 0.312352
vt 0.244218 0.309621
vt 0.269923 0.302167
vt 0.281675 0.390529
vt 0.250286 0.390529
vt 0.281294 0.406269
vt 0.270968 0.395810
vt 0.207262 0.240200
vt 0.211979 0.250354
vt 0.218425 0.234546
vt 0.312537 0.629393
vt 0.333367 0.646359
vt 0.312537 0.644422
vt 0.343781 0.656219
vt 0.343781 0.640597
vt 0.843218 0.328391
vt 0.854011 0.333498
vt 0.656219 0.953034
vt 0.656219 0.937413
vt 0.645804 0.947273
vt 0.624975 0.949209
vt 0.208477 0.396419
vt 0.187934 0.394179
vt 0.219269 0.406573
vt 0.218570 0.390837
vt 0.708469 0.802577
vt 0.687699 0.800437
vt 0.718943 0.812713
vt 0.719323 0.796816
vt 0.753422 0.810702
vt 0.281058 0.797019
vt 0.249814 0.793194
vt 0.270791 0.791130
vt 0.780731 0.078047
vt 0.780731 0.062497
vt 0.770606 0.072414
vt 0.749950 0.074384
vt 0.333367 0.958796
vt 0.312537 0.956860
vt 0.343781 0.968656
vt 0.343781 0.953034
vt 0.844705 0.515812
vt 0.851152 0.531548
vt 0.821274 0.531244
vt 0.855467 0.521394
vt 0.875769 0.519154
vt 0.406269 0.452741
vt 0.406269 0.437119
vt 0.375025 0.449309
vt 0.375025 0.464338
vt 0.375025 0.433094
vt 0.395854 0.447252
vt 0.906550 0.703239
vt 0.912770 0.718824
vt 0.917540 0.708553
vt 0.531244 0.109847
vt 0.500000 0.113278
vt 0.531244 0.125469
vt 0.520829 0.115336
vt 0.958242 0.890330
vt 0.937557 0.888956
vt 0.968656 0.898358
vt 0.968656 0.882736
vt 0.999900 0.890547
vt 0.031344 0.882736
vt 0.031344 0.898358
vt 0.000100 0.890547
vt 0.041758 0.890330
vt 0.468756 0.109847
vt 0.468756 0.094225
vt 0.437513 0.109453
vt 0.458342 0.104366
vt 0.906024 0.609389
vt 0.894713 0.604233
vt 0.874318 0.609585
vt 0.593731 0.671447
vt 0.562488 0.671841
vt 0.593731 0.687069
vt 0.583317 0.676928
vt 0.832314 0.177713
vt 0.812066 0.175472
vt 0.836854 0.187866
vt 0.843918 0.172059
vt 0.806606 0.190479
vt 0.093687 0.359439
vt 0.093368 0.375293
vt 0.104072 0.365131
vt 0.124468 0.362817
vt 0.468756 0.765966
vt 0.468756 0.750344
vt 0.437513 0.765572
vt 0.437513 0.749950
vt 0.458342 0.760485
vt 0.958242 0.922008
vt 0.937413 0.923382
vt 0.968656 0.929602
vt 0.968656 0.913980
vt 0.999900 0.921791
vt 0.937413 0.937413
vt 0.031344 0.913980
vt 0.031344 0.929602
vt 0.000100 0.921791
vt 0.041758 0.922008
vt 0.520829 0.771454
vt 0.500000 0.769397
vt 0.531244 0.781588
vt 0.531244 0.765966
vt 0.500000 0.785612
vt 0.906024 0.921827
vt 0.894645 0.916583
vt 0.593351 0.577919
vt 0.561880 0.577878
vt 0.562488 0.562488
vt 0.582187 0.583186
vt 0.156237 0.547215
vt 0.155856 0.531548
vt 0.145819 0.541789
vt 0.312537 0.910587
vt 0.333367 0.927553
vt 0.312537 0.925616
vt 0.343781 0.937413
vt 0.343781 0.921791
vt 0.780813 0.608841
vt 0.769649 0.603460
vt 0.749343 0.605618
vt 0.690934 0.532980
vt 0.708380 0.552672
vt 0.687699 0.550487
vt 0.718706 0.562881
vt 0.719087 0.547056
vt 0.281294 0.171941
vt 0.281294 0.156319
vt 0.270879 0.166179
vt 0.250050 0.151900
vt 0.250050 0.168116
vt 0.208477 0.927009
vt 0.218570 0.937137
vt 0.219269 0.921628
vt 0.344162 0.296404
vt 0.312538 0.296916
vt 0.343545 0.312262
vt 0.333367 0.302002
vt 0.832378 0.552030
vt 0.812618 0.546634
vt 0.836618 0.562302
vt 0.844088 0.546984
vt 0.406650 0.577919
vt 0.406269 0.562094
vt 0.375261 0.574488
vt 0.375025 0.558069
vt 0.395943 0.572303
vt 0.717919 0.484378
vt 0.718706 0.500000
vt 0.687463 0.500000
vt 0.749163 0.484378
vt 0.728880 0.489585
vt 0.719087 0.422009
vt 0.725950 0.437631
vt 0.730318 0.427142
vt 0.219449 0.265744
vt 0.196399 0.281294
vt 0.207591 0.260551
vt 0.187742 0.265903
vt 0.656219 0.515228
vt 0.656219 0.499606
vt 0.624975 0.526826
vt 0.645804 0.509740
vt 0.624975 0.511797
vt 0.156319 0.953035
vt 0.163382 0.968842
vt 0.167775 0.958763
vt 0.193395 0.971573
vt 0.187934 0.956566
vt 0.405806 0.421728
vt 0.405806 0.406179
vt 0.375025 0.418066
vt 0.395681 0.416095
vt 0.905933 0.452980
vt 0.906632 0.437245
vt 0.895839 0.447362
vt 0.875296 0.449603
vt 0.531244 0.953428
vt 0.500000 0.956860
vt 0.531244 0.969050
vt 0.520829 0.958917
vt 0.958242 0.953251
vt 0.937413 0.954626
vt 0.968656 0.960845
vt 0.968656 0.945224
vt 0.999900 0.953035
vt 0.031344 0.945224
vt 0.031344 0.960845
vt 0.000100 0.953035
vt 0.041758 0.953251
vt 0.468756 0.078603
vt 0.468756 0.062981
vt 0.437513 0.078209
vt 0.458342 0.073123
vt 0.906169 0.953071
vt 0.906169 0.937449
vt 0.895754 0.947827
vt 0.874925 0.953035
vt 0.594194 0.421728
vt 0.563095 0.422122
vt 0.593731 0.437119
vt 0.583490 0.427064
vt 0.831896 0.896319
vt 0.811594 0.894079
vt 0.836211 0.906473
vt 0.842658 0.890737
vt 0.333193 0.615149
vt 0.312537 0.613178
vt 0.343318 0.625065
vt 0.343318 0.609515
vt 0.753422 0.217071
vt 0.770779 0.239635
vt 0.749950 0.234428
vt 0.780958 0.250168
vt 0.781575 0.234310
vt 0.968656 0.976467
vt 0.937413 0.985869
vt 0.968656 0.992089
vt 0.999900 0.984278
vt 0.937413 0.999900
vt 0.958242 0.984495
vt 0.031344 0.976467
vt 0.031344 0.992089
vt 0.000100 0.984278
vt 0.041758 0.984495
vt 0.468756 0.015794
vt 0.468756 0.000100
vt 0.500000 0.000100
vt 0.437513 0.015722
vt 0.437513 0.031344
vt 0.437512 0.000100
vt 0.458342 0.010515
vt 0.894624 0.802588
vt 0.899342 0.812741
vt 0.905788 0.796970
vt 0.406269 0.015328
vt 0.406269 0.000100
vt 0.375025 0.012218
vt 0.375025 0.026925
vt 0.375025 0.000100
vt 0.395854 0.009960
vt 0.833355 0.864466
vt 0.812438 0.859303
vt 0.843681 0.874925
vt 0.844298 0.858995
vt 0.333367 0.990040
vt 0.343781 0.999900
vt 0.343781 0.984600
vt 0.781112 0.796857
vt 0.781194 0.781194
vt 0.770868 0.791130
vt 0.750794 0.793284
vt 0.270011 0.865033
vt 0.250286 0.862604
vt 0.281294 0.859612
vt 0.718706 0.859612
vt 0.711643 0.844103
vt 0.687091 0.859653
vt 0.690934 0.876661
vt 0.707250 0.854271
vt 0.781430 0.046762
vt 0.781430 0.031068
vt 0.770868 0.041128
vt 0.749950 0.043141
vt 0.343781 0.578110
vt 0.312301 0.581731
vt 0.344017 0.594007
vt 0.333367 0.583871
vt 0.832225 0.396375
vt 0.812066 0.394179
vt 0.843681 0.390647
vt 0.593731 0.452741
vt 0.562251 0.453252
vt 0.593495 0.468481
vt 0.583228 0.458265
vt 0.082308 0.083634
vt 0.062443 0.079800
vt 0.086824 0.093831
vt 0.093044 0.078246
vt 0.062587 0.093831
vt 0.531244 0.015794
vt 0.500000 0.019226
vt 0.531244 0.031738
vt 0.520829 0.021484
vt 0.281757 0.703247
vt 0.281058 0.687738
vt 0.255882 0.715790
vt 0.270964 0.697867
vt 0.250421 0.702735
vt 0.781194 0.952641
vt 0.781194 0.937019
vt 0.770779 0.947152
vt 0.749950 0.949209
vt 0.333367 0.021363
vt 0.312537 0.019226
vt 0.343781 0.031344
vt 0.343781 0.015400
vt 0.144774 0.365175
vt 0.156083 0.359594
vt 0.406269 0.483984
vt 0.406269 0.468363
vt 0.395854 0.478496
vt 0.375025 0.480553
vt 0.916757 0.427228
vt 0.468756 0.359403
vt 0.437513 0.363228
vt 0.468756 0.375025
vt 0.458342 0.365165
vt 0.937413 0.000100
vt 0.958242 0.015505
vt 0.937413 0.014131
vt 0.968656 0.023533
vt 0.968656 0.007911
vt 0.999900 0.015722
vt 0.031344 0.007911
vt 0.031344 0.023533
vt 0.000100 0.015722
vt 0.062587 0.000100
vt 0.041758 0.015505
vt 0.062587 0.014131
vt 0.530863 0.359200
vt 0.519699 0.353599
vt 0.499393 0.355668
vt 0.156319 0.718706
vt 0.166645 0.729165
vt 0.406269 0.671447
vt 0.406269 0.655825
vt 0.437513 0.656219
vt 0.375025 0.668016
vt 0.395854 0.665958
vt 0.843064 0.578109
vt 0.842982 0.593917
vt 0.853745 0.583838
vt 0.656682 0.609515
vt 0.655983 0.594007
vt 0.625346 0.609004
vt 0.630807 0.622059
vt 0.645889 0.604135
vt 0.218570 0.952831
vt 0.219269 0.968566
vt 0.208477 0.958686
vt 0.281294 0.140697
vt 0.281294 0.125075
vt 0.270879 0.134935
vt 0.250050 0.136872
vt 0.468756 0.047359
vt 0.468756 0.031738
vt 0.437513 0.046966
vt 0.458342 0.041879
vt 0.874925 0.000100
vt 0.894886 0.021363
vt 0.874925 0.018904
vt 0.906024 0.015758
vt 0.593731 0.921397
vt 0.562488 0.921791
vt 0.593731 0.937019
vt 0.583317 0.926877
vt 0.144948 0.833777
vt 0.155938 0.828263
vt 0.343781 0.421497
vt 0.312301 0.422009
vt 0.343545 0.437237
vt 0.333278 0.427022
vt 0.208477 0.208402
vt 0.218570 0.218531
vt 0.219269 0.203022
vt 0.708380 0.333845
vt 0.687699 0.331781
vt 0.718706 0.343781
vt 0.719087 0.327956
vt 0.707162 0.833952
vt 0.686855 0.831795
vt 0.718326 0.828571
vt 0.781112 0.203225
vt 0.780731 0.187473
vt 0.770694 0.197465
vt 0.750186 0.199563
vt 0.333452 0.458786
vt 0.312909 0.456666
vt 0.344244 0.468666
vt 0.343545 0.452931
vt 0.833508 0.239635
vt 0.813225 0.234428
vt 0.843681 0.250050
vt 0.844469 0.234428
vt 0.593731 0.077816
vt 0.562488 0.078209
vt 0.593731 0.093438
vt 0.583317 0.083296
vt 0.093976 0.015686
vt 0.093831 0.000100
vt 0.125075 0.000100
vt 0.083417 0.010298
vt 0.468756 0.734722
vt 0.479171 0.740211
vt 0.968656 0.039155
vt 0.937413 0.048557
vt 0.968656 0.054777
vt 0.999900 0.046966
vt 0.031344 0.039155
vt 0.031344 0.054777
vt 0.000100 0.046966
vt 0.041758 0.047183
vt 0.208303 0.115139
vt 0.187326 0.113075
vt 0.218806 0.125075
vt 0.218570 0.109250
vt 0.343545 0.515419
vt 0.344244 0.531154
vt 0.333452 0.521274
vt 0.843218 0.609585
vt 0.833005 0.604188
vt 0.812202 0.609235
vt 0.406269 0.921397
vt 0.406269 0.905775
vt 0.375025 0.917966
vt 0.395854 0.915909
vt 0.082460 0.864683
vt 0.093595 0.859149
vt 0.468293 0.265903
vt 0.499629 0.266021
vt 0.479086 0.271010
vt 0.958242 0.078426
vt 0.937413 0.079800
vt 0.968656 0.086020
vt 0.968656 0.070398
vt 0.999900 0.078209
vt 0.031344 0.070398
vt 0.031344 0.086020
vt 0.000100 0.078209
vt 0.041758 0.078426
vt 0.468520 0.609557
vt 0.469219 0.593821
vt 0.437884 0.605821
vt 0.458427 0.603701
vt 0.093976 0.140661
vt 0.100659 0.156015
vt 0.105287 0.145817
vt 0.406269 0.046572
vt 0.406269 0.030950
vt 0.375025 0.043141
vt 0.395854 0.041083
vt 0.843681 0.953035
vt 0.854096 0.958242
vt 0.656219 0.078209
vt 0.656219 0.062588
vt 0.645804 0.072448
vt 0.624975 0.074384
vt 0.208477 0.083427
vt 0.187934 0.078559
vt 0.218570 0.093556
vt 0.219269 0.078047
vt 0.281294 0.078209
vt 0.281294 0.062588
vt 0.270879 0.072448
vt 0.250050 0.074384
vt 0.719087 0.515740
vt 0.725950 0.531362
vt 0.730318 0.520873
vt 0.093044 0.109417
vt 0.093831 0.125039
vt 0.062587 0.125075
vt 0.104005 0.114660
vt 0.593495 0.484175
vt 0.594194 0.499910
vt 0.583402 0.490030
vt 0.156782 0.015490
vt 0.187562 0.000100
vt 0.166995 0.020887
vt 0.187799 0.015840
vt 0.656455 0.890344
vt 0.656455 0.874649
vt 0.645893 0.884709
vt 0.624975 0.886722
vt 0.208392 0.146459
vt 0.187562 0.144522
vt 0.218806 0.156319
vt 0.218806 0.140697
vt 0.281294 0.640597
vt 0.281294 0.624975
vt 0.270879 0.634835
vt 0.250050 0.636772
vt 0.280913 0.327956
vt 0.269749 0.322355
vt 0.249443 0.324424
vt 0.208303 0.614484
vt 0.187326 0.609471
vt 0.218570 0.624699
vt 0.218806 0.608959
vt 0.333278 0.896232
vt 0.312301 0.894169
vt 0.343781 0.906169
vt 0.343545 0.890344
vt 0.844062 0.015912
vt 0.843681 0.000100
vt 0.833355 0.010559
vt 0.812674 0.015840
vt 0.594194 0.515460
vt 0.563095 0.515853
vt 0.593731 0.530850
vt 0.583490 0.520795
vt 0.082308 0.427315
vt 0.086824 0.437513
vt 0.093188 0.421927
vt 0.468756 0.797210
vt 0.468756 0.781588
vt 0.437513 0.796816
vt 0.458342 0.791729
vt 0.968656 0.101642
vt 0.968656 0.117264
vt 0.999900 0.109453
vt 0.031344 0.101642
vt 0.031344 0.117264
vt 0.000100 0.109453
vt 0.041758 0.109236
vt 0.062443 0.107862
vt 0.531244 0.797210
vt 0.500000 0.800641
vt 0.531244 0.812831
vt 0.520829 0.802698
vt 0.656219 0.140697
vt 0.656219 0.125075
vt 0.645804 0.134935
vt 0.624975 0.136872
vt 0.156237 0.266021
vt 0.145819 0.260596
vt 0.125311 0.265790
vt 0.406269 0.140303
vt 0.406269 0.124681
vt 0.395854 0.134815
vt 0.375025 0.136872
vt 0.906632 0.140502
vt 0.916757 0.146034
vt 0.937413 0.142288
vt 0.468756 0.640991
vt 0.468520 0.625251
vt 0.437276 0.640479
vt 0.458253 0.635466
vt 0.958242 0.140914
vt 0.968656 0.148508
vt 0.968656 0.132886
vt 0.999900 0.140697
vt 0.031344 0.132886
vt 0.031344 0.148508
vt 0.000100 0.140697
vt 0.062587 0.139106
vt 0.041758 0.140480
vt 0.468992 0.515812
vt 0.468992 0.500118
vt 0.437513 0.515622
vt 0.437513 0.531244
vt 0.458430 0.510459
vt 0.906550 0.859149
vt 0.896016 0.853531
vt 0.875769 0.855771
vt 0.593731 0.202791
vt 0.562488 0.203184
vt 0.593731 0.218413
vt 0.583317 0.208271
vt 0.145904 0.708292
vt 0.124839 0.703202
vt 0.156555 0.702894
vt 0.656219 0.640597
vt 0.656682 0.625065
vt 0.645978 0.634869
vt 0.625583 0.636862
vt 0.208371 0.489543
vt 0.188114 0.484496
vt 0.218107 0.499814
vt 0.219131 0.484147
vt 0.708292 0.021363
vt 0.687463 0.019226
vt 0.718706 0.031344
vt 0.718706 0.015400
vt 0.708380 0.896233
vt 0.687699 0.894169
vt 0.718706 0.906169
vt 0.719087 0.890344
vt 0.208565 0.989572
vt 0.188170 0.984510
vt 0.218806 0.999900
vt 0.219269 0.984437
vt 0.406269 0.171547
vt 0.406269 0.155925
vt 0.375025 0.168116
vt 0.395854 0.166058
vt 0.157342 0.890737
vt 0.156319 0.874925
vt 0.146145 0.885340
vt 0.125626 0.890429
vt 0.344244 0.546703
vt 0.312909 0.547215
vt 0.343545 0.562212
vt 0.333452 0.552083
vt 0.780406 0.484378
vt 0.769429 0.479171
vt 0.281058 0.547056
vt 0.292661 0.541789
vt 0.281294 0.921791
vt 0.281294 0.906169
vt 0.270879 0.916029
vt 0.250050 0.917966
vt 0.208565 0.177669
vt 0.219269 0.187473
vt 0.218806 0.171941
vt 0.656455 0.546662
vt 0.656455 0.530968
vt 0.645893 0.541028
vt 0.624975 0.543041
vt 0.155938 0.515812
vt 0.144707 0.510459
vt 0.124287 0.515622
vt 0.406269 0.546472
vt 0.406269 0.530850
vt 0.395854 0.540983
vt 0.375025 0.543041
vt 0.083505 0.645977
vt 0.094067 0.656137
vt 0.094067 0.640443
vt 0.468756 0.672235
vt 0.468756 0.656613
vt 0.437513 0.671841
vt 0.458342 0.666754
vt 0.958242 0.172158
vt 0.937557 0.173532
vt 0.968656 0.179752
vt 0.968656 0.164130
vt 0.999900 0.171941
vt 0.031344 0.164130
vt 0.031344 0.179752
vt 0.000100 0.171941
vt 0.041758 0.172158
vt 0.531244 0.672234
vt 0.500000 0.675666
vt 0.531244 0.687856
vt 0.520829 0.677723
vt 0.093368 0.765767
vt 0.104161 0.770910
vt 0.156319 0.453134
vt 0.144795 0.447927
vt 0.406269 0.765178
vt 0.406269 0.749556
vt 0.375025 0.761747
vt 0.395854 0.759690
vt 0.104157 0.697921
vt 0.093450 0.703239
vt 0.468756 0.203578
vt 0.468756 0.187956
vt 0.437513 0.203184
vt 0.437513 0.218806
vt 0.437513 0.187563
vt 0.458342 0.198098
vt 0.958242 0.202967
vt 0.968656 0.210995
vt 0.968656 0.195373
vt 0.999900 0.203184
vt 0.031344 0.195373
vt 0.031344 0.210995
vt 0.000100 0.203184
vt 0.041758 0.202967
vt 0.062443 0.201593
vt 0.531244 0.547259
vt 0.562488 0.546866
vt 0.541658 0.541779
vt 0.917540 0.510242
vt 0.906550 0.515776
vt 0.406033 0.202994
vt 0.406269 0.187169
vt 0.374789 0.199563
vt 0.395766 0.197378
vt 0.832310 0.458297
vt 0.812438 0.453134
vt 0.844088 0.452944
vt 0.332237 0.208989
vt 0.311930 0.206920
vt 0.343400 0.203388
vt 0.770868 0.833222
vt 0.749950 0.828059
vt 0.781194 0.843681
vt 0.781811 0.827751
vt 0.707162 0.740132
vt 0.686855 0.738063
vt 0.711643 0.750136
vt 0.718326 0.734532
vt 0.281294 0.734328
vt 0.281757 0.718796
vt 0.250658 0.730593
vt 0.271053 0.728600
vt 0.781194 0.984206
vt 0.781194 0.968263
vt 0.770779 0.978516
vt 0.749950 0.980775
vt 0.656219 0.265363
vt 0.624604 0.265322
vt 0.644763 0.270704
vt 0.708380 0.209022
vt 0.687463 0.207010
vt 0.718943 0.219082
vt 0.718943 0.203388
vt 0.145819 0.802535
vt 0.125311 0.800438
vt 0.155856 0.812528
vt 0.156237 0.796775
vt 0.780869 0.296684
vt 0.769670 0.291708
vt 0.208371 0.302080
vt 0.188114 0.297034
vt 0.218107 0.312352
vt 0.219131 0.296684
vt 0.218806 0.702776
vt 0.207350 0.697268
vt 0.187191 0.699553
vt 0.656600 0.234632
vt 0.662820 0.249932
vt 0.667590 0.240146
vt 0.844298 0.734637
vt 0.843681 0.718706
vt 0.833355 0.729165
vt 0.812438 0.734328
vt 0.593731 0.546472
vt 0.593731 0.562094
vt 0.583317 0.551952
vt 0.093450 0.734482
vt 0.087231 0.718824
vt 0.082460 0.728948
vt 0.468756 0.453528
vt 0.468756 0.437906
vt 0.437513 0.453134
vt 0.458342 0.448048
vt 0.958242 0.234211
vt 0.968656 0.242239
vt 0.968656 0.226617
vt 0.999900 0.234428
vt 0.031344 0.226617
vt 0.031344 0.242239
vt 0.000100 0.234428
vt 0.041758 0.234211
vt 0.062587 0.232837
vt 0.468756 0.234822
vt 0.468756 0.219200
vt 0.437513 0.234428
vt 0.458342 0.229341
vt 0.094212 0.297070
vt 0.094067 0.281376
vt 0.083505 0.291536
vt 0.406269 0.234428
vt 0.406033 0.218688
vt 0.374789 0.234310
vt 0.395766 0.229177
vt 0.093368 0.234623
vt 0.083243 0.229091
vt 0.354196 0.416008
vt 0.166645 0.864466
vt 0.788257 0.687041
vt 0.792650 0.697268
vt 0.103984 0.740101
vt 0.093368 0.750218
vt 0.855315 0.740145
vt 0.850745 0.750372
vt 0.354196 0.728566
vt 0.788257 0.812016
vt 0.792827 0.822243
vt 0.600795 0.624553
vt 0.605276 0.634704
vt 0.896016 0.521394
vt 0.729121 0.947273
vt 0.792785 0.427185
vt 0.788844 0.437512
vt 0.792718 0.447927
vt 0.906169 0.250014
vt 0.895928 0.239722
vt 0.875533 0.234660
vt 0.144948 0.322562
vt 0.125075 0.324977
vt 0.479171 0.990040
vt 0.468756 0.999900
vt 0.666460 0.489552
vt 0.686855 0.484610
vt 0.791346 0.572337
vt 0.811594 0.574578
vt 0.604146 0.822177
vt 0.707247 0.260031
vt 0.687226 0.262372
vt 0.291708 0.177702
vt 0.437513 0.546866
vt 0.458342 0.541779
vt 0.468756 0.531638
vt 0.416510 0.427064
vt 0.416683 0.989486
vt 0.406269 0.999900
vt 0.687462 0.296916
vt 0.666633 0.302002
vt 0.229394 0.197389
vt 0.729121 0.072448
vt 0.895839 0.103681
vt 0.875297 0.105921
vt 0.906632 0.093564
vt 0.354196 0.916029
vt 0.916583 0.260248
vt 0.791609 0.958121
vt 0.812438 0.953034
vt 0.229394 0.978603
vt 0.250050 0.980775
vt 0.416683 0.239635
vt 0.406269 0.250050
vt 0.788437 0.218688
vt 0.792806 0.229177
vt 0.604234 0.228622
vt 0.625211 0.230806
vt 0.229221 0.134935
vt 0.666634 0.208946
vt 0.656219 0.218806
vt 0.167686 0.354327
vt 0.729032 0.395810
vt 0.718706 0.406269
vt 0.666545 0.583947
vt 0.895839 0.135358
vt 0.479171 0.084092
vt 0.666722 0.896233
vt 0.163969 0.468756
vt 0.167995 0.479215
vt 0.604146 0.166058
vt 0.531244 0.187956
vt 0.541658 0.198098
vt 0.729121 0.634835
vt 0.604057 0.478540
vt 0.291882 0.021397
vt 0.541747 0.635466
vt 0.854096 0.989485
vt 0.843681 0.999900
vt 0.104005 0.520829
vt 0.093831 0.531208
vt 0.288357 0.375211
vt 0.292838 0.385482
vt 0.604146 0.728446
vt 0.146078 0.010428
vt 0.125683 0.015490
vt 0.156319 0.000100
vt 0.479171 0.427652
vt 0.666633 0.708846
vt 0.541658 0.697998
vt 0.354281 0.239504
vt 0.149255 0.937227
vt 0.145015 0.926956
vt 0.125255 0.921559
vt 0.479082 0.615191
vt 0.479171 0.896429
vt 0.291708 0.927553
vt 0.105287 0.020842
vt 0.100659 0.031040
vt 0.230351 0.041161
vt 0.791523 0.396419
vt 0.833596 0.510459
vt 0.813225 0.515622
vt 0.843917 0.500118
vt 0.104334 0.270923
vt 0.104334 0.666589
vt 0.541658 0.041879
vt 0.792565 0.801979
vt 0.812438 0.796816
vt 0.479259 0.521428
vt 0.225407 0.875043
vt 0.230177 0.884829
vt 0.850282 0.375143
vt 0.854964 0.385006
vt 0.874689 0.387347
vt 0.855379 0.229308
vt 0.288121 0.249746
vt 0.292838 0.259900
vt 0.100196 0.312537
vt 0.105114 0.322518
vt 0.729210 0.197499
vt 0.229132 0.759734
vt 0.250050 0.761747
vt 0.082549 0.197760
vt 0.666722 0.802501
vt 0.104334 0.802622
vt 0.093831 0.812795
vt 0.167757 0.552204
vt 0.163562 0.562606
vt 0.416683 0.770659
vt 0.354196 0.103691
vt 0.230330 0.458342
vt 0.226456 0.468756
vt 0.416595 0.208347
vt 0.093368 0.624708
vt 0.104161 0.634825
vt 0.124704 0.637065
vt 0.479171 0.677723
vt 0.832225 0.135576
vt 0.812066 0.141046
vt 0.730340 0.791088
vt 0.541658 0.979191
vt 0.229132 0.947196
vt 0.855052 0.021407
vt 0.850282 0.031462
vt 0.666633 0.646359
vt 0.104334 0.979027
vt 0.354107 0.884709
vt 0.479344 0.583905
vt 0.269923 0.552551
vt 0.250050 0.550048
vt 0.083243 0.385309
vt 0.604146 0.447252
vt 0.624975 0.449309
vt 0.479171 0.708967
vt 0.468756 0.719100
vt 0.230503 0.271400
vt 0.226276 0.281598
vt 0.230266 0.865033
vt 0.917540 0.333628
vt 0.912770 0.343899
vt 0.100839 0.906169
vt 0.105181 0.916497
vt 0.478997 0.353675
vt 0.854096 0.708292
vt 0.875161 0.703202
vt 0.895928 0.208912
vt 0.666634 0.927553
vt 0.354107 0.197499
vt 0.230262 0.708116
vt 0.225870 0.718285
vt 0.229221 0.385440
vt 0.354196 0.697323
vt 0.168104 0.896319
vt 0.728947 0.603625
vt 0.229132 0.634759
vt 0.343781 0.000100
vt 0.354196 0.009960
vt 0.475820 0.312959
vt 0.480127 0.322996
vt 0.437513 0.734328
vt 0.416683 0.739415
vt 0.416683 0.833146
vt 0.541573 0.603701
vt 0.416683 0.083296
vt 0.228959 0.322355
vt 0.105376 0.041193
vt 0.604146 0.072327
vt 0.541658 0.916704
vt 0.416510 0.396375
vt 0.905933 0.781276
vt 0.895839 0.770910
vt 0.875296 0.765921
vt 0.144863 0.947307
vt 0.124704 0.949503
vt 0.416772 0.333845
vt 0.791523 0.115105
vt 0.083243 0.614691
vt 0.229132 0.103615
vt 0.832310 0.791653
vt 0.229221 0.603471
vt 0.850745 0.093646
vt 0.855138 0.103725
vt 0.479171 0.052848
vt 0.354107 0.322321
vt 0.604146 0.665958
vt 0.291882 0.708880
vt 0.167775 0.771389
vt 0.163382 0.781616
vt 0.230351 0.728435
vt 0.604320 0.416095
vt 0.624975 0.418066
vt 0.163562 0.281412
vt 0.167842 0.291797
vt 0.105266 0.895710
vt 0.105114 0.479171
vt 0.541658 0.760485
vt 0.666460 0.833787
vt 0.729032 0.353718
vt 0.225814 0.562488
vt 0.230330 0.572348
vt 0.541658 0.822973
vt 0.479171 0.771454
vt 0.531244 0.562881
vt 0.520829 0.552748
vt 0.791524 0.177592
vt 0.905933 0.562569
vt 0.916495 0.572729
vt 0.249443 0.512208
vt 0.269749 0.509938
vt 0.725307 0.875043
vt 0.730077 0.884830
vt 0.854096 0.489585
vt 0.874925 0.484378
vt 0.916584 0.614778
vt 0.666460 0.365131
vt 0.875297 0.547215
vt 0.855290 0.541789
vt 0.895754 0.479171
vt 0.905933 0.468674
vt 0.354196 0.822298
vt 0.083417 0.541441
vt 0.458342 0.729242
vt 0.499629 0.484728
vt 0.519788 0.479346
vt 0.604146 0.197302
vt 0.729121 0.166179
vt 0.855138 0.760540
vt 0.791435 0.926964
vt 0.811830 0.922022
vt 0.916584 0.927215
vt 0.541658 0.729242
vt 0.166645 0.115259
vt 0.916584 0.646021
vt 0.291708 0.958796
vt 0.281294 0.968656
vt 0.291620 0.333845
vt 0.105202 0.302601
vt 0.541658 0.854217
vt 0.291708 0.615115
vt 0.354196 0.572348
vt 0.791524 0.145915
vt 0.479171 0.021484
vt 0.708380 0.416728
vt 0.853922 0.614647
vt 0.843681 0.624975
vt 0.291620 0.583795
vt 0.791523 0.052617
vt 0.291535 0.208912
vt 0.288357 0.844103
vt 0.292750 0.854271
vt 0.167842 0.458342
vt 0.416683 0.489465
vt 0.604146 0.697202
vt 0.354196 0.072448
vt 0.531244 0.000100
vt 0.541658 0.010515
vt 0.916584 0.958459
vt 0.666460 0.395820
vt 0.656219 0.405875
vt 0.707009 0.479258
vt 0.708118 0.291795
vt 0.416683 0.365165
vt 0.729121 0.916029
vt 0.541570 0.229386
vt 0.105376 0.583882
vt 0.917540 0.728948
vt 0.718706 0.000100
vt 0.729121 0.009960
vt 0.730251 0.322355
vt 0.416683 0.114540
vt 0.855226 0.166257
vt 0.166471 0.521394
vt 0.729121 0.134935
vt 0.895843 0.697921
vt 0.906169 0.687499
vt 0.728859 0.728676
vt 0.354369 0.541070
vt 0.291620 0.677679
vt 0.604320 0.509826
vt 0.850745 0.843260
vt 0.855315 0.853487
vt 0.541658 0.135610
vt 0.916495 0.052346
vt 0.853834 0.302688
vt 0.843218 0.312841
vt 0.791367 0.489585
vt 0.229394 0.072414
vt 0.354196 0.134935
vt 0.791520 0.614396
vt 0.229306 0.666121
vt 0.791609 0.645684
vt 0.812438 0.640597
vt 0.604146 0.041083
vt 0.833093 0.323039
vt 0.812438 0.328159
vt 0.478997 0.240277
vt 0.468293 0.250354
vt 0.104072 0.239722
vt 0.124467 0.234660
vt 0.855052 0.833222
vt 0.874925 0.828059
vt 0.729210 0.666155
vt 0.354107 0.447296
vt 0.270879 0.978637
vt 0.144863 0.634869
vt 0.833267 0.947827
vt 0.666548 0.864521
vt 0.229306 0.791096
vt 0.292576 0.239635
vt 0.350845 0.280872
vt 0.375633 0.293181
vt 0.355326 0.291023
vt 0.729036 0.697867
vt 0.229153 0.416770
vt 0.105287 0.166213
vt 0.125683 0.168527
vt 0.912770 0.874807
vt 0.917540 0.885078
vt 0.416683 0.020809
vt 0.416595 0.645639
vt 0.082308 0.447710
vt 0.791346 0.896199
vt 0.396028 0.291067
vt 0.666634 0.052727
vt 0.354196 0.166179
vt 0.519788 0.260640
vt 0.229483 0.353684
vt 0.729121 0.822973
vt 0.894798 0.384961
vt 0.833267 0.635390
vt 0.270879 0.759810
vt 0.281294 0.749950
vt 0.666722 0.552551
vt 0.916584 0.677265
vt 0.707250 0.760452
vt 0.687091 0.765921
vt 0.604146 0.540983
vt 0.163789 0.406573
vt 0.167775 0.416770
vt 0.917451 0.177365
vt 0.288764 0.469060
vt 0.292902 0.479302
vt 0.791609 0.333246
vt 0.292838 0.833952
vt 0.229132 0.833222
vt 0.413332 0.593309
vt 0.417725 0.603537
vt 0.729121 0.041204
vt 0.167690 0.791653
vt 0.291708 0.646359
vt 0.144774 0.229352
vt 0.149255 0.219228
vt 0.730077 0.447971
vt 0.666634 0.083971
vt 0.604146 0.947152
vt 0.167931 0.572946
vt 0.291708 0.740090
vt 0.791609 0.989486
vt 0.781194 0.999900
vt 0.832048 0.572381
vt 0.666633 0.677603
vt 0.166818 0.604277
vt 0.416683 0.052052
vt 0.604146 0.915909
vt 0.291620 0.416728
vt 0.082308 0.104029
vt 0.230330 0.552507
vt 0.666633 0.990040
vt 0.656219 0.999900
vt 0.416683 0.895634
vt 0.083417 0.822756
vt 0.416683 0.958121
vt 0.791697 0.020853
vt 0.437513 0.171941
vt 0.468756 0.172334
vt 0.458342 0.166854
vt 0.468756 0.156713
vt 0.167690 0.666589
vt 0.603972 0.260378
vt 0.666807 0.615149
vt 0.354369 0.853508
vt 0.729121 0.978637
vt 0.541743 0.323083
vt 0.593731 0.312144
vt 0.604146 0.322277
vt 0.104161 0.947262
vt 0.791608 0.364610
vt 0.542788 0.510546
vt 0.604146 0.134815
vt 0.792633 0.208434
vt 0.812618 0.203416
vt 0.542788 0.291839
vt 0.563095 0.297147
vt 0.416683 0.458221
vt 0.645804 0.416008
vt 0.229132 0.228711
vt 0.791523 0.083427
vt 0.593731 0.000100
vt 0.604146 0.009960
vt 0.541658 0.073123
vt 0.167863 0.979113
vt 0.166648 0.697312
vt 0.479171 0.865186
vt 0.480390 0.302732
vt 0.354369 0.384851
vt 0.666634 0.146459
vt 0.479171 0.385006
vt 0.416683 0.926877
vt 0.855141 0.365133
vt 0.604146 0.790933
vt 0.354196 0.353641
vt 0.916495 0.791436
vt 0.604146 0.884665
vt 0.854270 0.676961
vt 0.291620 0.802654
vt 0.229221 0.166179
vt 0.479171 0.115336
vt 0.163382 0.062773
vt 0.167775 0.073089
vt 0.354196 0.666079
vt 0.788844 0.531244
vt 0.792785 0.541572
vt 0.354196 0.791054
vt 0.831984 0.916670
vt 0.832467 0.198064
vt 0.167927 0.396419
vt 0.354107 0.509784
vt 0.479171 0.646479
vt 0.854964 0.041324
vt 0.167757 0.271010
vt 0.416683 0.864390
vt 0.604057 0.353565
vt 0.354196 0.947273
vt 0.894886 0.822852
vt 0.666722 0.333845
vt 0.917540 0.864683
vt 0.416683 0.801902
vt 0.478997 0.458983
vt 0.416683 0.708171
vt 0.228959 0.509938
vt 0.855138 0.083330
vt 0.354369 0.478583
vt 0.541485 0.572936
vt 0.916495 0.291536
vt 0.083417 0.135273
vt 0.291708 0.052727
vt 0.667501 0.259942
vt 0.855290 0.426967
vt 0.851152 0.437209
vt 0.416683 0.551952
vt 0.538071 0.406573
vt 0.542700 0.416770
vt 0.104093 0.072958
vt 0.291620 0.896232
vt 0.291708 0.115215
vt 0.082460 0.708553
vt 0.604146 0.853421
vt 0.416683 0.145784
vt 0.479171 0.958917
vt 0.791520 0.854140
vt 0.375633 0.265440
vt 0.355326 0.270748
vt 0.728947 0.572936
vt 0.354111 0.604135
vt 0.208480 0.010559
vt 0.218806 0.000100
vt 0.666548 0.770790
vt 0.166907 0.146492
vt 0.156782 0.156409
vt 0.479171 0.209067
vt 0.354196 0.041204
vt 0.542700 0.396495
vt 0.916584 0.989702
vt 0.906169 0.999900
vt 0.687699 0.515740
vt 0.708380 0.510459
vt 0.479171 0.146579
vt 0.541570 0.365089
vt 0.604146 0.978516
vt 0.416683 0.520709
vt 0.604146 0.384885
vt 0.666633 0.958796
vt 0.605187 0.614385
vt 0.666460 0.740056
vt 0.166471 0.822408
vt 0.730318 0.541703
vt 0.082549 0.353979
vt 0.645893 0.228743
vt 0.292838 0.365207
vt 0.531244 0.172334
vt 0.541658 0.166854
vt 0.167952 0.052694
vt 0.083243 0.760235
vt 0.146078 0.166333
vt 0.354196 0.759810
vt 0.417813 0.583186
vt 0.354196 0.978637
vt 0.895839 0.552204
vt 0.791541 0.302036
vt 0.791279 0.260509
vt 0.105025 0.853618
vt 0.541658 0.666754
vt 0.792959 0.520829
vt 0.291708 0.083971
vt 0.916495 0.458514
vt 0.729121 0.103691
vt 0.354022 0.634869
vt 0.105114 0.416683
vt 0.666722 0.520753
vt 0.230330 0.291708
vt 0.791520 0.739491
vt 0.230397 0.479084
vt 0.855290 0.447362
vt 0.791697 0.771257
vt 0.541658 0.791729
vt 0.604146 0.103571
vt 0.853855 0.885340
vt 0.500000 0.175766
vt 0.520829 0.177823
vt 0.541570 0.448092
vt 0.458168 0.260551
vt 0.645893 0.447296
vt 0.144774 0.208957
vt 0.479171 0.927673
vt 0.416683 0.177027
vt 0.906169 0.000100
vt 0.916583 0.010298
vt 0.666634 0.177702
vt 0.854007 0.260509
vt 0.729989 0.865033
vt 0.291882 0.291795
vt 0.604146 0.759690
vt 0.479086 0.489717
vt 0.396028 0.260378
vt 0.916757 0.083547
vt 0.729121 0.229341
vt 0.604057 0.572303
vt 0.792738 0.676917
vt 0.917540 0.354023
vt 0.229394 0.915995
vt 0.541658 0.947948
vt 0.541658 0.885460
vt 0.666634 0.115215
vt 0.416683 0.676928
vt 0.541658 0.104366
vt 0.583490 0.302089
vt 0.479171 0.802698
vt 0.479171 0.833942
vt 0.666633 0.021363
vt 0.479171 0.177823
vt 0.457300 0.396495
vt 0.041758 0.577892
vt 0.582275 0.603537
vt 0.958242 0.047183
vt 0.958242 0.109670
vt 0.291708 0.146459
vt 0.292902 0.458907
vn -0.1147 -0.9896 0.0864
vn -0.4451 -0.8791 0.1705
vn -0.1164 -0.9173 0.3809
vn -0.2409 -0.9166 0.3192
vn -0.2288 -0.8901 0.3942
vn -0.3433 -0.8063 0.4818
vn -0.4320 -0.8772 0.2097
vn -0.2560 -0.3921 -0.8836
vn -0.3279 -0.4257 -0.8434
vn -0.4022 -0.2227 -0.8880
vn 0.1413 -0.4131 -0.8996
vn -0.3303 -0.4979 -0.8019
vn -0.2747 -0.3931 -0.8775
vn -0.3224 -0.3891 -0.8629
vn 0.9037 -0.4272 -0.0280
vn 0.8546 -0.4361 -0.2821
vn 0.8418 -0.5375 -0.0504
vn 0.8145 -0.5517 -0.1794
vn 0.8965 -0.3739 -0.2375
vn 0.6614 -0.7294 -0.1748
vn 0.4467 -0.8574 -0.2557
vn -0.6678 0.3770 -0.6419
vn -0.3442 0.5839 -0.7353
vn -0.5038 0.2972 -0.8111
vn -0.4924 0.3884 -0.7789
vn -0.4337 0.6588 -0.6147
vn -0.5974 0.6756 -0.4321
vn -0.5125 0.5242 -0.6800
vn 0.6510 0.5351 -0.5384
vn 0.6267 0.6756 -0.3883
vn 0.6702 0.5592 -0.4879
vn 0.6692 0.6705 -0.3204
vn 0.5986 0.6173 -0.5106
vn 0.6334 0.7452 -0.2085
vn 0.8258 0.4956 -0.2691
vn -0.2297 -0.8404 -0.4909
vn -0.2257 -0.8953 -0.3841
vn -0.1829 -0.9009 -0.3936
vn -0.3973 -0.7899 -0.4670
vn -0.3645 -0.8250 -0.4318
vn -0.3137 -0.8322 -0.4571
vn -0.5298 -0.8249 -0.1969
vn 0.3178 -0.4608 -0.8287
vn 0.5415 -0.4819 -0.6889
vn 0.6381 -0.2491 -0.7286
vn 0.6759 -0.5747 -0.4613
vn 0.4490 -0.5199 -0.7267
vn 0.6808 -0.3178 -0.6600
vn 0.8223 -0.5304 -0.2064
vn -0.0917 0.8865 0.4535
vn -0.3185 0.8060 0.4989
vn -0.5060 0.7962 0.3317
vn -0.1980 0.9656 0.1686
vn -0.1076 0.8847 0.4537
vn -0.3421 0.8867 0.3110
vn -0.1586 0.9873 0.0045
vn 0.4368 -0.3788 -0.8159
vn 0.3915 -0.3608 -0.8465
vn 0.4273 -0.5967 -0.6792
vn 0.4827 -0.3922 -0.7831
vn 0.2795 -0.2220 -0.9341
vn 0.5021 -0.4435 -0.7425
vn 0.1129 -0.9927 -0.0429
vn -0.2879 -0.9312 0.2237
vn 0.1224 -0.9399 0.3186
vn -0.0768 -0.9957 0.0515
vn -0.2237 -0.9746 0.0045
vn -0.1580 -0.9303 -0.3311
vn 0.1718 -0.9847 -0.0303
vn -0.7698 -0.0199 0.6380
vn -0.9146 -0.0628 0.3993
vn -0.8860 -0.1534 0.4376
vn -0.8501 -0.0019 0.5265
vn -0.7677 -0.0880 0.6348
vn -0.9137 0.2482 0.3217
vn -0.6362 0.0169 0.7714
vn -0.2197 0.9640 -0.1498
vn 0.2054 0.9728 0.1073
vn -0.5350 0.8164 -0.2173
vn 0.1075 0.9889 0.1030
vn -0.1751 0.9712 -0.1615
vn -0.0518 0.9902 0.1301
vn -0.4946 0.8362 -0.2368
vn 0.3082 -0.9456 0.1045
vn 0.2315 -0.9044 0.3583
vn 0.2161 -0.9760 -0.0263
vn 0.3134 -0.9441 0.1025
vn 0.0466 -0.9931 -0.1072
vn -0.6583 -0.7447 -0.1095
vn 0.1260 -0.9919 0.0155
vn -0.8378 -0.0055 0.5459
vn -0.8294 -0.0361 0.5575
vn -0.7822 -0.2277 0.5799
vn -0.8507 -0.1884 0.4907
vn -0.9398 0.0339 0.3400
vn -0.8013 -0.0346 0.5972
vn -0.2024 0.9676 -0.1510
vn -0.2584 0.9342 0.2460
vn -0.3330 0.9221 -0.1970
vn -0.1919 0.9248 -0.3286
vn -0.0919 0.9946 -0.0478
vn -0.4297 0.8674 0.2510
vn -0.3453 0.9117 -0.2227
vn 0.6950 0.1295 -0.7072
vn 0.5832 0.2322 -0.7784
vn 0.5658 0.5771 -0.5890
vn 0.5371 0.3675 -0.7593
vn 0.7297 0.0595 -0.6812
vn 0.7018 0.3851 -0.5993
vn 0.6993 0.3308 -0.6336
vn 0.8879 0.1422 -0.4375
vn 0.8538 0.1571 -0.4964
vn 0.9310 0.1848 -0.3147
vn 0.9101 0.2016 -0.3620
vn 0.9167 -0.0841 -0.3907
vn 0.8918 0.2344 -0.3870
vn 0.7871 0.2821 -0.5486
vn -0.1442 0.9641 -0.2228
vn -0.1631 0.9856 -0.0443
vn -0.3895 0.9207 -0.0239
vn -0.4350 0.8755 -0.2102
vn -0.0016 0.9994 -0.0346
vn -0.4015 0.8860 -0.2320
vn -0.6381 0.7455 -0.1925
vn -0.9902 0.0854 0.1109
vn -0.9407 0.3231 0.1033
vn -0.9342 0.3455 0.0893
vn -0.9753 0.0768 0.2073
vn -0.9676 0.0290 0.2506
vn -0.9402 0.2289 0.2522
vn -0.8705 0.2922 0.3960
vn -0.3622 0.9302 -0.0601
vn -0.0782 0.9859 0.1477
vn -0.5596 0.8143 -0.1543
vn -0.1126 0.9886 0.0997
vn -0.3358 0.9379 0.0871
vn -0.4658 0.8141 -0.3467
vn 0.5875 -0.4900 -0.6440
vn 0.6287 -0.5125 -0.5849
vn 0.4895 -0.5066 -0.7097
vn 0.6534 -0.3294 -0.6816
vn 0.5495 -0.3960 -0.7356
vn 0.5336 -0.6189 -0.5764
vn -0.4018 -0.8503 0.3398
vn -0.5074 -0.7210 0.4718
vn -0.2925 -0.9168 0.2717
vn -0.1618 -0.9016 0.4012
vn -0.3230 -0.8001 0.5055
vn -0.3856 -0.8387 0.3845
vn 0.2293 0.6604 -0.7150
vn 0.2915 0.8604 -0.4180
vn 0.3155 0.6480 -0.6933
vn 0.4247 0.6818 -0.5957
vn 0.4452 0.5693 -0.6912
vn 0.4732 0.4550 -0.7543
vn 0.4225 0.8378 -0.3458
vn 0.0504 0.8611 -0.5059
vn 0.4868 0.5483 -0.6800
vn 0.1303 0.9194 -0.3712
vn 0.3910 0.8985 0.1998
vn 0.2202 0.9697 0.1055
vn 0.5238 0.8418 0.1303
vn 0.4402 0.6192 0.6502
vn 0.1573 0.9465 0.2817
vn 0.6026 0.7186 0.3472
vn 0.4681 0.5849 0.6624
vn 0.7372 0.3707 -0.5648
vn 0.7180 0.3272 -0.6144
vn 0.5847 0.6660 -0.4632
vn 0.7545 0.3805 -0.5348
vn 0.6031 0.4000 -0.6902
vn 0.8561 0.4353 -0.2786
vn -0.1651 -0.8199 -0.5482
vn -0.3015 -0.8657 -0.3996
vn -0.1477 -0.8782 -0.4549
vn -0.0510 -0.6950 -0.7172
vn -0.1636 -0.9668 -0.1965
vn -0.1521 -0.7877 -0.5970
vn -0.8521 -0.0880 0.5160
vn -0.8998 0.0202 0.4359
vn -0.8691 0.0330 0.4935
vn -0.8523 -0.0788 0.5172
vn -0.8120 0.1774 0.5561
vn -0.8607 -0.2225 0.4579
vn -0.8403 -0.3041 0.4489
vn -0.0557 0.9634 0.2623
vn -0.2476 0.8829 0.3989
vn -0.3351 0.8626 0.3790
vn 0.1170 0.9844 0.1316
vn 0.1364 0.9603 0.2433
vn -0.1039 0.9615 0.2542
vn 0.5883 -0.0614 -0.8063
vn 0.4624 0.0203 -0.8865
vn 0.3167 -0.1621 -0.9346
vn 0.4918 0.1066 -0.8641
vn 0.6121 0.3622 -0.7029
vn 0.3307 0.0851 -0.9399
vn 0.5692 -0.0680 -0.8194
vn -0.0804 0.9040 0.4200
vn 0.1090 0.9901 0.0882
vn -0.4634 0.8800 -0.1044
vn 0.4650 0.8829 0.0656
vn 0.7600 -0.4655 0.4534
vn 0.5264 -0.7679 0.3650
vn -0.0576 -0.9686 0.2420
vn 0.4406 -0.8943 0.0779
vn 0.1487 -0.9244 -0.3513
vn 0.4900 -0.8381 -0.2399
vn 0.1151 -0.8776 -0.4654
vn 0.2847 -0.7997 -0.5286
vn 0.3575 -0.9228 -0.1437
vn 0.3834 -0.5848 -0.7148
vn -0.0323 -0.7845 -0.6193
vn 0.6383 0.2714 0.7204
vn 0.6016 0.3629 0.7116
vn 0.5120 0.5723 0.6406
vn 0.5558 0.2387 0.7963
vn 0.5669 0.1935 0.8008
vn 0.4824 0.3075 0.8202
vn 0.4805 0.2560 0.8388
vn -0.3717 0.9280 -0.0248
vn -0.5549 0.8319 0.0039
vn -0.5124 0.7399 -0.4360
vn -0.6530 0.7543 -0.0680
vn -0.5472 0.8273 -0.1270
vn 0.0983 0.9533 -0.2855
vn -0.4037 0.8016 -0.4410
vn -0.8336 -0.0480 0.5503
vn -0.7938 -0.0691 0.6043
vn -0.8986 0.0111 0.4386
vn -0.8067 -0.4083 0.4272
vn -0.8050 -0.0565 0.5906
vn -0.6800 -0.2783 0.6784
vn -0.8618 -0.3130 0.3991
vn -0.1620 0.9778 -0.1331
vn -0.2687 0.9625 -0.0374
vn -0.1245 0.9586 -0.2560
vn -0.4387 0.8935 -0.0961
vn -0.5513 0.8300 -0.0843
vn -0.0180 0.9060 -0.4229
vn 0.3378 -0.2880 -0.8961
vn 0.7442 -0.3805 -0.5490
vn 0.4430 -0.1801 -0.8783
vn 0.7341 -0.4664 -0.4935
vn 0.6736 0.0193 -0.7388
vn 0.5848 -0.4244 -0.6913
vn 0.4953 -0.5664 -0.6587
vn -0.6066 0.6906 -0.3939
vn 0.2667 0.9416 -0.2058
vn -0.3985 0.8340 -0.3816
vn -0.3812 0.7737 -0.5061
vn 0.4700 -0.7476 0.4693
vn -0.2776 -0.9419 0.1892
vn -0.2325 -0.9317 0.2789
vn 0.0977 -0.7807 0.6172
vn -0.9671 0.1330 0.2167
vn -0.8976 0.4409 0.0020
vn -0.9985 -0.0203 0.0500
vn -0.9461 0.3101 0.0931
vn -0.9039 0.4232 0.0619
vn -0.9888 -0.1399 -0.0514
vn 0.2535 -0.9355 -0.2462
vn 0.7235 -0.6117 -0.3199
vn -0.1712 -0.9473 -0.2709
vn 0.4293 -0.8187 -0.3813
vn 0.3657 -0.5035 -0.7828
vn 0.3481 -0.6472 -0.6782
vn 0.4188 -0.5879 -0.6921
vn 0.1589 -0.1364 -0.9778
vn 0.3878 -0.0605 -0.9197
vn 0.2852 -0.3782 -0.8807
vn 0.0343 0.9992 -0.0181
vn -0.4243 0.9048 0.0364
vn -0.5982 0.7723 0.2138
vn -0.5130 0.8477 0.1347
vn -0.2646 0.9609 -0.0816
vn 0.4996 -0.4895 0.7147
vn 0.3918 -0.0983 0.9148
vn 0.3555 -0.4541 0.8169
vn 0.3552 -0.1720 0.9188
vn 0.4236 -0.0576 0.9040
vn 0.3446 -0.3281 0.8795
vn 0.4016 -0.3236 0.8568
vn -0.4996 0.8383 -0.2185
vn -0.5079 0.8610 -0.0276
vn -0.1861 0.9289 -0.3202
vn -0.3811 0.9244 -0.0121
vn -0.6156 0.7820 -0.0970
vn -0.4987 0.8440 0.1975
vn -0.3008 0.9507 0.0756
vn 0.5426 0.4991 0.6756
vn 0.5617 0.5715 0.5982
vn 0.6690 0.5932 0.4478
vn 0.5719 0.5869 0.5731
vn 0.5553 0.5092 0.6575
vn -0.5783 -0.7913 0.1984
vn -0.6601 -0.7391 0.1343
vn -0.7144 -0.6113 0.3405
vn -0.7959 -0.5701 0.2038
vn -0.6392 -0.7462 0.1860
vn -0.9567 -0.2895 -0.0314
vn -0.9403 -0.2802 0.1933
vn -0.0584 -0.5274 0.8476
vn -0.2639 -0.5682 0.7794
vn -0.2822 -0.2440 0.9278
vn -0.0965 -0.4279 0.8987
vn -0.3836 -0.4998 0.7766
vn -0.4097 -0.3568 0.8395
vn 0.2222 -0.3923 0.8926
vn -0.3225 -0.8984 -0.2982
vn -0.5283 -0.8465 -0.0660
vn -0.6212 -0.7708 0.1413
vn -0.1927 -0.9570 -0.2168
vn -0.2477 -0.9598 0.1318
vn 0.0116 -0.8936 -0.4486
vn -0.3086 0.1580 0.9380
vn -0.2975 0.2496 0.9215
vn -0.2248 0.4244 0.8771
vn -0.2289 0.0938 0.9689
vn -0.3889 0.0045 0.9213
vn -0.2941 -0.0044 0.9558
vn -0.5154 0.1411 0.8452
vn -0.1318 -0.9615 0.2410
vn -0.5475 -0.8174 0.1793
vn -0.1974 -0.9642 0.1771
vn -0.8116 -0.5651 0.1480
vn -0.6676 -0.6502 0.3627
vn -0.7941 -0.6026 0.0785
vn -0.4329 -0.8066 0.4024
vn 0.6470 -0.2238 -0.7289
vn 0.1490 -0.4000 -0.9043
vn 0.3722 -0.5491 -0.7483
vn 0.3504 -0.3275 -0.8775
vn 0.3418 -0.7541 -0.5609
vn -0.7419 -0.5991 0.3011
vn -0.7056 -0.6066 0.3663
vn -0.7010 -0.6448 0.3048
vn -0.7307 -0.6557 0.1902
vn -0.5498 -0.7595 0.3476
vn -0.7472 -0.6373 0.1888
vn 0.3361 0.7790 0.5293
vn -0.1402 0.9204 0.3650
vn 0.0699 0.7115 0.6992
vn -0.0689 0.9327 0.3541
vn -0.1081 0.8921 0.4387
vn 0.1238 0.8483 0.5149
vn -0.3190 -0.4707 0.8226
vn -0.3170 -0.3490 0.8819
vn -0.3601 -0.5023 0.7862
vn -0.3063 -0.3274 0.8939
vn -0.3245 -0.3005 0.8969
vn -0.3619 -0.4531 0.8147
vn -0.1295 -0.9799 0.1516
vn -0.0850 -0.9934 0.0765
vn -0.2192 -0.9684 0.1188
vn 0.1553 -0.9778 0.1407
vn -0.0240 -0.9714 0.2364
vn 0.3511 -0.8002 0.4862
vn -0.0383 -0.9967 -0.0717
vn -0.2014 0.0931 0.9751
vn -0.2436 0.0838 0.9662
vn 0.0200 0.0382 0.9991
vn -0.4002 0.0849 0.9125
vn -0.3585 0.3087 0.8810
vn -0.3183 0.1493 0.9362
vn -0.4372 -0.0786 0.8959
vn -0.5207 0.6849 0.5097
vn 0.1126 0.9687 0.2212
vn -0.4454 0.7333 0.5137
vn -0.0974 0.7957 0.5978
vn 0.3589 0.8986 0.2526
vn 0.2112 0.9423 0.2596
vn -0.9657 -0.1633 0.2020
vn -0.9738 -0.1159 0.1957
vn -0.9174 -0.1776 0.3562
vn -0.9415 -0.1905 0.2780
vn -0.9417 -0.2976 0.1570
vn -0.0356 0.9078 -0.4179
vn -0.0143 0.9596 -0.2809
vn 0.2606 0.9466 0.1898
vn 0.2936 0.9556 0.0248
vn -0.0849 -0.9923 0.0907
vn 0.0036 -0.7018 0.7124
vn 0.1477 -0.9485 0.2804
vn 0.1589 -0.7413 0.6521
vn -0.9699 -0.0314 0.2415
vn -0.9172 -0.1799 0.3555
vn -0.9345 0.1233 0.3340
vn -0.8498 0.1776 0.4964
vn 0.2945 -0.9533 0.0674
vn 0.3520 -0.9358 -0.0175
vn 0.0369 -0.9941 0.1022
vn -0.2102 -0.9776 -0.0060
vn 0.3038 -0.9386 -0.1637
vn 0.0556 -0.8989 -0.4346
vn 0.0984 -0.9894 0.1071
vn 0.0951 0.9452 0.3125
vn 0.0715 0.9526 0.2956
vn 0.1276 0.9804 0.1502
vn 0.2641 0.9344 0.2389
vn -0.1985 0.9375 0.2858
vn -0.9783 -0.0681 -0.1955
vn -0.9929 -0.0314 -0.1152
vn -0.8920 0.0785 -0.4451
vn -0.8808 0.2033 -0.4275
vn -0.8882 0.1231 -0.4426
vn -0.9688 -0.0543 -0.2420
vn -0.9649 -0.2621 0.0162
vn -0.0001 -0.9550 -0.2967
vn 0.0795 -0.9023 0.4236
vn 0.2103 -0.7861 0.5812
vn 0.0107 -0.9612 0.2757
vn -0.0771 -0.7655 0.6388
vn -0.1343 -0.9443 0.3003
vn 0.3193 -0.9429 0.0946
vn 0.9439 -0.0655 0.3236
vn 0.9537 0.0481 0.2970
vn 0.9497 0.0099 0.3129
vn 0.8191 0.0084 0.5736
vn 0.8473 0.1049 0.5206
vn 0.7778 0.0941 0.6214
vn 0.9838 -0.0105 0.1789
vn 0.5319 0.6351 0.5601
vn 0.3333 0.9329 -0.1363
vn 0.4341 0.5657 0.7010
vn 0.1313 0.9109 -0.3911
vn -0.0871 -0.9709 -0.2231
vn -0.5001 -0.8658 -0.0140
vn 0.0350 -0.9823 0.1839
vn 0.0179 -0.8195 0.5728
vn 0.6971 -0.0022 -0.7170
vn 0.6819 -0.4660 -0.5638
vn 0.6630 -0.4499 -0.5984
vn 0.9479 -0.0049 -0.3186
vn 0.6821 -0.2481 -0.6879
vn -0.5444 0.8157 0.1953
vn -0.4468 0.8824 -0.1477
vn -0.5695 0.7962 0.2043
vn -0.4689 0.8814 -0.0577
vn -0.5906 0.8014 -0.0946
vn -0.2867 0.9575 -0.0304
vn -0.7648 -0.4269 -0.4825
vn -0.9414 -0.3366 0.0204
vn -0.9637 -0.2115 -0.1630
vn -0.7785 -0.3742 -0.5039
vn -0.5965 -0.4064 -0.6921
vn -0.9785 -0.1949 -0.0681
vn -0.8436 -0.4221 -0.3319
vn -0.3549 -0.9042 0.2378
vn -0.1375 -0.9619 0.2363
vn -0.1079 -0.9672 0.2300
vn -0.3821 -0.7361 0.5588
vn -0.5293 -0.7527 0.3915
vn 0.1645 -0.6989 0.6960
vn -0.1904 -0.8201 0.5396
vn -0.3580 -0.4319 -0.8279
vn -0.6330 -0.4448 -0.6336
vn -0.5655 -0.3726 -0.7358
vn -0.1171 -0.8333 -0.5403
vn -0.5268 -0.6240 -0.5772
vn -0.3200 -0.7636 -0.5608
vn -0.2215 -0.9193 -0.3252
vn 0.2214 0.5995 -0.7692
vn 0.3333 0.6807 -0.6523
vn 0.4853 0.5934 -0.6421
vn 0.3594 0.7017 -0.6151
vn 0.2790 0.6678 -0.6901
vn 0.2152 0.5701 -0.7929
vn 0.4360 0.8229 -0.3644
vn 0.4675 0.6611 -0.5869
vn 0.5579 0.6068 -0.5661
vn 0.6092 0.5854 -0.5349
vn 0.4322 0.7132 -0.5518
vn 0.4486 0.6020 -0.6605
vn 0.5317 -0.5772 0.6198
vn 0.7425 -0.5561 0.3735
vn 0.6195 -0.4204 0.6629
vn 0.5276 -0.6113 0.5899
vn 0.4324 -0.7392 0.5163
vn 0.7166 -0.5713 0.4001
vn 0.5578 -0.6820 0.4730
vn -0.7090 0.6407 0.2947
vn -0.6602 0.5922 0.4621
vn -0.6494 0.7160 0.2561
vn -0.6414 0.7044 0.3039
vn -0.6696 0.6098 0.4241
vn -0.5407 0.7985 0.2647
vn -0.5313 0.7575 0.3795
vn 0.4905 0.1678 -0.8552
vn 0.6152 0.0048 -0.7883
vn 0.3166 0.3795 -0.8693
vn 0.4680 0.3193 -0.8240
vn 0.3125 0.1598 -0.9364
vn 0.3268 0.7449 -0.5816
vn 0.0853 0.6999 -0.7091
vn 0.1738 0.7946 -0.5817
vn 0.4794 0.7076 -0.5191
vn 0.4199 0.7979 -0.4325
vn 0.3964 0.6579 -0.6404
vn 0.5693 0.6831 -0.4575
vn -0.9599 0.2291 -0.1617
vn -0.9531 0.1428 -0.2670
vn -0.9373 0.3358 -0.0937
vn -0.9430 0.3295 -0.0459
vn -0.9750 0.1501 -0.1637
vn -0.9448 0.1455 -0.2937
vn -0.2900 0.3996 -0.8696
vn -0.5251 0.4254 -0.7370
vn -0.3056 0.8877 -0.3443
vn -0.5474 0.4978 -0.6727
vn -0.3873 0.1894 -0.9023
vn -0.4501 0.3210 -0.8333
vn -0.4024 0.3256 -0.8556
vn 0.7397 -0.6658 -0.0981
vn 0.8465 -0.5212 0.1086
vn 0.8536 -0.5162 -0.0709
vn 0.8585 -0.5048 -0.0907
vn 0.9316 -0.3580 0.0626
vn 0.9273 -0.3234 0.1885
vn 0.6282 0.7282 0.2742
vn 0.7038 0.5281 0.4752
vn 0.7632 0.5658 0.3123
vn 0.4828 0.6862 0.5441
vn 0.4091 0.8785 0.2469
vn 0.5855 0.4640 0.6647
vn 0.7925 0.5847 0.1736
vn 0.0111 -0.8353 0.5497
vn -0.3439 -0.5931 0.7280
vn -0.2393 -0.8973 0.3710
vn -0.1916 -0.8362 0.5138
vn -0.2801 -0.8140 0.5088
vn -0.2062 -0.8016 0.5611
vn 0.8328 0.3545 -0.4252
vn 0.9384 0.1340 -0.3186
vn 0.9146 0.1376 -0.3803
vn 0.7843 0.3550 -0.5088
vn 0.0856 -0.9243 -0.3720
vn -0.0293 -0.8253 -0.5639
vn -0.2325 -0.8692 -0.4364
vn -0.2468 -0.8806 -0.4046
vn 0.0796 -0.9059 -0.4159
vn -0.2228 -0.7857 -0.5771
vn 0.4186 -0.2563 0.8713
vn 0.4877 -0.2327 0.8414
vn 0.5304 -0.2012 0.8235
vn 0.3319 -0.2926 0.8968
vn 0.4891 0.0176 0.8720
vn 0.5821 -0.5542 0.5951
vn 0.3481 -0.3700 0.8614
vn -0.2109 -0.9627 0.1695
vn -0.2387 -0.9166 -0.3209
vn -0.0262 -0.9930 -0.1152
vn -0.1757 -0.9810 -0.0822
vn -0.0437 -0.9830 0.1782
vn 0.0205 -0.9714 -0.2364
vn -0.7781 -0.3668 -0.5099
vn -0.4809 -0.4888 -0.7279
vn -0.5275 -0.3860 -0.7568
vn -0.8055 -0.4057 -0.4318
vn -0.5932 -0.4518 -0.6663
vn -0.5524 -0.4480 -0.7029
vn -0.7877 -0.3507 -0.5065
vn 0.1310 0.7524 0.6456
vn 0.0146 0.9941 0.1072
vn 0.0512 0.9914 0.1207
vn 0.3472 0.9299 0.1210
vn 0.1792 -0.9696 0.1664
vn 0.1032 -0.9920 0.0728
vn 0.1081 -0.6765 0.7284
vn -0.1917 -0.9220 0.3365
vn -0.6653 0.1667 -0.7278
vn -0.7424 -0.3744 -0.5556
vn -0.4168 0.4873 -0.7674
vn -0.4819 0.5615 -0.6727
vn -0.5813 -0.2785 -0.7646
vn -0.8461 -0.0653 -0.5290
vn 0.1646 0.9786 -0.1233
vn 0.2656 0.9502 -0.1630
vn 0.3169 0.9050 0.2837
vn 0.0800 0.9616 -0.2624
vn 0.1579 0.9466 -0.2812
vn 0.4256 -0.1260 0.8961
vn 0.4509 -0.0300 0.8921
vn 0.5406 -0.0174 0.8411
vn 0.5782 0.0164 0.8157
vn 0.5916 0.0007 0.8063
vn 0.4709 -0.0465 0.8810
vn 0.4471 0.0433 0.8934
vn 0.3555 -0.0176 0.9345
vn 0.5057 0.0082 0.8627
vn 0.3873 -0.0844 0.9181
vn 0.3774 0.2142 0.9009
vn 0.4140 0.1014 0.9046
vn 0.4895 0.0334 0.8714
vn -0.0054 0.9276 0.3735
vn -0.2091 0.8263 0.5229
vn -0.0254 0.9739 0.2257
vn -0.4596 0.8877 0.0278
vn -0.0997 0.8903 0.4442
vn -0.2738 0.9346 -0.2272
vn -0.2896 0.9568 0.0268
vn 0.8490 0.3445 -0.4005
vn 0.7060 0.3588 -0.6106
vn 0.6389 0.4683 -0.6104
vn 0.8513 0.0628 -0.5210
vn 0.7360 0.0565 -0.6747
vn 0.8498 0.3318 -0.4096
vn -0.4013 0.9058 -0.1359
vn 0.0130 0.9201 -0.3915
vn -0.1122 0.9410 -0.3192
vn 0.1633 0.9863 -0.0225
vn 0.1496 -0.8997 0.4101
vn 0.1016 -0.9446 0.3121
vn -0.3516 -0.8865 -0.3009
vn -0.1296 -0.9816 0.1402
vn 0.9484 -0.0642 0.3106
vn 0.9640 0.0569 0.2597
vn 0.9431 -0.1386 0.3024
vn 0.9397 -0.1377 0.3131
vn 0.9247 -0.1351 0.3559
vn 0.8417 0.0098 0.5399
vn 0.2464 0.6826 0.6880
vn 0.4696 0.7086 0.5266
vn -0.0090 0.9263 0.3767
vn 0.5375 0.7513 0.3829
vn 0.4383 0.6936 0.5717
vn 0.4655 0.8353 0.2926
vn 0.3563 0.9336 0.0378
vn 0.6551 -0.2117 -0.7253
vn 0.6732 -0.3519 -0.6504
vn 0.6838 0.0133 -0.7296
vn 0.4164 -0.3722 -0.8295
vn -0.4223 0.8926 -0.1578
vn -0.2773 0.8234 -0.4951
vn -0.3555 0.9123 -0.2033
vn -0.1621 0.9314 -0.3259
vn -0.4937 0.8426 0.2152
vn -0.3013 0.9521 -0.0517
vn -0.6523 -0.0987 -0.7515
vn -0.8500 0.0437 -0.5249
vn -0.7984 -0.2560 -0.5450
vn -0.8381 -0.2078 -0.5044
vn -0.8380 -0.1344 -0.5289
vn -0.7867 -0.3774 -0.4886
vn -0.7485 -0.2904 -0.5962
vn 0.4494 0.8877 0.1003
vn 0.4994 0.8628 0.0787
vn 0.5081 0.8550 0.1037
vn 0.3052 0.9128 0.2712
vn 0.2969 0.9546 -0.0218
vn 0.4220 0.9061 0.0310
vn -0.6442 0.7489 0.1556
vn -0.5532 0.7727 0.3113
vn -0.4487 0.8173 0.3616
vn -0.6087 0.7040 0.3659
vn -0.7802 0.6046 0.1607
vn -0.6624 0.6923 0.2862
vn 0.7559 -0.6192 0.2124
vn 0.8696 -0.4865 0.0841
vn 0.8169 -0.5767 -0.0068
vn 0.8743 -0.4045 -0.2684
vn 0.8060 -0.4770 0.3505
vn 0.9857 -0.1487 0.0799
vn 0.7571 -0.6510 0.0542
vn 0.6737 -0.6657 0.3208
vn 0.4889 -0.8151 0.3109
vn 0.5342 -0.5941 0.6014
vn 0.8371 -0.5142 0.1866
vn -0.6096 0.5445 0.5761
vn -0.3828 0.4207 0.8225
vn -0.6250 0.4166 0.6601
vn -0.7155 0.3285 0.6166
vn -0.5575 0.3850 0.7355
vn -0.5308 0.2271 0.8165
vn -0.2511 -0.9427 0.2198
vn -0.1701 -0.8739 0.4553
vn -0.3258 -0.9188 0.2228
vn -0.1683 -0.8142 0.5557
vn -0.3884 -0.8607 0.3291
vn -0.6486 -0.7054 0.2858
vn 0.7854 0.4071 0.4663
vn 0.8973 0.3757 0.2316
vn 0.8548 0.2960 0.4263
vn 0.7788 0.3183 0.5405
vn 0.9449 0.2687 0.1867
vn 0.9095 0.2822 0.3052
vn -0.2534 0.8224 -0.5093
vn -0.4366 0.8609 -0.2613
vn -0.3160 0.3795 -0.8696
vn -0.3529 0.7272 -0.5887
vn -0.3080 0.6080 -0.7317
vn 0.8928 -0.4074 -0.1925
vn 0.7671 -0.3761 -0.5197
vn 0.9600 -0.2795 0.0188
vn 0.8342 -0.3697 -0.4091
vn 0.8230 -0.5680 -0.0051
vn 0.8938 -0.4294 -0.1294
vn 0.8871 -0.3639 -0.2838
vn 0.8186 -0.5586 -0.1336
vn 0.7544 -0.6561 0.0215
vn 0.8728 -0.3097 -0.3772
vn -0.6500 -0.7549 -0.0876
vn -0.2393 -0.9651 -0.1062
vn -0.2877 -0.9014 -0.3235
vn -0.6206 -0.7620 0.1849
vn -0.8108 -0.5481 -0.2056
vn -0.2999 -0.8583 -0.4163
vn -0.9930 0.0971 0.0678
vn -0.9937 0.0608 0.0938
vn -0.7704 0.6050 0.2013
vn -0.9983 -0.0587 -0.0038
vn -0.9846 0.0295 0.1723
vn -0.9790 0.0707 0.1911
vn 0.0919 -0.9936 -0.0654
vn -0.0097 -0.9990 -0.0429
vn 0.1078 -0.9302 0.3508
vn 0.1153 -0.9441 -0.3089
vn 0.3419 -0.9126 -0.2242
vn 0.6982 -0.7117 -0.0773
vn 0.0171 -0.9027 0.4300
vn -0.9123 0.1660 -0.3743
vn -0.7517 0.1051 -0.6511
vn -0.7601 0.4790 -0.4392
vn -0.4627 0.4254 -0.7778
vn -0.6545 0.0092 -0.7560
vn -0.2303 0.6420 -0.7313
vn -0.6363 0.4741 -0.6086
vn -0.0094 -0.9999 -0.0072
vn -0.2896 -0.9471 -0.1385
vn -0.3555 -0.9072 0.2248
vn -0.0572 -0.9600 -0.2741
vn -0.0087 -0.9810 -0.1939
vn 0.8857 0.1880 -0.4244
vn 0.9919 0.1265 -0.0097
vn 0.9947 0.0573 0.0855
vn 0.8437 0.1128 -0.5249
vn 0.9421 0.0703 -0.3278
vn 0.9988 0.0267 -0.0405
vn 0.8584 -0.0460 -0.5109
vn 0.0056 0.9995 -0.0308
vn -0.1131 0.8077 0.5787
vn 0.0547 0.9832 -0.1740
vn 0.0625 0.9980 -0.0048
vn 0.0734 -0.9801 -0.1845
vn -0.2492 -0.9683 0.0176
vn -0.3811 -0.9241 -0.0287
vn -0.3172 -0.8062 -0.4994
vn 0.8938 0.2303 -0.3848
vn 0.8200 0.1126 -0.5612
vn 0.9518 0.0347 -0.3048
vn 0.9263 0.3239 -0.1923
vn 0.6568 0.7485 0.0919
vn 0.5259 0.8483 0.0613
vn 0.4196 0.8669 0.2691
vn 0.4608 0.8697 0.1767
vn 0.8478 -0.5041 0.1646
vn 0.7312 -0.6818 0.0230
vn 0.9341 -0.3001 0.1936
vn 0.6903 -0.7225 0.0398
vn 0.6133 -0.7703 0.1747
vn 0.7260 -0.6862 -0.0446
vn 0.6919 -0.7210 -0.0384
vn 0.0614 -0.9948 -0.0807
vn -0.3542 -0.9220 -0.1565
vn -0.1857 -0.9825 -0.0149
vn -0.3054 -0.9264 0.2201
vn 0.1512 -0.9789 0.1375
vn 0.1612 -0.7383 0.6549
vn 0.0264 -0.9967 -0.0761
vn 0.4316 0.8602 0.2716
vn 0.2540 0.9576 -0.1360
vn 0.9076 0.0265 0.4191
vn 0.8781 -0.0409 0.4766
vn 0.9101 0.0122 0.4142
vn 0.8614 0.1381 0.4888
vn -0.1179 0.9857 0.1204
vn 0.1035 0.8369 -0.5375
vn -0.0340 0.9989 0.0312
vn 0.0946 -0.9122 -0.3987
vn -0.1919 -0.9505 -0.2444
vn 0.0114 -0.9900 0.1407
vn -0.3820 -0.7414 0.5517
vn 0.4211 0.0317 0.9065
vn 0.5483 0.1603 0.8208
vn 0.4654 0.1045 0.8789
vn 0.6746 0.1053 0.7306
vn 0.5017 0.1495 0.8520
vn 0.5617 0.2030 0.8020
vn 0.0022 -0.9753 -0.2211
vn -0.3372 -0.8539 -0.3964
vn 0.1817 -0.9545 -0.2366
vn 0.1457 -0.9673 0.2075
vn 0.2728 -0.9557 -0.1103
vn 0.1599 -0.9173 -0.3646
vn -0.8885 -0.3312 -0.3176
vn -0.9357 -0.2765 -0.2190
vn -0.9766 -0.2137 -0.0234
vn -0.9091 -0.1597 -0.3847
vn -0.9439 -0.1167 -0.3089
vn -0.9510 -0.3081 -0.0263
vn -0.9204 -0.3092 -0.2393
vn 0.2391 0.7234 -0.6477
vn 0.1721 0.6611 -0.7303
vn 0.4571 0.7805 -0.4265
vn 0.4215 0.6240 -0.6580
vn 0.1493 0.7438 -0.6516
vn 0.6013 0.6545 -0.4583
vn 0.8831 0.4601 -0.0916
vn 0.9638 0.1973 -0.1792
vn 0.9141 0.0875 -0.3958
vn 0.9406 0.1013 -0.3240
vn 0.8187 -0.5738 -0.0219
vn 0.8305 -0.5564 0.0262
vn 0.9435 -0.3272 0.0522
vn 0.7084 -0.7056 0.0183
vn 0.5805 -0.8140 -0.0208
vn 0.6625 -0.7387 0.1238
vn -0.4276 0.5778 -0.6952
vn -0.7819 0.2293 -0.5797
vn -0.5304 0.5545 -0.6413
vn -0.5709 0.4610 -0.6793
vn -0.6843 0.5593 -0.4679
vn -0.5904 0.4785 -0.6500
vn 0.0401 -0.8158 -0.5769
vn -0.0488 -0.4570 -0.8881
vn -0.0696 -0.8293 -0.5544
vn 0.4450 -0.3644 -0.8180
vn 0.1449 -0.5677 -0.8104
vn 0.3797 -0.5001 -0.7783
vn 0.4888 -0.6884 -0.5359
vn 0.0997 0.9620 0.2543
vn -0.0302 0.8749 0.4834
vn 0.1809 0.9059 0.3828
vn 0.2057 0.9038 0.3752
vn -0.6300 0.4819 -0.6090
vn -0.4810 0.6042 -0.6353
vn -0.4175 0.5088 -0.7529
vn -0.5174 0.4913 -0.7006
vn -0.5564 0.5618 -0.6122
vn -0.3799 0.6891 -0.6171
vn 0.1956 -0.9571 -0.2139
vn 0.1851 -0.8273 -0.5304
vn 0.3813 -0.8351 -0.3966
vn 0.2680 -0.8846 -0.3816
vn 0.3138 -0.8865 -0.3400
vn 0.5270 0.4366 -0.7292
vn 0.6514 0.3708 -0.6619
vn 0.4916 0.2972 -0.8186
vn 0.3491 0.3433 -0.8719
vn 0.4977 0.3359 -0.7997
vn 0.4664 0.3780 -0.7998
vn 0.3454 0.9081 0.2368
vn 0.3216 0.9468 -0.0105
vn 0.3743 0.8881 0.2666
vn 0.5017 0.8644 -0.0341
vn 0.2964 0.9528 -0.0649
vn 0.3077 0.9515 0.0036
vn -0.5060 0.8356 0.2139
vn -0.6727 0.6929 0.2594
vn -0.5937 0.7274 0.3441
vn -0.6366 0.7302 0.2480
vn -0.6337 0.7004 0.3285
vn -0.3226 -0.7510 0.5762
vn -0.5806 -0.7841 0.2192
vn -0.6207 -0.6866 0.3786
vn -0.7323 -0.6052 0.3123
vn -0.5272 -0.7125 0.4631
vn -0.7200 -0.5383 0.4381
vn -0.7860 -0.3581 0.5040
vn 0.5589 0.6712 -0.4870
vn 0.3635 0.5538 -0.7491
vn 0.3689 0.7517 -0.5466
vn 0.5597 0.6179 -0.5523
vn 0.3681 0.6760 -0.6383
vn 0.7516 0.4194 -0.5091
vn 0.6191 0.3478 -0.7041
vn 0.8491 0.1094 -0.5168
vn 0.5900 0.5166 -0.6204
vn 0.7270 0.4043 -0.5550
vn 0.0304 -0.9145 -0.4035
vn 0.2969 -0.8961 -0.3298
vn 0.0966 -0.9003 -0.4245
vn 0.2405 -0.8004 -0.5492
vn 0.1271 0.1982 -0.9719
vn -0.0257 0.1988 -0.9797
vn -0.2398 0.1574 -0.9580
vn 0.3950 0.3284 -0.8580
vn 0.1413 -0.8039 0.5777
vn -0.4605 -0.8770 0.1369
vn 0.3045 -0.9427 -0.1365
vn -0.2000 -0.8905 0.4088
vn -0.4193 -0.8998 -0.1207
vn 0.8877 0.0803 -0.4534
vn 0.9310 0.0780 -0.3566
vn 0.8992 0.1387 -0.4149
vn 0.7950 0.2546 -0.5506
vn 0.8513 0.1680 -0.4970
vn -0.1342 0.9894 -0.0556
vn 0.2504 0.9555 -0.1559
vn 0.0457 -0.9844 0.1698
vn -0.0072 -0.9981 0.0620
vn -0.1496 -0.9856 0.0793
vn -0.2136 0.0909 -0.9727
vn -0.2952 0.0999 -0.9502
vn -0.2303 0.1199 -0.9657
vn -0.1475 0.2669 -0.9524
vn -0.2394 0.3184 -0.9172
vn 0.0435 0.1143 -0.9925
vn -0.1684 -0.9746 -0.1477
vn -0.0484 -0.8631 -0.5026
vn -0.2504 -0.7835 -0.5687
vn -0.0500 -0.9455 -0.3217
vn 0.2380 -0.2354 -0.9423
vn 0.4364 -0.1947 -0.8785
vn 0.4546 -0.4445 -0.7719
vn 0.4217 -0.1316 -0.8971
vn -0.0982 -0.4026 -0.9101
vn 0.3659 -0.1346 -0.9209
vn -0.4735 -0.8798 -0.0413
vn -0.4266 -0.9012 -0.0767
vn -0.2298 -0.9407 -0.2494
vn -0.9820 -0.1644 -0.0929
vn -0.9356 -0.3340 0.1146
vn -0.9845 -0.1690 -0.0458
vn -0.9390 -0.2443 -0.2419
vn -0.9595 -0.2610 0.1061
vn -0.8006 -0.4557 -0.3892
vn -0.2767 -0.0580 0.9592
vn -0.1292 0.0062 0.9916
vn -0.2008 -0.0153 0.9795
vn -0.0679 0.1527 0.9859
vn -0.1147 -0.1689 0.9789
vn 0.3503 0.9115 0.2156
vn 0.0399 0.8942 0.4459
vn 0.2989 0.9408 0.1601
vn 0.4466 0.8580 0.2537
vn 0.2722 -0.9546 -0.1210
vn -0.4266 -0.4882 0.7614
vn -0.3773 -0.2052 0.9031
vn -0.1684 -0.0593 0.9839
vn -0.4610 -0.4293 0.7766
vn -0.2709 -0.4798 0.8345
vn -0.5730 -0.4692 0.6719
vn 0.4003 0.7523 -0.5232
vn 0.1073 0.9254 -0.3635
vn 0.5205 0.7241 -0.4525
vn 0.1995 0.9686 0.1481
vn -0.1562 0.9766 -0.1476
vn 0.4951 0.6843 -0.5353
vn 0.7138 0.1853 0.6754
vn 0.8283 0.2223 0.5144
vn 0.6993 -0.0647 0.7119
vn 0.1462 0.9462 0.2887
vn 0.1957 0.9741 0.1130
vn 0.3551 0.8687 0.3454
vn -0.0514 0.9096 0.4123
vn 0.0723 0.9435 0.3234
vn 0.1467 0.8798 0.4521
vn 0.1568 0.8996 0.4075
vn -0.2281 0.6696 -0.7068
vn -0.5679 0.6425 -0.5145
vn -0.3759 0.7523 -0.5411
vn -0.8616 0.3787 -0.3380
vn -0.4970 0.5272 -0.6893
vn 0.4635 -0.6352 0.6178
vn 0.2771 -0.4869 0.8283
vn 0.4934 -0.6434 0.5853
vn 0.4103 -0.6074 0.6802
vn 0.2924 -0.6908 0.6613
vn 0.3436 -0.6454 0.6821
vn -0.4252 0.6701 -0.6084
vn -0.3623 0.6646 -0.6535
vn -0.4659 0.5706 -0.6763
vn -0.0685 0.6681 -0.7409
vn -0.3951 0.5856 -0.7079
vn -0.0186 0.6859 -0.7275
vn -0.2389 0.6610 -0.7113
vn -0.0905 -0.6500 -0.7545
vn -0.2169 -0.4283 -0.8772
vn -0.1380 -0.8694 -0.4745
vn 0.1584 -0.8518 -0.4993
vn 0.5416 0.4428 -0.7146
vn 0.5280 0.6492 -0.5476
vn 0.4386 0.6665 -0.6028
vn 0.6479 0.6313 -0.4263
vn 0.7071 0.6114 -0.3552
vn 0.7168 0.6878 -0.1143
vn -0.4565 -0.2666 -0.8488
vn -0.6067 -0.1328 -0.7838
vn -0.5946 -0.3009 -0.7456
vn -0.5214 -0.1172 -0.8452
vn -0.4054 -0.4890 -0.7724
vn -0.6369 -0.0388 -0.7700
vn 0.4801 0.6193 -0.6212
vn 0.3018 0.6686 -0.6796
vn 0.3240 0.5644 -0.7593
vn 0.5786 0.6107 -0.5407
vn 0.8212 0.4050 -0.4021
vn 0.7161 -0.3646 0.5953
vn 0.7913 -0.4171 0.4470
vn 0.8074 -0.4443 0.3883
vn 0.5941 -0.3466 0.7259
vn -0.2907 -0.9555 -0.0495
vn 0.2536 -0.9032 0.3463
vn 0.1825 -0.7985 0.5736
vn -0.1757 -0.9767 0.1228
vn 0.0677 -0.8504 0.5218
vn -0.0895 -0.8467 0.5245
vn 0.4309 0.6786 0.5949
vn 0.5052 0.2928 0.8118
vn 0.4518 0.5715 0.6850
vn 0.4607 0.5979 0.6560
vn -0.2844 0.4704 -0.8354
vn -0.3561 0.4264 -0.8315
vn -0.3950 0.4082 -0.8230
vn -0.3408 0.4402 -0.8307
vn -0.4505 0.4625 -0.7636
vn 0.3058 -0.7525 -0.5834
vn 0.8528 -0.3995 -0.3364
vn 0.4178 -0.8920 -0.1728
vn 0.7830 -0.4959 -0.3756
vn 0.7243 -0.6791 -0.1191
vn 0.7069 -0.5632 -0.4279
vn 0.7030 -0.7056 -0.0888
vn 0.8188 -0.5741 0.0069
vn 0.7767 -0.5831 -0.2383
vn 0.1005 -0.9917 -0.0802
vn 0.0159 -0.9862 0.1650
vn 0.2092 -0.9615 0.1783
vn 0.4117 -0.7787 0.4734
vn 0.5406 -0.3302 -0.7738
vn 0.6395 -0.3273 -0.6957
vn 0.3243 -0.5956 -0.7349
vn 0.4551 -0.4845 -0.7471
vn -0.3737 -0.8127 0.4470
vn -0.2965 -0.7958 0.5281
vn -0.5064 -0.8504 0.1429
vn 0.0001 -0.9997 0.0254
vn -0.4217 -0.8379 0.3465
vn -0.1219 -0.9919 0.0366
vn -0.1449 -0.9894 -0.0017
vn -0.8937 -0.4027 -0.1979
vn -0.9241 -0.2419 0.2959
vn -0.8851 -0.4029 -0.2328
vn -0.9007 -0.3706 -0.2267
vn -0.8002 -0.5996 0.0119
vn 0.2096 0.8035 0.5572
vn -0.0064 0.9332 0.3593
vn -0.1590 0.7856 0.5979
vn 0.2095 -0.9659 -0.1522
vn 0.2138 -0.9671 -0.1382
vn -0.0596 -0.9982 -0.0073
vn -0.1586 -0.9871 -0.0229
vn -0.0156 0.0237 -0.9996
vn 0.3688 0.0227 -0.9292
vn 0.1072 -0.0463 -0.9932
vn -0.4664 -0.8820 0.0672
vn -0.5364 -0.8423 0.0524
vn -0.5580 -0.8089 -0.1855
vn -0.0712 -0.9954 -0.0642
vn -0.3076 -0.8753 -0.3731
vn 0.4707 0.6607 -0.5847
vn 0.4983 0.5777 -0.6465
vn 0.4855 0.5545 -0.6759
vn 0.4268 0.6569 -0.6215
vn 0.3314 0.7544 -0.5666
vn -0.4311 -0.9011 -0.0473
vn -0.4694 -0.8397 -0.2731
vn -0.4386 -0.8907 -0.1194
vn -0.2134 -0.8653 -0.4536
vn 0.2822 -0.3665 0.8866
vn 0.1015 -0.5695 0.8157
vn 0.3108 -0.1345 0.9409
vn 0.0745 -0.4677 0.8808
vn 0.1480 -0.4970 0.8551
vn 0.0670 -0.3516 0.9337
vn -0.0610 -0.3327 0.9411
vn 0.2321 0.8896 0.3934
vn 0.3592 0.9294 0.0843
vn 0.3946 0.8851 0.2469
vn 0.5464 0.8240 0.1498
vn 0.4851 0.8281 0.2810
vn 0.5150 0.8456 0.1408
vn 0.2314 -0.9278 -0.2928
vn 0.1829 -0.9674 -0.1750
vn 0.1227 -0.9712 -0.2044
vn 0.4703 -0.8144 -0.3399
vn 0.5195 0.1498 0.8413
vn 0.2764 -0.0676 0.9587
vn 0.5412 0.1304 0.8307
vn 0.5051 0.0547 0.8613
vn 0.3561 -0.2030 0.9121
vn 0.5337 -0.0728 0.8426
vn -0.1113 -0.9634 0.2439
vn -0.2233 -0.9674 -0.1193
vn 0.0796 -0.9959 -0.0421
vn -0.1111 -0.9938 -0.0009
vn -0.0564 -0.9657 -0.2533
vn 0.6280 -0.4576 -0.6294
vn 0.3410 -0.6914 -0.6369
vn 0.3272 -0.7032 -0.6313
vn 0.1278 -0.9397 -0.3172
vn -0.0784 -0.8867 -0.4557
vn 0.2106 -0.9610 -0.1793
vn 0.1396 -0.8999 -0.4131
vn -0.6226 -0.2793 -0.7310
vn -0.6083 -0.3135 -0.7292
vn -0.5714 -0.3339 -0.7497
vn -0.5692 -0.2414 -0.7859
vn 0.0178 0.9221 0.3865
vn -0.1841 0.9675 0.1732
vn 0.1047 0.9751 0.1956
vn -0.0446 0.8893 0.4551
vn -0.3194 0.9050 0.2811
vn -0.3029 0.8919 0.3358
vn -0.6476 0.7381 -0.1893
vn -0.9089 0.1469 -0.3903
vn -0.3750 0.8071 -0.4560
vn -0.4976 0.8633 -0.0843
vn -0.4363 0.8592 -0.2672
vn -0.8754 -0.4419 -0.1959
vn -0.8943 -0.4460 -0.0355
vn -0.7855 -0.6180 0.0325
vn -0.7264 -0.6837 0.0696
vn -0.8166 -0.4869 0.3100
vn -0.3460 0.8464 0.4049
vn -0.6213 0.6143 0.4864
vn -0.5787 0.7895 0.2043
vn -0.7913 0.5759 0.2052
vn -0.2225 0.8537 0.4708
vn -0.3581 0.9068 0.2226
vn -0.7473 0.6589 0.0857
vn -0.9773 0.1883 -0.0974
vn -0.9612 0.1850 0.2045
vn -0.9117 0.4105 0.0158
vn -0.9622 0.1987 0.1862
vn -0.9991 -0.0069 -0.0423
vn 0.3281 0.9253 0.1901
vn 0.2432 0.9261 0.2886
vn 0.3709 0.9024 0.2194
vn 0.1880 0.9285 0.3202
vn 0.4682 0.8652 0.1795
vn 0.6759 0.7122 0.1893
vn 0.6835 0.4667 -0.5613
vn 0.6422 0.3663 -0.6734
vn 0.6395 0.5510 -0.5361
vn 0.6122 0.5627 -0.5555
vn 0.5242 0.7227 0.4505
vn 0.0307 0.9651 0.2600
vn -0.1036 0.7268 0.6790
vn 0.0927 0.9302 0.3552
vn -0.0782 0.9436 0.3218
vn -0.1039 0.9537 0.2824
vn -0.0114 0.9294 0.3690
vn 0.2903 -0.2677 0.9187
vn 0.4414 -0.2871 0.8501
vn 0.4093 -0.4153 0.8124
vn 0.3918 -0.2843 0.8750
vn 0.3336 -0.3247 0.8850
vn 0.3674 -0.5849 0.7231
vn -0.2133 0.5910 0.7780
vn -0.2453 0.7114 0.6587
vn -0.4647 0.6283 0.6239
vn -0.8060 -0.5806 0.1150
vn -0.6840 -0.7159 0.1400
vn -0.6126 -0.7798 0.1295
vn -0.6961 -0.6053 0.3860
vn -0.4982 -0.5037 0.7057
vn -0.7425 -0.6311 0.2244
vn -0.3480 -0.4760 0.8077
vn -0.5479 -0.7814 0.2985
vn -0.6679 -0.7402 0.0771
vn -0.1415 0.9897 0.0214
vn -0.2146 0.9647 0.1526
vn -0.6439 0.7356 0.2104
vn 0.0347 0.9671 0.2521
vn -0.2298 0.9721 0.0477
vn -0.1772 0.9648 0.1943
vn 0.6060 0.3576 -0.7106
vn 0.6788 0.3131 -0.6642
vn 0.6538 0.2565 -0.7119
vn 0.4983 0.4204 -0.7582
vn 0.8692 0.1219 -0.4792
vn 0.4951 0.8420 0.2142
vn 0.2812 0.8860 0.3688
vn 0.3856 0.8162 0.4303
vn 0.2673 0.9554 0.1257
vn 0.2084 0.9774 -0.0352
vn 0.5861 0.8027 -0.1107
vn -0.9433 0.1902 -0.2720
vn -0.9023 0.1836 -0.3900
vn -0.9579 0.0307 -0.2855
vn -0.9538 -0.0862 -0.2878
vn -0.9540 0.0843 -0.2878
vn -0.9465 0.2145 -0.2412
vn -0.2739 0.7897 0.5490
vn 0.2124 0.8499 0.4823
vn -0.2475 0.8116 0.5292
vn -0.0064 0.9120 0.4101
vn 0.1494 -0.9844 -0.0933
vn 0.1089 -0.9659 -0.2351
vn -0.0300 -0.9973 -0.0677
vn -0.5421 -0.8213 0.1779
vn -0.8421 0.0041 0.5392
vn -0.8347 -0.0040 0.5507
vn -0.9009 0.0404 0.4321
vn -0.8300 0.2237 0.5109
vn -0.1000 -0.9880 0.1178
vn 0.0345 -0.9985 0.0415
vn -0.0037 -0.9966 0.0820
vn -0.8852 -0.2409 0.3979
vn -0.8170 0.0816 0.5708
vn -0.8256 -0.2056 0.5255
vn -0.8565 -0.3479 0.3812
vn -0.9430 -0.3024 0.1392
vn -0.5141 -0.7681 0.3817
vn -0.1364 -0.9154 0.3787
vn -0.5309 -0.6896 0.4925
vn -0.0788 -0.7921 0.6053
vn -0.2234 -0.8979 0.3792
vn -0.1174 -0.8485 0.5161
vn -0.2824 -0.5868 0.7589
vn -0.1962 -0.4159 0.8880
vn -0.3763 -0.3291 0.8661
vn -0.2755 -0.4690 0.8392
vn 0.4395 0.6285 -0.6417
vn 0.2805 0.8359 -0.4718
vn 0.4808 0.8248 -0.2976
vn 0.5048 0.6676 -0.5472
vn -0.0069 0.6802 0.7330
vn -0.0209 0.8481 0.5294
vn -0.0814 0.9470 0.3107
vn -0.2389 -0.7075 0.6651
vn -0.3958 -0.5978 0.6971
vn -0.3475 -0.5145 0.7839
vn -0.3537 -0.3724 0.8580
vn -0.1530 -0.9612 0.2293
vn 0.0788 -0.9465 0.3129
vn 0.1553 -0.9717 0.1782
vn 0.2972 -0.2588 0.9191
vn 0.3820 -0.3330 0.8621
vn 0.5612 -0.1657 0.8109
vn 0.3194 -0.5897 0.7417
vn 0.5394 -0.2065 0.8164
vn 0.0025 -0.9900 0.1411
vn 0.3156 -0.9179 0.2407
vn 0.1037 -0.9458 0.3077
vn 0.3823 -0.6477 0.6591
vn 0.4928 0.3808 -0.7824
vn 0.4334 0.6138 -0.6599
vn 0.4065 0.6372 -0.6548
vn 0.6402 0.4484 -0.6238
vn 0.6153 0.5009 -0.6087
vn 0.6124 0.3820 -0.6921
vn 0.6085 0.3869 -0.6928
vn 0.5134 0.6164 -0.5971
vn 0.2664 0.5909 -0.7615
vn 0.5199 0.6830 -0.5130
vn 0.5626 0.6243 -0.5419
vn 0.4335 0.6550 -0.6190
vn 0.5237 0.5185 0.6760
vn 0.3432 0.6784 0.6496
vn 0.4656 0.5154 0.7194
vn 0.3401 0.7680 0.5427
vn 0.3034 0.7014 0.6450
vn 0.1881 0.5277 0.8283
vn -0.7762 0.5860 0.2326
vn -0.8852 0.4568 0.0886
vn -0.6121 0.7836 0.1068
vn -0.8442 0.5152 0.1480
vn -0.7645 0.5383 0.3547
vn -0.9305 0.1432 0.3372
vn -0.9492 0.2330 0.2115
vn -0.9642 0.1357 0.2280
vn 0.2439 0.9310 0.2717
vn 0.1931 0.8890 0.4153
vn -0.9979 0.0463 -0.0448
vn -0.9277 0.3721 0.0311
vn -0.9626 0.1011 0.2512
vn -0.9381 0.3027 0.1681
vn -0.4301 0.8814 0.1953
vn -0.0563 0.9797 0.1923
vn -0.2934 0.9326 -0.2102
vn -0.7788 0.5841 0.2285
vn -0.2000 0.9792 -0.0332
vn 0.1368 0.9508 -0.2779
vn -0.8711 -0.0383 0.4897
vn -0.5354 -0.1394 0.8330
vn -0.6195 0.0361 0.7842
vn -0.7642 -0.1668 0.6231
vn -0.5338 -0.2629 0.8037
vn -0.7445 -0.1848 0.6415
vn 0.0730 0.8780 0.4730
vn -0.3967 0.7576 0.5184
vn 0.2007 0.8642 0.4613
vn -0.7217 0.4955 0.4834
vn 0.0509 -0.9983 -0.0282
vn 0.5476 -0.8140 -0.1936
vn 0.2124 -0.9592 -0.1869
vn 0.1122 -0.9912 0.0704
vn -0.8001 -0.0242 0.5994
vn -0.8005 -0.0596 0.5963
vn -0.8629 0.0234 0.5048
vn -0.8734 -0.2650 0.4087
vn 0.1880 -0.5299 -0.8269
vn 0.1074 -0.3997 -0.9103
vn -0.1721 -0.3910 -0.9042
vn 0.3402 -0.4703 -0.8143
vn 0.2057 -0.5159 -0.8316
vn 0.6780 0.5241 -0.5154
vn 0.6617 0.4636 -0.5892
vn 0.4632 0.6048 -0.6478
vn -0.5951 0.2112 0.7754
vn -0.7231 0.1550 0.6731
vn -0.8019 -0.0311 0.5967
vn -0.7829 0.0561 0.6196
vn 0.4731 0.8684 -0.1484
vn 0.4902 0.8063 -0.3310
vn 0.3496 0.9360 -0.0406
vn -0.1919 0.9805 -0.0422
vn 0.6159 0.6652 -0.4222
vn -0.2104 -0.2137 0.9540
vn 0.1594 0.0648 0.9851
vn -0.4889 -0.0295 0.8719
vn -0.0310 -0.1654 0.9857
vn -0.4515 0.1534 0.8790
vn -0.2591 0.2506 0.9328
vn 0.0731 0.8617 0.5022
vn 0.0530 0.8621 0.5040
vn 0.2634 0.8702 0.4164
vn 0.1250 -0.9798 -0.1560
vn -0.2592 -0.9580 -0.1230
vn 0.4177 -0.9085 -0.0142
vn -0.1289 -0.9846 -0.1177
vn -0.9786 0.0947 -0.1828
vn -0.9474 0.1176 -0.2978
vn -0.9627 0.0541 -0.2651
vn -0.9357 -0.0360 -0.3510
vn -0.8663 -0.2304 -0.4431
vn -0.3213 -0.7808 0.5359
vn -0.2036 -0.5517 0.8088
vn 0.1242 -0.9612 0.2463
vn -0.4328 -0.8398 0.3277
vn -0.6149 -0.5271 0.5866
vn -0.5851 -0.7541 0.2984
vn -0.9788 0.1940 0.0656
vn -0.9607 0.2302 -0.1549
vn -0.9829 -0.0073 -0.1843
vn -0.9129 0.2080 -0.3513
vn 0.2128 -0.8907 -0.4017
vn 0.3761 -0.8619 -0.3400
vn 0.0162 -0.9312 -0.3641
vn 0.2212 -0.8900 -0.3988
vn 0.1936 -0.8503 -0.4894
vn 0.4418 -0.8519 -0.2811
vn 0.0131 0.3227 0.9464
vn 0.3225 0.2638 0.9091
vn -0.1112 0.0363 0.9931
vn 0.1583 0.1284 0.9790
vn 0.0129 0.3432 0.9392
vn -0.5073 0.5570 -0.6576
vn -0.4399 0.6468 -0.6230
vn -0.2834 0.5407 -0.7920
vn -0.4898 0.2602 -0.8321
vn 0.5200 -0.6713 0.5282
vn 0.3836 -0.6518 0.6542
vn 0.4545 -0.5006 0.7368
vn 0.5035 -0.5350 0.6784
vn 0.4442 -0.4901 0.7500
vn 0.5624 0.4605 0.6867
vn 0.5763 0.5794 0.5764
vn 0.5031 0.5582 0.6598
vn 0.6084 0.5463 0.5757
vn 0.8124 -0.5694 0.1256
vn 0.7056 -0.6767 0.2102
vn 0.9354 -0.3421 0.0890
vn 0.3669 -0.1098 0.9237
vn 0.5533 -0.2147 0.8048
vn 0.3990 -0.2502 0.8821
vn 0.6501 -0.1282 0.7490
vn -0.2394 0.9380 0.2507
vn -0.0640 0.9790 0.1934
vn 0.0406 0.9196 0.3908
vn 0.0488 0.9280 0.3695
vn 0.1355 0.9700 0.2020
vn -0.0051 0.9852 0.1711
vn 0.4959 0.2521 0.8310
vn 0.4453 0.2197 0.8680
vn 0.5054 0.2130 0.8362
vn 0.4805 0.2628 0.8367
vn -0.3825 -0.8376 0.3901
vn -0.2311 -0.9111 0.3413
vn -0.3984 -0.8688 0.2940
vn -0.3220 -0.8494 0.4181
vn -0.0701 -0.9857 0.1532
vn -0.3031 0.5968 -0.7430
vn -0.3776 0.5890 -0.7145
vn -0.3815 0.4275 -0.8196
vn -0.4494 0.2281 -0.8637
vn -0.7463 -0.3440 -0.5698
vn -0.6453 -0.4606 -0.6095
vn -0.3285 -0.6178 -0.7144
vn -0.8194 -0.1653 -0.5488
vn -0.6957 -0.5625 -0.4468
vn -0.6657 -0.4324 -0.6081
vn 0.2872 -0.6638 0.6906
vn 0.3600 -0.6729 0.6462
vn 0.4243 -0.6036 0.6750
vn 0.5029 -0.3109 0.8064
vn 0.4218 -0.3129 0.8510
vn 0.5075 -0.3464 0.7889
vn 0.5298 -0.2649 0.8057
vn 0.0080 -0.7644 -0.6446
vn 0.1026 -0.8928 -0.4385
vn 0.0834 -0.8265 -0.5567
vn 0.1372 -0.9269 -0.3494
vn -0.0685 0.0385 0.9969
vn 0.1916 0.2526 0.9484
vn -0.3336 0.1930 0.9228
vn -0.3495 0.2407 0.9055
vn -0.2401 -0.9706 -0.0179
vn -0.2423 -0.9653 0.0974
vn -0.1360 0.0269 0.9903
vn -0.1329 0.1506 0.9796
vn -0.0829 0.1886 0.9785
vn -0.2963 0.1202 0.9475
vn 0.0361 0.1761 0.9837
vn 0.3692 0.7776 0.5090
vn 0.1285 0.8776 0.4618
vn 0.5924 -0.7912 -0.1519
vn 0.5158 -0.8317 -0.2055
vn 0.3209 -0.9227 -0.2138
vn -0.1932 0.0294 0.9807
vn -0.2113 0.2436 0.9466
vn -0.4345 -0.1238 0.8921
vn -0.3741 0.2286 0.8988
vn -0.6063 0.7948 0.0244
vn -0.0800 0.9715 -0.2233
vn -0.3387 0.9371 -0.0850
vn -0.0397 0.9935 -0.1064
vn -0.1302 0.9715 -0.1981
vn -0.1972 0.9694 -0.1459
vn -0.2611 0.9627 -0.0716
vn -0.3159 0.8920 -0.3233
vn -0.4744 0.8203 -0.3195
vn -0.5193 0.8358 0.1779
vn -0.2352 -0.0215 0.9717
vn -0.4358 -0.0470 0.8988
vn -0.1580 -0.1663 0.9733
vn -0.1805 -0.1319 0.9747
vn -0.1901 -0.9642 -0.1850
vn 0.0898 -0.9794 -0.1807
vn 0.1823 -0.9624 0.2012
vn 0.0598 -0.8008 -0.5959
vn 0.3076 -0.7545 -0.5798
vn 0.0459 -0.9249 -0.3775
vn 0.9543 -0.0498 -0.2945
vn 0.8924 0.1953 -0.4068
vn 0.9106 -0.3684 -0.1871
vn 0.9141 -0.3103 -0.2611
vn 0.9229 -0.0458 -0.3822
vn 0.0115 0.8640 0.5034
vn 0.5476 0.6894 0.4743
vn -0.3423 0.8965 0.2814
vn 0.0775 0.9489 0.3060
vn 0.5660 -0.8176 -0.1058
vn 0.3514 -0.9325 -0.0835
vn 0.2474 -0.2629 -0.9326
vn 0.3650 -0.3063 -0.8792
vn 0.0518 -0.1919 -0.9800
vn -0.5084 0.8572 0.0827
vn -0.4350 0.7290 -0.5285
vn -0.3303 0.9309 0.1558
vn -0.2585 0.9602 -0.1059
vn -0.2570 0.9485 -0.1852
vn -0.1963 0.9801 0.0313
vn -0.3367 0.6113 -0.7162
vn -0.4391 0.5374 -0.7199
vn -0.4469 0.5697 -0.6898
vn -0.3214 0.5812 -0.7476
vn -0.2246 0.6434 -0.7318
vn 0.3094 0.9160 0.2554
vn 0.0763 0.9809 -0.1788
vn -0.1399 0.9251 0.3531
vn -0.2121 -0.5617 0.7997
vn -0.3676 -0.4929 0.7886
vn -0.1898 -0.3849 0.9032
vn 0.5612 0.4158 -0.7156
vn 0.6999 0.5669 -0.4345
vn 0.2321 0.7507 -0.6186
vn -0.8013 -0.5663 0.1929
vn -0.7567 -0.5972 0.2660
vn 0.8596 -0.5081 0.0535
vn 0.8719 -0.4624 0.1610
vn 0.7732 -0.6336 0.0288
vn 0.8739 -0.4824 -0.0597
vn 0.9171 -0.3353 0.2156
vn 0.2296 0.8725 0.4313
vn 0.4064 0.8226 0.3978
vn 0.2027 0.9013 0.3828
vn 0.6219 0.5767 0.5297
vn -0.4014 0.3026 0.8645
vn -0.2607 0.0661 0.9632
vn -0.2784 0.2628 0.9238
vn -0.2945 0.2173 0.9306
vn -0.0289 0.1655 0.9858
vn -0.3154 0.9489 -0.0148
vn -0.4447 0.8653 -0.2312
vn -0.2160 0.9708 -0.1048
vn -0.2695 0.9564 0.1123
vn -0.6683 -0.4223 -0.6124
vn -0.4954 -0.2608 -0.8286
vn -0.5402 -0.2501 -0.8035
vn -0.7195 -0.1764 -0.6718
vn -0.4819 -0.2330 -0.8447
vn 0.0958 -0.8937 0.4382
vn 0.0502 -0.8791 0.4740
vn -0.2269 -0.9049 0.3601
vn -0.1004 -0.9337 0.3436
vn -0.0135 -0.8370 0.5471
vn -0.3397 -0.9290 0.1467
vn -0.2528 -0.5838 0.7715
vn -0.1116 -0.5574 0.8227
vn -0.1673 -0.8076 0.5655
vn -0.1991 -0.8831 0.4248
vn -0.6844 0.6560 0.3181
vn -0.8797 0.4513 0.1498
vn -0.6907 0.6958 0.1968
vn -0.5015 0.7487 0.4336
vn -0.2940 -0.9087 0.2962
vn -0.4205 -0.8841 0.2039
vn -0.1767 -0.9813 0.0767
vn -0.3325 0.2819 0.9000
vn -0.0079 0.2283 0.9736
vn 0.0354 0.5348 0.8442
vn -0.2116 0.2188 0.9525
vn -0.1664 -0.1681 0.9716
vn 0.1324 0.7969 0.5894
vn 0.1166 0.8135 0.5697
vn 0.3676 0.8150 0.4479
vn 0.3554 0.7527 0.5542
vn 0.2595 0.9235 0.2826
vn 0.1624 0.8674 0.4704
vn -0.4682 0.6887 -0.5536
vn -0.5429 0.5085 -0.6684
vn -0.4306 0.5993 -0.6749
vn -0.3230 0.4651 -0.8242
vn -0.0419 0.6693 -0.7418
vn -0.3731 0.9245 -0.0781
vn -0.7446 0.6623 0.0832
vn 0.2164 0.9748 -0.0544
vn -0.0688 0.9939 -0.0859
vn 0.6709 0.0879 0.7363
vn 0.6707 0.1166 0.7325
vn 0.5057 0.0922 0.8578
vn 0.7750 0.2016 0.5990
vn -0.1186 0.9655 0.2319
vn -0.1213 0.9436 0.3081
vn 0.4039 -0.8956 -0.1867
vn 0.2776 -0.9310 0.2371
vn 0.3259 -0.9443 -0.0463
vn 0.2880 0.6365 -0.7155
vn 0.3352 0.1176 -0.9348
vn 0.4981 0.4463 -0.7434
vn 0.5151 0.4315 -0.7406
vn -0.3371 0.8952 0.2915
vn -0.1114 0.8554 0.5059
vn -0.0355 0.9946 0.0974
vn -0.2818 0.8293 0.4826
vn -0.1988 0.1082 -0.9741
vn -0.2996 0.2714 -0.9147
vn -0.0978 0.1718 -0.9803
vn -0.3400 0.2464 -0.9076
vn -0.1796 0.4143 -0.8922
vn -0.5061 0.0220 -0.8622
vn -0.4462 -0.5335 -0.7185
vn -0.5397 -0.5438 -0.6427
vn -0.6903 -0.3464 -0.6352
vn -0.4476 -0.4063 -0.7966
vn -0.5012 -0.5710 -0.6502
vn -0.5151 -0.5173 -0.6834
vn -0.2246 -0.8957 -0.3839
vn 0.1440 -0.8676 -0.4760
vn 0.9663 0.1052 0.2351
vn 0.9864 -0.0346 0.1605
vn 0.9255 0.0878 0.3685
vn 0.9200 0.0159 0.3916
vn 0.9595 0.2282 0.1652
vn 0.1782 0.9541 0.2409
vn 0.0957 0.9493 0.2996
vn 0.1664 0.9311 0.3244
vn 0.1637 0.9009 0.4019
vn 0.1385 -0.9729 -0.1850
vn 0.3128 -0.9309 0.1887
vn 0.0828 -0.9928 0.0867
vn -0.0658 0.1169 -0.9910
vn -0.2909 0.0857 -0.9529
vn -0.2925 -0.2343 -0.9271
vn -0.2501 0.3326 -0.9093
vn 0.0189 0.1756 -0.9843
vn 0.0285 0.9995 -0.0146
vn 0.1065 0.9872 -0.1187
vn 0.3053 0.6918 -0.6543
vn -0.6753 -0.2875 0.6792
vn -0.5347 -0.3626 0.7633
vn -0.3704 -0.4186 0.8292
vn -0.7397 -0.3026 0.6011
vn -0.2680 -0.9310 0.2478
vn -0.3034 -0.9409 0.1505
vn -0.8163 -0.5776 -0.0006
vn -0.5492 0.5085 -0.6632
vn -0.4507 0.6780 -0.5806
vn -0.4778 0.3525 -0.8046
vn -0.4874 0.6645 -0.5665
vn 0.1969 -0.7310 -0.6533
vn -0.1572 -0.9187 -0.3624
vn 0.3435 -0.7579 -0.5546
vn 0.0788 -0.5489 -0.8322
vn 0.6586 -0.5117 -0.5518
vn 0.6593 -0.5386 -0.5247
vn 0.5303 -0.5368 -0.6562
vn 0.2942 -0.5826 -0.7576
vn 0.5434 -0.5597 -0.6256
vn 0.5415 -0.3558 -0.7617
vn 0.4495 -0.7848 -0.4267
vn 0.9332 -0.3454 0.0996
vn 0.8223 -0.4815 -0.3033
vn 0.4263 -0.8669 -0.2586
vn 0.2084 -0.8886 -0.4086
vn 0.2482 -0.7897 -0.5610
vn 0.6230 -0.3727 0.6878
vn 0.7281 -0.3653 0.5800
vn 0.6405 -0.3740 0.6707
vn 0.4668 -0.3711 0.8027
vn 0.5028 -0.5939 0.6280
vn 0.4984 0.6495 -0.5742
vn 0.6448 0.5177 -0.5624
vn -0.9033 0.1263 0.4101
vn -0.9207 0.3554 0.1613
vn -0.9627 0.2340 0.1358
vn -0.9666 0.2272 -0.1185
vn 0.4559 -0.8209 -0.3440
vn 0.2164 -0.9224 -0.3198
vn 0.6649 -0.7163 -0.2118
vn 0.4723 -0.8710 -0.1350
vn -0.0545 0.4694 0.8813
vn -0.1083 0.1786 0.9779
vn -0.1684 0.7910 0.5882
vn 0.0571 0.7762 0.6279
vn -0.1204 0.9208 0.3709
vn -0.2806 -0.6347 0.7201
vn -0.3294 -0.7646 0.5540
vn -0.5892 -0.6771 0.4408
vn -0.4581 0.8888 0.0106
vn -0.3139 0.9147 -0.2547
vn -0.4399 0.8969 -0.0454
vn -0.5998 0.7736 -0.2043
vn -0.5779 -0.7288 0.3674
vn -0.5889 -0.6159 0.5233
vn -0.9043 -0.4268 0.0009
vn -0.6466 -0.6681 0.3680
vn 0.5261 0.7632 0.3751
vn 0.3393 0.7421 0.5781
vn 0.4410 0.8116 0.3831
vn 0.2316 0.9016 0.3654
vn 0.4838 0.8667 0.1216
vn 0.8261 -0.5446 -0.1449
vn 0.9010 -0.4043 -0.1574
vn 0.6751 -0.7198 0.1616
vn 0.7282 -0.6580 -0.1915
vn 0.8207 -0.5312 -0.2104
vn 0.8803 -0.4539 0.1379
vn -0.1280 0.9564 0.2625
vn -0.0286 0.9987 0.0430
vn -0.1884 0.9644 0.1855
vn -0.9051 0.0766 -0.4181
vn -0.8478 -0.2606 -0.4619
vn -0.7758 0.1512 -0.6126
vn -0.8912 -0.0182 -0.4532
vn -0.0405 0.9980 -0.0483
vn -0.2298 0.9716 0.0568
vn -0.1279 0.9878 0.0885
vn -0.2306 -0.9335 -0.2745
vn -0.2169 -0.9733 0.0749
vn -0.6588 -0.2476 -0.7104
vn -0.8529 0.0217 -0.5217
vn -0.4442 -0.4214 -0.7906
vn -0.6067 -0.3405 -0.7183
vn 0.4985 0.8619 -0.0924
vn 0.3240 0.9460 0.0052
vn 0.5468 0.8207 0.1657
vn 0.5326 0.0183 0.8462
vn 0.5363 0.0784 0.8404
vn 0.4972 0.0351 0.8669
vn 0.4282 -0.1995 0.8814
vn -0.2023 0.9648 -0.1682
vn -0.2139 0.8153 -0.5381
vn -0.3779 0.9130 -0.1539
vn -0.2313 0.9522 -0.1997
vn -0.1906 0.7617 -0.6193
vn 0.4277 -0.8602 -0.2778
vn 0.0052 -0.9763 -0.2162
vn 0.1838 -0.7795 -0.5989
vn -0.2043 -0.7111 -0.6728
vn -0.2331 0.0672 0.9701
vn -0.0172 0.0386 0.9991
vn -0.1799 -0.0241 0.9834
vn 0.1932 -0.1985 0.9609
vn -0.3026 -0.1210 0.9454
vn -0.1629 0.9807 0.1081
vn -0.4732 0.8806 0.0243
vn -0.0570 0.9500 0.3069
vn -0.1874 0.9626 0.1959
vn -0.0146 -0.7991 -0.6010
vn -0.0803 -0.9720 -0.2208
vn -0.1459 0.4538 0.8791
vn -0.2104 0.4218 0.8819
vn -0.1208 0.2497 0.9608
vn -0.3828 0.2004 0.9018
vn -0.3034 0.3209 0.8972
vn -0.1975 0.9738 -0.1126
vn -0.4649 0.8384 -0.2845
vn 0.8610 0.1833 0.4744
vn 0.9367 0.0253 0.3493
vn 0.9760 0.0129 0.2175
vn 0.8475 0.2654 0.4596
vn 0.4406 -0.8851 -0.1496
vn 0.2954 -0.9443 0.1451
vn 0.4212 -0.8868 -0.1902
vn -0.7023 -0.6593 0.2685
vn -0.8197 -0.5540 0.1451
vn -0.7646 -0.6405 0.0717
vn -0.4952 -0.7835 0.3754
vn -0.7093 -0.6934 0.1270
vn 0.3216 0.9323 0.1654
vn 0.5617 0.7297 0.3899
vn 0.3523 0.9195 0.1744
vn 0.8028 0.5692 0.1777
vn 0.7922 0.5854 0.1723
vn 0.7375 0.6052 0.2997
vn 0.6744 0.7311 0.1031
vn 0.6550 0.6968 0.2924
vn -0.6307 -0.6342 -0.4472
vn -0.6943 -0.3891 -0.6055
vn -0.6327 -0.4575 -0.6247
vn -0.5577 -0.5762 -0.5974
vn -0.5511 -0.3816 -0.7420
vn -0.5400 -0.5503 0.6369
vn -0.6641 -0.4783 0.5747
vn -0.7183 -0.4863 0.4975
vn 0.6094 -0.2926 -0.7369
vn 0.4773 -0.5323 -0.6991
vn 0.5626 -0.2565 -0.7860
vn 0.6439 -0.4192 -0.6401
vn 0.3602 0.9224 0.1394
vn 0.4404 0.8680 -0.2294
vn 0.4433 0.8956 0.0371
vn 0.5323 0.7715 0.3485
vn 0.8480 -0.2707 0.4557
vn 0.9383 -0.2834 0.1981
vn 0.7838 -0.4908 0.3806
vn 0.8214 -0.5665 0.0670
vn 0.7718 -0.3589 0.5249
vn 0.7175 0.6946 -0.0519
vn 0.7196 0.6650 0.1999
vn 0.8413 0.5136 0.1686
vn 0.5914 0.8058 0.0295
vn 0.6962 0.6946 -0.1813
vn 0.3774 0.6574 -0.6523
vn 0.4950 0.6823 -0.5380
vn 0.2529 0.7628 -0.5951
vn 0.1750 -0.9060 -0.3854
vn 0.0822 -0.9534 -0.2904
vn 0.1409 -0.9483 -0.2845
vn 0.3718 -0.8690 -0.3265
vn 0.7718 0.5720 0.2779
vn 0.8392 0.5296 0.1232
vn 0.8382 0.3713 0.3995
vn 0.7566 0.6167 0.2174
vn 0.9063 0.3608 0.2200
vn -0.3851 -0.8264 0.4108
vn -0.5641 -0.7762 0.2818
vn -0.6577 -0.6555 0.3711
vn -0.5958 -0.7513 0.2838
vn -0.6195 -0.7434 0.2522
vn 0.6443 -0.4747 -0.5996
vn 0.6845 -0.1154 -0.7198
vn 0.8481 -0.4175 -0.3261
vn 0.7626 -0.3637 -0.5349
vn 0.2075 0.9626 0.1741
vn -0.0098 0.9973 0.0727
vn 0.2245 0.9012 0.3707
vn 0.4613 0.8247 0.3272
vn -0.9298 0.0256 0.3672
vn -0.8193 -0.0830 0.5674
vn -0.9341 0.3120 0.1735
vn -0.8733 0.2641 0.4093
vn -0.0020 0.9992 -0.0410
vn -0.5239 0.8460 0.0992
vn 0.0478 0.9485 0.3131
vn 0.3112 -0.9202 -0.2374
vn 0.2138 -0.7781 -0.5907
vn -0.9241 0.1807 -0.3367
vn -0.9353 0.2395 -0.2606
vn -0.8629 -0.2272 -0.4514
vn -0.9277 0.1671 -0.3339
vn -0.3872 0.8377 -0.3852
vn -0.1668 0.9325 0.3205
vn -0.5801 0.8130 -0.0506
vn -0.3778 0.9118 -0.1610
vn 0.9019 0.1536 -0.4037
vn 0.8941 -0.0876 -0.4392
vn 0.8915 0.2098 -0.4015
vn 0.8621 0.1721 -0.4766
vn -0.1452 0.8964 0.4189
vn -0.6161 0.7251 0.3076
vn -0.1988 0.9676 0.1554
vn 0.0321 0.9636 0.2655
vn 0.5822 -0.3721 0.7229
vn 0.5850 -0.3580 0.7277
vn 0.4738 -0.7075 0.5244
vn 0.4030 -0.6664 0.6273
vn -0.4741 0.5236 -0.7078
vn -0.0358 0.7782 -0.6270
vn -0.2209 0.5784 -0.7853
vn -0.0551 0.7148 -0.6971
vn -0.1627 0.7732 -0.6130
vn -0.2629 0.8797 -0.3963
vn -0.1614 0.9846 -0.0673
vn -0.3276 0.5828 -0.7436
vn -0.3303 0.8625 0.3835
vn 0.4169 -0.8472 -0.3292
vn 0.5726 -0.7223 0.3878
vn -0.8840 -0.4654 0.0454
vn -0.8471 -0.5057 -0.1634
vn -0.8607 -0.4899 0.1383
vn -0.8419 -0.5210 0.1405
vn -0.8490 -0.4835 0.2131
vn -0.0259 0.7632 0.6456
vn -0.0473 0.8036 0.5933
vn 0.4593 0.7299 0.5063
vn -0.8517 -0.5228 0.0350
vn -0.8067 -0.4556 -0.3764
vn -0.9995 -0.0017 -0.0309
vn -0.9852 -0.1448 0.0913
vn -0.9239 -0.3697 0.0984
vn 0.0009 0.9927 0.1204
vn -0.0624 0.8738 0.4823
vn -0.0098 0.9811 0.1934
vn 0.0384 0.9970 0.0677
vn -0.9858 -0.1661 0.0230
vn -0.9859 0.1215 -0.1155
vn -0.9580 -0.1816 -0.2221
vn -0.1279 0.9867 0.1001
vn 0.1408 0.9565 0.2556
vn -0.0144 0.8680 0.4963
vn 0.0511 0.8355 0.5472
vn -0.5878 -0.7370 0.3337
vn -0.5447 -0.8067 0.2293
vn -0.7240 -0.6517 0.2260
vn -0.6796 0.6399 0.3586
vn -0.6048 0.6410 0.4725
vn -0.6925 0.5012 0.5189
vn -0.6023 0.6486 0.4652
vn -0.6784 0.6730 0.2947
vn -0.4749 0.8778 -0.0637
vn -0.3954 0.9169 -0.0541
vn -0.5276 0.8413 0.1177
vn -0.3228 0.8963 -0.3040
vn 0.9015 -0.3728 0.2198
vn 0.7709 -0.5676 0.2890
vn 0.7063 -0.4252 0.5659
vn 0.9009 -0.3694 0.2281
vn -0.0608 0.5234 -0.8499
vn 0.0197 0.5904 -0.8069
vn 0.5447 0.4964 -0.6760
vn 0.8475 0.0957 -0.5221
vn 0.9134 -0.0668 -0.4015
vn 0.9215 -0.1050 -0.3738
vn 0.9240 -0.1092 -0.3666
vn -0.1050 -0.9819 -0.1573
vn 0.4427 -0.7158 -0.5401
vn -0.4748 -0.8636 0.1698
vn -0.0271 -0.9979 -0.0596
vn 0.1207 -0.9734 0.1948
vn -0.9610 0.0341 -0.2746
vn -0.9319 -0.1010 -0.3483
vn -0.9160 0.1621 -0.3670
vn -0.8834 -0.0159 -0.4683
vn 0.4722 -0.5241 0.7088
vn 0.4389 -0.5594 0.7032
vn 0.4492 -0.7076 0.5454
vn 0.3886 -0.6973 0.6023
vn 0.4487 -0.6690 0.5926
vn -0.5456 0.8097 0.2160
vn -0.6145 0.7440 0.2624
vn -0.5813 0.7845 0.2162
vn -0.6351 0.7123 0.2989
vn -0.9810 0.1249 -0.1482
vn -0.9259 -0.2893 -0.2430
vn -0.9989 0.0458 -0.0061
vn -0.9683 0.2297 -0.0981
vn -0.0929 -0.8652 -0.4927
vn 0.0122 -0.9490 -0.3151
vn 0.6772 -0.6911 -0.2524
vn 0.7628 -0.6452 -0.0428
vn 0.8573 -0.5143 -0.0245
vn 0.8090 -0.5862 -0.0429
vn 0.2558 0.9663 -0.0277
vn 0.4257 -0.2078 -0.8807
vn 0.3657 -0.4908 -0.7908
vn 0.7588 -0.0833 -0.6460
vn 0.5784 -0.4217 -0.6983
vn -0.4006 0.5671 -0.7197
vn -0.4614 0.7248 -0.5116
vn -0.3634 0.6841 -0.6324
vn 0.2137 -0.9443 0.2502
vn 0.4875 -0.6194 -0.6154
vn 0.3769 -0.6993 -0.6074
vn 0.6597 0.2840 -0.6959
vn 0.7338 0.0316 -0.6787
vn 0.7579 0.1082 -0.6434
vn -0.1446 -0.8826 0.4474
vn -0.0502 -0.8853 0.4622
vn 0.3959 -0.3773 0.8372
vn 0.3087 -0.3264 0.8934
vn 0.3470 -0.2502 0.9039
vn 0.2176 -0.2941 0.9307
vn 0.3208 -0.2789 0.9052
vn 0.6313 0.7746 -0.0379
vn 0.4057 0.9129 0.0442
vn 0.3229 0.9448 0.0551
vn 0.5738 0.5612 0.5965
vn 0.5972 0.3992 0.6957
vn 0.7176 0.5326 0.4487
vn 0.5475 0.4569 0.7011
vn 0.6338 0.4700 0.6143
vn -0.6801 -0.6865 0.2574
vn -0.7161 -0.5698 0.4031
vn -0.6137 -0.7641 0.1986
vn -0.4364 -0.0915 -0.8951
vn -0.6630 -0.2805 -0.6941
vn -0.5803 -0.3749 -0.7230
vn -0.5497 -0.7754 -0.3107
vn -0.9732 0.0527 -0.2237
vn -0.9846 -0.1674 -0.0505
vn -0.8904 -0.4548 0.0197
vn -0.9978 0.0033 -0.0663
vn -0.1689 0.9830 -0.0718
vn -0.3335 0.9427 -0.0078
vn -0.3021 0.8044 -0.5115
vn -0.9384 0.0782 0.3366
vn -0.7895 -0.3257 0.5203
vn -0.9947 0.0239 0.1000
vn -0.9935 -0.0569 0.0985
vn -0.1654 -0.9846 0.0558
vn -0.1810 -0.9193 0.3495
vn 0.7702 -0.6233 -0.1355
vn 0.7208 -0.6861 -0.0986
vn 0.8070 -0.5825 0.0972
vn 0.6435 -0.7639 -0.0483
vn -0.4094 -0.8404 -0.3552
vn -0.1335 -0.8561 -0.4993
vn -0.5561 -0.7645 -0.3259
vn 0.3425 0.9047 -0.2535
vn 0.6375 0.3761 -0.6724
vn 0.4658 0.8693 -0.1657
vn 0.4560 0.8104 -0.3679
vn -0.5683 0.6047 0.5581
vn -0.5572 0.2398 0.7950
vn -0.3040 0.7976 0.5210
vn -0.4229 0.5567 -0.7150
vn -0.4566 0.4341 -0.7766
vn -0.5862 0.4041 -0.7022
vn -0.5533 0.4995 -0.6666
vn 0.8399 -0.5412 -0.0420
vn 0.7118 -0.6616 0.2358
vn 0.6664 -0.7311 -0.1466
vn 0.9102 -0.3852 -0.1525
vn 0.1967 0.8823 -0.4276
vn 0.0142 0.6251 -0.7804
vn 0.1244 0.8689 -0.4791
vn -0.1096 0.9653 -0.2372
vn -0.9053 0.3394 -0.2552
vn -0.9164 0.0122 -0.4001
vn -0.9369 0.1011 -0.3348
vn -0.9672 0.2012 -0.1549
vn -0.1228 -0.9882 -0.0917
vn 0.0348 -0.9671 -0.2518
vn 0.4583 -0.2205 0.8610
vn 0.2259 -0.0713 0.9715
vn -0.5339 0.8444 -0.0446
vn -0.4076 0.8894 -0.2070
vn -0.0437 -0.5816 0.8123
vn -0.0161 -0.3962 0.9180
vn -0.4156 -0.7876 -0.4549
vn -0.1025 -0.9501 -0.2946
vn -0.3378 -0.6063 -0.7199
vn -0.2030 -0.7859 -0.5841
vn 0.7130 -0.6569 0.2450
vn 0.7061 -0.6974 -0.1230
vn 0.7364 -0.5503 0.3936
vn 0.4179 0.8923 0.1705
vn 0.2434 0.9320 0.2687
vn 0.4640 0.8466 0.2606
vn -0.9510 0.2370 0.1986
vn -0.8860 0.2038 0.4165
vn -0.8179 -0.4249 0.3880
vn -0.9880 0.0885 0.1268
vn -0.2649 -0.9600 0.0912
vn -0.3364 -0.7500 0.5694
vn 0.4726 -0.1365 -0.8706
vn 0.2340 -0.0676 -0.9699
vn 0.4273 -0.2803 -0.8596
vn -0.2231 0.8992 -0.3764
vn -0.3965 0.8503 -0.3461
vn -0.4349 0.8992 0.0482
vn 0.4563 -0.8849 -0.0937
vn 0.0132 -0.9812 0.1928
vn 0.6561 0.1034 0.7476
vn 0.9103 -0.0273 0.4131
vn 0.7737 -0.2720 0.5721
vn 0.7667 0.0307 0.6413
vn 0.0772 -0.9799 -0.1839
vn 0.0784 -0.9557 -0.2836
vn -0.3454 -0.8901 -0.2973
vn -0.9573 -0.2824 0.0617
vn -0.8955 -0.4047 0.1852
vn -0.9671 -0.2091 0.1451
vn -0.9997 -0.0239 -0.0095
vn -0.2476 0.8829 -0.3991
vn -0.1159 0.8981 -0.4243
vn -0.6072 0.3959 -0.6889
vn -0.8619 0.2578 -0.4366
vn -0.7734 0.1413 -0.6180
vn -0.9014 0.0685 -0.4274
vn -0.6782 -0.7316 -0.0701
vn -0.2754 -0.8558 -0.4379
vn -0.4564 -0.8579 -0.2361
vn -0.4312 -0.7465 -0.5068
vn -0.6284 -0.4235 -0.6525
vn -0.8359 -0.3728 -0.4030
vn -0.7755 -0.1393 -0.6158
vn -0.2686 -0.5672 -0.7785
vn 0.6909 0.7007 0.1778
vn 0.6425 0.7187 0.2660
vn 0.7283 0.6837 -0.0458
vn -0.2176 -0.9183 0.3307
vn -0.0918 -0.9955 0.0228
vn 0.3550 -0.9348 -0.0105
vn -0.1551 -0.9325 -0.3263
vn 0.9364 0.0033 -0.3509
vn 0.9806 0.0816 -0.1781
vn 0.7985 0.1772 -0.5754
vn -0.5813 -0.7781 0.2381
vn -0.8016 -0.5922 0.0824
vn -0.5291 -0.8330 0.1619
vn -0.6215 0.4251 0.6580
vn -0.6275 0.5109 0.5875
vn -0.7528 0.2058 0.6253
vn -0.7593 0.2993 0.5778
vn -0.1682 -0.9398 -0.2974
vn -0.3787 -0.7804 -0.4976
vn -0.3495 -0.9273 -0.1342
vn -0.3081 -0.8722 -0.3801
vn 0.5041 -0.6603 0.5567
vn 0.3051 -0.5589 0.7711
vn 0.4247 -0.5281 0.7354
vn 0.4956 -0.5252 0.6917
vn 0.4914 -0.5038 -0.7104
vn 0.6813 -0.1941 -0.7058
vn 0.5021 -0.3255 -0.8012
vn 0.5402 -0.6890 0.4831
vn 0.5676 -0.7017 0.4306
vn 0.5196 -0.6108 0.5974
vn 0.4368 -0.6613 0.6098
vn -0.4979 -0.8336 0.2390
vn -0.6250 -0.5136 0.5878
vn -0.6409 -0.7102 0.2914
vn -0.5771 -0.8094 0.1092
vn -0.2235 0.9287 -0.2958
vn -0.4353 0.9002 -0.0154
vn -0.3139 0.9468 -0.0710
vn -0.2304 0.9544 -0.1898
vn 0.9769 0.1114 0.1825
vn 0.9917 -0.0327 0.1244
vn 0.9095 0.0926 0.4053
vn 0.9315 0.0088 0.3637
vn -0.4014 -0.9123 -0.0810
vn -0.3069 -0.9339 0.1836
vn -0.2084 -0.9775 -0.0315
vn -0.3560 0.3178 0.8788
vn -0.2361 0.1327 0.9626
vn -0.2153 -0.1353 0.9671
vn -0.1741 0.1252 0.9767
vn -0.4849 0.8725 0.0601
vn 0.2969 -0.9544 0.0306
vn 0.5519 -0.5570 -0.6206
vn 0.3546 -0.9024 0.2449
vn -0.2181 0.1797 0.9593
vn -0.3048 0.2754 0.9117
vn -0.0436 -0.0017 0.9990
vn -0.3566 0.0157 0.9341
vn -0.3955 0.6663 -0.6321
vn -0.2444 0.5473 -0.8005
vn -0.3357 0.7122 -0.6165
vn -0.3282 0.6833 -0.6522
vn 0.3180 -0.8163 -0.4822
vn 0.2682 -0.7791 -0.5667
vn 0.5885 -0.7735 -0.2352
vn -0.6906 -0.5544 -0.4645
vn -0.3733 -0.4915 -0.7868
vn -0.5747 -0.4085 -0.7092
vn -0.7082 -0.5454 -0.4483
vn -0.1981 0.9792 -0.0436
vn -0.4440 0.8949 -0.0444
vn -0.8108 0.5829 0.0533
vn 0.5105 0.0898 0.8552
vn 0.4824 0.0608 0.8738
vn 0.4719 -0.1244 0.8729
vn 0.4710 0.1258 0.8731
vn -0.6272 0.6734 -0.3915
vn -0.0627 0.8820 -0.4671
vn -0.2674 -0.7628 0.5888
vn 0.1454 -0.9533 0.2646
vn -0.0674 -0.8805 0.4692
vn 0.9370 -0.1438 0.3184
vn 0.9793 -0.1345 0.1509
vn 0.9283 -0.2894 0.2333
vn 0.9721 -0.1528 0.1778
vn 0.8615 0.0004 0.5077
vn -0.1488 0.8562 0.4948
vn -0.1974 0.9342 0.2971
vn 0.0051 0.9072 0.4207
vn -0.4896 0.5852 -0.6464
vn -0.0930 0.2121 -0.9728
vn -0.1671 0.1916 -0.9671
vn -0.1459 0.0851 -0.9856
vn -0.0053 -0.9489 0.3154
vn 0.2871 -0.9540 -0.0865
vn -0.2296 -0.9266 0.2979
vn 0.5859 0.4904 0.6452
vn 0.4028 0.6933 0.5976
vn 0.2593 0.5921 0.7630
vn 0.4803 0.4872 0.7294
vn 0.8669 -0.3201 -0.3822
vn 0.6012 -0.6205 -0.5036
vn 0.9412 -0.3318 -0.0635
vn 0.8452 -0.3478 -0.4057
vn -0.9016 0.4315 -0.0314
vn -0.8600 0.5075 -0.0534
vn -0.6869 0.7119 -0.1461
vn -0.7515 0.6589 -0.0331
vn -0.5904 0.7549 0.2857
vn -0.6991 0.6570 0.2822
vn -0.6454 0.7569 0.1030
vn -0.4289 0.8585 0.2811
vn -0.5353 -0.7896 0.3000
vn -0.6096 -0.7536 0.2460
vn -0.7489 -0.5696 0.3386
vn -0.8137 -0.5534 0.1780
vn -0.4913 -0.4086 -0.7692
vn -0.6891 -0.5766 -0.4390
vn -0.6193 -0.4358 -0.6531
vn -0.7107 -0.5520 -0.4361
vn 0.0470 -0.8821 0.4686
vn 0.0739 -0.9273 0.3670
vn -0.0165 -0.8507 0.5254
vn -0.2202 -0.7108 0.6681
vn 0.8380 -0.5395 -0.0822
vn 0.7523 -0.5857 -0.3016
vn 0.8897 -0.4513 0.0694
vn 0.7900 -0.5942 0.1509
vn 0.2176 0.9000 0.3778
vn 0.6600 0.7214 0.2097
vn 0.9040 -0.4226 -0.0650
vn 0.8905 -0.4474 0.0827
vn -0.5044 -0.8590 0.0875
vn -0.5980 -0.7981 0.0733
vn -0.5894 -0.8063 0.0505
vn -0.8285 -0.5394 0.1502
vn -0.1709 -0.6892 -0.7041
vn -0.1858 -0.8536 -0.4866
vn 0.0069 -0.8929 -0.4502
vn 0.8806 0.3718 0.2940
vn 0.8795 0.4293 0.2055
vn 0.9125 0.2561 0.3189
vn 0.8894 0.2414 0.3881
vn 0.3182 -0.9172 0.2399
vn -0.0625 -0.9980 0.0067
vn -0.1088 -0.9937 0.0256
vn 0.8719 -0.4296 0.2350
vn 0.8351 -0.5351 0.1276
vn 0.7610 -0.6084 0.2255
vn 0.7706 -0.6314 0.0871
vn 0.2285 -0.9223 -0.3117
vn -0.0156 -0.9967 -0.0794
vn -0.0817 -0.9838 -0.1594
vn 0.4729 -0.1705 0.8645
vn 0.5501 -0.0609 0.8329
vn 0.2877 -0.3196 0.9028
vn 0.4254 -0.2663 0.8649
vn -0.1425 0.7835 -0.6048
vn 0.0680 0.9564 -0.2841
vn 0.0277 0.9084 -0.4172
vn -0.2042 -0.9117 0.3565
vn -0.0939 -0.9552 0.2805
vn 0.4402 -0.0405 0.8970
vn 0.4427 0.1714 0.8801
vn 0.5073 0.0056 0.8618
vn 0.3964 -0.1890 0.8984
vn -0.1612 -0.9346 0.3172
vn -0.3728 -0.8710 0.3201
vn 0.3435 -0.8865 -0.3100
vn -0.0269 -0.9207 -0.3894
vn 0.0176 -0.3408 0.9400
vn 0.1676 -0.2882 0.9428
vn 0.0715 -0.2203 0.9728
vn 0.2001 -0.5678 0.7985
vn 0.0071 -1.0000 -0.0053
vn -0.1347 -0.9906 0.0250
vn -0.5137 -0.5222 -0.6808
vn -0.2319 -0.5085 -0.8293
vn -0.5029 -0.3166 -0.8043
vn -0.4198 -0.3233 -0.8481
vn -0.3304 -0.2954 -0.8964
vn -0.6135 -0.4296 -0.6626
vn -0.0226 0.9408 -0.3383
vn 0.0433 0.9119 -0.4081
vn 0.0063 -0.9754 0.2202
vn -0.3582 -0.9332 0.0305
vn 0.0444 -0.9686 0.2446
vn 0.9074 0.0345 0.4189
vn 0.9276 0.0626 0.3684
vn 0.8312 -0.1257 0.5415
vn 0.3542 0.8988 -0.2583
vn 0.5964 0.7539 0.2757
vn -0.5137 -0.2841 -0.8096
vn -0.3020 -0.2075 -0.9305
vn -0.5030 -0.1402 -0.8528
vn -0.4704 -0.4027 -0.7852
vn 0.3225 0.9447 0.0590
vn 0.5464 0.7817 -0.3006
vn 0.5732 0.7875 0.2265
vn -0.3197 -0.2068 -0.9247
vn -0.2713 -0.3696 -0.8887
vn -0.3697 -0.2139 -0.9042
vn 0.0154 0.9596 0.2810
vn -0.0784 0.8762 0.4755
vn -0.0072 0.9367 0.3500
vn 0.0406 0.9234 0.3817
vn -0.3861 0.5017 0.7741
vn -0.0120 0.5087 0.8609
vn -0.0656 0.6844 0.7261
vn -0.0376 0.7255 0.6872
vn 0.1563 -0.5176 0.8412
vn 0.4623 -0.3346 0.8212
vn 0.0439 -0.7552 0.6540
vn 0.0876 -0.5841 0.8069
vn -0.5337 0.8041 0.2620
vn -0.5417 0.8258 0.1569
vn -0.5510 0.8334 0.0417
vn -0.5773 0.7548 0.3115
vn 0.1121 0.4577 -0.8820
vn -0.1217 0.5140 -0.8491
vn 0.1846 0.7234 -0.6653
vn -0.5233 0.6283 -0.5756
vn -0.5342 0.5975 -0.5981
vn -0.5359 0.4297 -0.7268
vn -0.3993 0.5135 -0.7595
vn -0.1894 -0.9333 0.3050
vn -0.1098 -0.8547 0.5073
vn -0.3607 -0.8835 0.2988
vn -0.4110 -0.9094 0.0631
vn 0.5099 0.7300 -0.4551
vn 0.6339 0.7012 -0.3264
vn 0.3015 -0.9324 -0.1991
vn -0.1627 -0.9551 -0.2474
vn 0.2457 -0.9073 -0.3412
vn 0.1540 -0.8924 -0.4241
vn 0.3771 -0.6606 0.6491
vn 0.4952 -0.6245 0.6040
vn 0.0879 -0.7454 0.6608
vn -0.2684 0.4901 -0.8293
vn -0.0621 0.3689 -0.9274
vn -0.2042 0.7640 -0.6121
vn -0.1918 0.8927 0.4078
vn -0.2239 0.9154 0.3345
vn -0.2219 0.9049 0.3632
vn -0.2000 0.9760 0.0862
vn 0.9110 0.1271 0.3924
vn 0.9695 0.1287 0.2084
vn 0.9905 0.0469 0.1293
vn 0.2994 -0.9272 -0.2251
vn 0.1711 -0.9654 0.1967
vn 0.3710 -0.9169 0.1474
vn 0.8874 0.1476 -0.4367
vn 0.8939 0.0836 -0.4405
vn 0.8795 -0.1118 -0.4626
vn 0.8854 0.0248 -0.4641
vn -0.5746 0.7602 -0.3032
vn 0.3460 -0.9381 -0.0169
vn -0.1566 -0.9877 -0.0018
vn -0.4407 -0.1829 -0.8788
vn -0.3504 -0.3771 -0.8573
vn -0.4812 -0.3332 -0.8108
vn -0.4355 -0.4232 -0.7945
vn -0.1053 -0.8550 -0.5078
vn -0.3300 -0.8611 -0.3868
vn -0.2558 -0.8755 -0.4099
vn -0.3308 -0.3499 -0.8765
vn -0.4316 -0.2071 -0.8780
vn -0.2599 -0.2439 -0.9343
vn -0.3451 -0.3796 -0.8584
vn 0.4226 -0.8740 -0.2400
vn 0.0407 -0.9783 0.2031
vn 0.8505 -0.4430 -0.2835
vn 0.0646 -0.9857 0.1560
vn 0.2462 0.8914 0.3805
vn 0.0847 0.9325 0.3512
vn -0.0869 -0.9818 -0.1689
vn -0.3160 -0.9439 -0.0960
vn -0.2146 0.8709 0.4421
vn 0.0629 0.8706 0.4880
vn 0.4109 -0.1925 0.8911
vn -0.1163 0.9117 0.3941
vn 0.0086 0.8030 0.5959
vn 0.5224 0.0808 0.8489
vn 0.6272 0.0180 0.7787
vn 0.5972 0.7500 0.2844
vn -0.7067 0.6513 0.2764
vn 0.6580 0.6468 -0.3856
vn 0.5323 0.6669 -0.5214
vn 0.5845 0.5758 -0.5716
vn -0.2756 0.9593 -0.0612
vn -0.0679 0.9955 0.0665
vn -0.2104 0.9702 -0.1203
vn -0.2476 -0.9012 -0.3558
vn 0.3783 -0.8787 -0.2911
vn -0.8176 -0.3337 -0.4693
vn 0.8137 0.5734 0.0959
vn 0.8853 0.4596 0.0709
vn 0.2015 0.9678 0.1509
vn 0.1948 0.9249 0.3266
vn 0.0834 0.3593 0.9295
vn 0.0087 0.6312 -0.7756
vn 0.1416 0.7406 -0.6569
vn -0.5354 -0.5361 -0.6526
vn 0.9177 -0.1730 0.3576
vn 0.9600 0.0620 0.2730
vn 0.9486 -0.1677 0.2686
vn 0.7658 -0.4075 -0.4975
vn -0.9247 -0.2502 -0.2868
vn 0.3620 0.6818 -0.6357
vn 0.4179 0.3363 -0.8440
vn -0.3793 -0.9083 -0.1765
vn -0.4000 0.8147 -0.4199
vn -0.6034 0.7648 -0.2261
vn -0.3953 0.9113 0.1148
vn -0.3635 0.9316 -0.0023
vn -0.6269 -0.7477 0.2189
vn -0.6322 0.7333 -0.2502
vn -0.4519 0.8698 0.1981
vn -0.6928 0.7211 -0.0037
vn -0.9499 -0.2457 0.1931
vn -0.6210 -0.7167 0.3173
vn -0.3260 -0.4106 -0.8516
vn -0.2513 -0.4352 -0.8646
vn -0.2989 0.6353 -0.7121
vn -0.2161 0.6341 -0.7424
vn -0.0416 0.1265 -0.9911
vn -0.1929 0.3751 -0.9067
vn -0.6193 -0.6843 -0.3850
vn -0.7607 0.4681 -0.4497
vn -0.5628 0.4868 -0.6681
vn 0.1578 -0.8953 -0.4166
vn 0.1021 0.4469 -0.8887
vn 0.3163 0.6207 -0.7174
vn 0.6051 0.5830 0.5422
vn -0.4482 0.8923 0.0542
vn -0.9086 0.2204 -0.3548
vn -0.4266 0.7723 0.4708
vn 0.6244 -0.7770 -0.0796
vn 0.5881 -0.6878 -0.4256
vn -0.5372 0.7482 -0.3893
vn -0.1762 0.2207 -0.9593
vn -0.2520 0.1518 -0.9558
vn 0.5666 0.4843 0.6666
vn 0.9994 -0.0354 0.0064
vn -0.9285 -0.3689 0.0417
vn 0.2850 -0.0884 0.9544
vn -0.5793 0.8147 -0.0261
vn -0.2719 -0.9619 0.0282
vn -0.2894 -0.9310 0.2224
vn 0.3190 -0.3502 -0.8807
vn 0.1313 -0.3302 -0.9347
vn 0.0895 0.1124 0.9896
vn -0.0926 -0.8740 0.4770
vn -0.0758 -0.8199 0.5674
vn 0.6684 0.1367 -0.7311
vn 0.4494 0.3109 0.8375
vn 0.5274 0.0036 0.8496
vn -0.2212 -0.2705 -0.9370
vn -0.2209 -0.8265 0.5178
vn -0.3061 -0.8604 0.4075
vn -0.1215 -0.9378 0.3253
vn 0.5974 0.1859 0.7801
vn -0.9559 -0.2232 0.1908
vn -0.5856 -0.8088 0.0537
vn -0.0152 -0.9937 0.1111
vn 0.1084 -0.9321 -0.3457
vn -0.5581 -0.7019 0.4426
vn 0.0942 0.4441 -0.8910
vn 0.5288 0.6781 0.5104
vn 0.2181 0.7346 0.6425
vn 0.4792 0.8508 0.2158
vn 0.2250 -0.9742 -0.0180
vn -0.2888 -0.9565 0.0419
vn -0.7845 0.2924 -0.5469
vn -0.0213 0.9822 0.1866
vn 0.3764 0.8302 0.4113
vn 0.9364 -0.3502 0.0218
vn -0.3353 -0.7860 0.5194
vn -0.6364 -0.6747 0.3738
vn 0.8193 0.5011 -0.2785
vn 0.7664 0.5040 -0.3981
vn 0.5977 0.7734 -0.2113
vn -0.3280 0.9428 -0.0594
vn 0.2814 -0.6411 -0.7140
vn 0.4461 -0.5621 -0.6964
vn 0.4455 -0.8689 -0.2156
vn 0.5583 -0.8296 -0.0090
vn -0.1265 0.5285 -0.8395
vn -0.0688 -0.9425 0.3271
vn -0.1506 -0.7691 0.6211
vn -0.0915 -0.9777 0.1888
vn -0.1618 0.3527 0.9216
vn 0.1784 -0.8491 0.4972
vn 0.2030 -0.8118 0.5475
vn 0.4987 -0.8653 -0.0505
vn 0.4374 -0.8827 -0.1715
vn -0.1719 -0.0380 0.9844
vn -0.2878 -0.3918 -0.8739
vn 0.8506 -0.5257 -0.0135
vn 0.8947 -0.4193 -0.1536
vn -0.4352 -0.2312 -0.8702
vn 0.1092 -0.9620 -0.2501
vn 0.0878 -0.9936 -0.0717
vn 0.2525 -0.9469 -0.1990
vn 0.5443 0.2201 0.8095
vn -0.0615 0.9967 0.0524
vn -0.3869 0.8302 -0.4014
vn 0.0095 0.9587 0.2842
vn -0.9160 0.4007 -0.0208
vn -0.7947 -0.4476 0.4100
vn -0.3875 0.7742 -0.5004
vn -0.4106 0.9094 -0.0668
vn 0.8170 0.2892 0.4989
vn 0.0481 -0.7791 0.6251
vn -0.7171 -0.5646 0.4086
vn 0.9926 -0.1011 0.0676
vn 0.9705 -0.2221 -0.0943
vn 0.9488 -0.3156 -0.0130
vn -0.0843 -0.9452 0.3153
vn 0.7384 0.1417 -0.6593
vn 0.8399 -0.1361 -0.5254
vn 0.0566 -0.0743 0.9956
vn 0.2540 -0.1145 0.9604
vn 0.0836 -0.9340 -0.3473
vn 0.0695 -0.9578 -0.2788
vn -0.3161 -0.8939 0.3178
vn -0.0940 0.9944 -0.0490
vn -0.1568 0.9854 -0.0663
vn -0.2423 -0.9149 0.3229
vn -0.1589 -0.7562 0.6348
vn 0.5098 -0.3326 -0.7934
vn -0.2391 0.9008 0.3625
vn -0.3635 0.8838 0.2946
vn -0.1272 0.9894 -0.0705
vn -0.7613 0.6052 0.2327
vn -0.3343 0.0260 -0.9421
vn 0.3624 -0.6099 0.7047
vn 0.2800 -0.7776 0.5630
vn 0.3807 -0.8509 -0.3620
vn 0.4957 -0.1320 0.8584
vn -0.2929 -0.8033 0.5186
vn 0.4215 0.6235 0.6585
vn 0.5390 -0.5528 0.6355
vn -0.9900 0.0130 -0.1403
vn 0.3727 -0.1687 -0.9125
vn 0.0566 -0.3349 -0.9406
vn 0.2960 -0.2091 0.9320
vn 0.2477 0.0483 0.9676
vn -0.3811 -0.3715 0.8466
vn 0.5582 -0.0361 0.8289
vn -0.7060 -0.4396 -0.5552
vn 0.2063 -0.8967 -0.3916
vn 0.2411 -0.8785 -0.4125
vn -0.8327 0.2677 -0.4848
vn -0.8388 -0.2638 0.4762
vn 0.5390 -0.3979 -0.7424
vn 0.1749 0.8416 0.5111
vn -0.3144 0.8193 0.4794
vn -0.1121 0.9810 0.1583
vn -0.0901 -0.8343 0.5439
vn -0.0930 -0.8988 0.4283
vn 0.8385 -0.2080 -0.5036
vn -0.3590 0.8877 -0.2882
vn 0.0809 -0.9630 -0.2572
vn -0.2309 -0.8024 -0.5503
vn 0.4253 0.7436 0.5159
vn 0.5519 -0.4441 0.7058
vn -0.2277 0.9669 -0.1154
vn -0.5883 0.8086 0.0056
vn -0.9408 0.0498 -0.3352
vn 0.3230 -0.3982 -0.8585
vn 0.5977 0.2314 0.7676
vn 0.4213 -0.3751 0.8257
vn -0.4357 -0.7115 0.5513
vn -0.6681 -0.7040 0.2409
vn 0.0546 -0.9238 0.3790
vn 0.8718 0.1118 -0.4769
vn 0.8321 0.2134 -0.5119
vn 0.2666 -0.8233 -0.5011
vn 0.1485 -0.7304 -0.6667
vn -0.3436 -0.9007 0.2659
vn -0.1340 -0.9890 -0.0618
vn -0.6902 0.0038 0.7236
vn -0.4059 0.1766 0.8967
vn 0.4966 0.7865 -0.3672
vn 0.8541 -0.4784 0.2043
vn 0.8511 -0.5021 0.1533
vn -0.1588 -0.1946 0.9679
vn -0.2188 0.1527 0.9637
vn 0.9698 -0.0468 0.2394
vn 0.9529 0.1513 0.2630
vn -0.3357 0.5653 -0.7535
vn 0.3815 0.8744 0.2999
vn 0.2834 0.8672 0.4095
vn 0.8689 -0.4395 0.2279
vn 0.9366 -0.1457 0.3185
vn -0.6928 0.6798 0.2405
vn -0.5604 0.8140 0.1527
vn 0.5340 0.8400 0.0960
vn 0.2933 0.9273 0.2324
vn 0.2677 0.9570 -0.1120
vn 0.6064 0.1521 -0.7805
vn 0.4882 0.8483 0.2053
vn 0.4247 0.7963 0.4307
vn 0.5785 0.7397 0.3439
vn 0.5123 0.8587 -0.0102
vn -0.0359 -0.2211 0.9746
vn -0.0132 -0.8922 0.4514
vn 0.4295 -0.2820 0.8579
vn 0.8654 0.2008 -0.4592
vn 0.8828 0.2559 -0.3939
vn -0.6017 0.6004 -0.5267
vn -0.4755 0.4311 -0.7668
vn 0.2949 0.9176 0.2665
vn -0.6972 0.6973 0.1663
vn -0.6946 0.6978 0.1747
vn -0.1345 0.9906 0.0261
vn 0.4145 0.3044 0.8577
vn -0.3231 -0.8790 -0.3506
vn -0.3436 0.8437 0.4126
vn -0.4331 -0.6768 0.5953
vn -0.5331 -0.7628 0.3660
vn 0.3101 -0.5352 -0.7857
vn 0.0682 -0.8015 -0.5941
vn -0.4896 0.2126 0.8457
vn 0.5818 -0.3990 0.7088
vn 0.7925 -0.5951 0.1333
vn -0.6869 0.5693 -0.4517
vn -0.9278 -0.2920 -0.2321
vn 0.3582 0.5562 -0.7499
vn 0.6489 0.7592 -0.0512
vn 0.5877 0.8057 0.0744
vn 0.8411 -0.5080 0.1857
vn -0.0019 0.9395 -0.3425
vn -0.1077 -0.2909 -0.9507
vn -0.4837 -0.6309 0.6067
vn -0.7617 -0.5896 0.2687
vn 0.5946 -0.8030 -0.0414
vn 0.6301 -0.6858 -0.3642
vn 0.4006 0.0057 0.9162
vn -0.7377 -0.1964 -0.6459
vn -0.9854 -0.0252 0.1684
vn -0.3252 0.9071 -0.2674
vn 0.5628 0.2928 -0.7730
vn 0.4657 0.3976 -0.7906
vn 0.5764 0.8158 0.0473
vn 0.3086 0.8955 -0.3207
vn 0.5615 -0.3730 -0.7387
vn -0.6337 0.7675 0.0969
vn -0.2709 0.3612 -0.8923
vn -0.2172 -0.9711 0.0990
vn -0.0440 0.9815 0.1861
vn -0.5592 0.8287 0.0245
vn 0.7213 0.3523 -0.5964
vn -0.4538 -0.4527 -0.7676
vn -0.3474 0.8844 -0.3118
vn 0.3868 -0.8379 0.3851
vn -0.4601 0.5060 -0.7296
vn -0.1785 0.9223 0.3428
vn -0.2878 0.8803 0.3770
vn 0.2785 0.8802 0.3844
vn 0.8352 -0.4307 -0.3419
vn 0.4830 -0.6044 0.6336
vn 0.9848 0.1602 0.0673
vn -0.1509 0.9712 0.1844
vn -0.0052 0.9911 0.1330
vn -0.5333 0.4534 -0.7142
vn -0.2430 0.9651 -0.0977
vn 0.6172 0.4918 -0.6142
vn 0.6075 0.5994 -0.5213
vn 0.1499 0.9747 0.1659
vn 0.0515 -0.6946 -0.7176
vn -0.7564 -0.2726 -0.5946
vn 0.1621 0.9848 0.0622
vn 0.3668 -0.7708 0.5210
vn 0.7252 0.6783 0.1181
vn 0.6790 0.7337 -0.0244
vn -0.9827 0.0711 -0.1708
vn 0.3390 0.7363 -0.5856
vn 0.4111 0.6930 -0.5923
vn -0.4494 0.1775 -0.8755
vn 0.0535 -0.0849 -0.9950
vn 0.4690 -0.7146 -0.5190
vn 0.0903 -0.8069 -0.5837
vn 0.2059 0.8756 0.4369
vn 0.5607 0.7442 0.3630
vn 0.6690 0.5970 0.4427
vn 0.7815 -0.5613 0.2725
vn -0.4927 -0.8566 0.1535
vn -0.2282 -0.9711 0.0697
vn -0.6136 0.7870 -0.0646
vn -0.6182 0.5539 0.5577
vn -0.3071 -0.8433 0.4411
vn 0.0537 -0.4153 -0.9081
vn 0.4657 -0.4629 -0.7542
vn 0.6798 -0.5217 -0.5154
vn 0.6692 -0.1275 -0.7320
vn 0.2443 0.7089 0.6617
vn 0.6578 -0.7508 -0.0596
vn 0.0466 -0.9346 -0.3527
vn -0.1886 -0.8295 -0.5258
vn 0.0954 0.8537 0.5120
vn -0.0631 0.9824 0.1757
vn -0.7538 -0.6359 0.1652
vn 0.3404 -0.5924 0.7302
vn -0.2729 -0.8404 0.4683
vn -0.6400 0.6051 0.4735
vn 0.5197 -0.5361 -0.6652
vn -0.8638 0.4029 -0.3025
vn -0.6506 -0.3124 -0.6922
vn 0.0917 -0.0143 -0.9957
vn 0.0109 -0.7714 -0.6362
vn -0.0888 0.9693 0.2294
vn 0.6615 0.7145 0.2281
vn 0.5246 0.8482 0.0735
vn -0.1936 -0.8300 0.5232
vn -0.1399 -0.7320 0.6668
vn 0.8439 0.4503 0.2916
vn -0.1584 0.9545 0.2528
vn 0.0868 0.6858 0.7226
vn -0.2975 0.5601 0.7731
vn 0.7404 0.1755 0.6488
vn 0.0953 -0.9216 -0.3762
vn 0.0915 -0.9836 -0.1555
vn -0.7973 0.5764 0.1793
vn 0.9035 -0.4140 -0.1109
vn 0.8393 -0.2209 -0.4968
vn 0.4320 0.4412 -0.7866
vn -0.2574 -0.1933 0.9468
vn -0.1031 -0.9779 0.1819
vn 0.8159 -0.3377 0.4694
vn 0.8801 -0.1290 0.4568
vn -0.5132 0.8033 -0.3024
vn -0.4888 -0.7820 0.3866
vn 0.5199 -0.6932 0.4992
vn 0.2661 -0.9631 -0.0417
vn 0.3659 -0.9136 -0.1771
vn 0.5274 0.6153 -0.5858
vn -0.5231 0.4888 -0.6982
vn -0.9720 -0.1715 -0.1604
vn 0.2094 -0.9681 0.1376
vn 0.2334 -0.4167 0.8786
vn -0.5225 0.7631 0.3804
vn 0.4107 0.9112 -0.0326
vn 0.6819 0.4126 0.6040
vn 0.2175 -0.9436 0.2497
vn -0.8308 -0.5432 0.1208
vn -0.8370 0.3572 0.4145
vn 0.9004 -0.4299 -0.0663
vn -0.0860 -0.9939 0.0689
vn 0.9400 -0.2697 0.2090
vn -0.9869 -0.0062 0.1614
vn -0.8991 0.2614 0.3511
vn 0.2172 -0.8552 0.4706
vn -0.9965 -0.0821 0.0136
vn -0.3521 0.8926 -0.2817
vn -0.1867 -0.4087 -0.8934
vn -0.2254 -0.4320 -0.8732
vn -0.3605 -0.4027 -0.8413
vn -0.6745 -0.3756 -0.6356
vn 0.6007 -0.7059 0.3753
vn -0.1701 0.4781 -0.8617
vn 0.4718 0.6412 0.6053
vn -0.1860 -0.2157 0.9586
vn -0.5958 0.7140 0.3677
vn 0.7676 0.1417 -0.6251
vn 0.6279 0.4114 -0.6606
vn 0.6618 0.4489 -0.6004
vn -0.2656 -0.9640 -0.0128
vn 0.5225 0.7370 -0.4287
vn 0.9856 0.0646 0.1560
vn -0.3370 0.6824 -0.6487
vn -0.3181 0.7022 -0.6370
vn -0.4209 0.7231 -0.5477
vn 0.4176 -0.0608 -0.9066
vn 0.5691 0.3052 -0.7636
vn 0.6851 -0.6652 -0.2968
vn 0.6887 0.5117 -0.5137
vn 0.1205 -0.6430 -0.7564
vn -0.4252 0.8996 0.0995
vn -0.9912 -0.0171 0.1313
vn -0.9739 0.1783 -0.1402
vn -0.6485 -0.7420 0.1698
vn -0.1477 -0.8792 0.4530
vn -0.8292 -0.1989 0.5224
vn 0.4556 -0.3688 -0.8102
vn 0.4397 -0.4637 -0.7692
vn -0.2344 0.7083 -0.6659
vn 0.6280 0.0610 -0.7758
vn -0.9384 0.0403 0.3433
vn 0.6577 0.7377 -0.1526
vn -0.3920 -0.1019 0.9143
vn 0.1859 -0.5478 -0.8157
vn 0.6705 0.6027 0.4326
vn -0.8274 0.2958 0.4774
vn -0.1981 0.9110 0.3617
vn -0.1964 -0.5104 0.8372
vn -0.1995 -0.9550 -0.2197
vn -0.6211 -0.4265 -0.6575
vn -0.2975 -0.8743 -0.3835
vn -0.1932 -0.9137 -0.3575
vn 0.2379 -0.1082 0.9653
vn 0.0467 0.9275 0.3708
vn 0.3066 0.9514 0.0288
vn -0.4753 -0.4961 0.7266
vn -0.5689 0.8092 -0.1464
vn -0.3486 0.9102 -0.2236
vn 0.2649 -0.8797 -0.3948
vn 0.8279 -0.5479 0.1199
vn 0.6588 0.1211 0.7425
vn -0.4675 0.8450 0.2598
vn 0.2904 -0.7957 -0.5316
vn -0.7362 -0.4456 0.5094
vn 0.6661 0.5206 -0.5341
vn -0.6717 -0.6984 0.2471
vn -0.0569 0.8515 0.5212
vn 0.4540 0.2403 -0.8580
vn 0.0690 0.8705 0.4873
vn -0.5279 -0.5691 0.6304
vn 0.8046 0.3627 -0.4702
vn 0.2957 -0.2229 0.9289
vn 0.9585 -0.2611 0.1143
vn 0.2104 0.9261 -0.3130
vn 0.6731 -0.7378 0.0509
vn 0.8759 -0.2098 0.4344
vn -0.1503 0.9831 -0.1044
vn 0.2774 -0.9367 0.2136
vn -0.8071 -0.5478 -0.2204
vn 0.0745 0.3072 -0.9487
vn 0.2689 0.6660 -0.6958
vn 0.5345 0.7929 -0.2927
vn 0.9646 -0.2024 0.1689
vn 0.9399 0.0996 -0.3265
vn 0.9337 0.0536 -0.3541
vn 0.0761 -0.9952 0.0617
vn -0.5882 -0.7235 0.3614
vn -0.6865 -0.2434 -0.6852
vn 0.0631 -0.9789 0.1944
vn -0.6180 0.3472 0.7054
vn -0.5861 -0.7902 -0.1793
vn -0.7146 -0.1429 0.6848
vn 0.0531 0.9002 0.4322
vn 0.1546 -0.5725 -0.8052
vn 0.2931 -0.5198 -0.8024
vn 0.4498 0.8604 0.2395
vn 0.5429 -0.6862 0.4841
vn -0.7649 -0.6220 0.1675
vn -0.3551 0.2906 0.8885
vn -0.2135 -0.9326 -0.2910
vn -0.2295 -0.8871 -0.4004
vn -0.3135 -0.4692 -0.8255
vn -0.9443 -0.2503 0.2135
vn 0.8113 0.1488 -0.5654
vn -0.5802 0.8122 0.0607
vn -0.5224 0.7547 -0.3969
vn 0.8398 0.5008 0.2098
vn 0.6466 0.6064 0.4629
vn -0.8925 -0.2603 -0.3683
vn 0.6568 0.5257 -0.5406
vn -0.9909 -0.0786 -0.1096
vn 0.9335 -0.3498 -0.0783
vn 0.3109 0.4830 -0.8186
vn -0.7559 0.3608 0.5463
vn 0.5894 0.2771 0.7589
vn 0.0031 0.5005 0.8657
vn -0.3175 -0.8781 0.3579
vn 0.5664 0.7266 0.3889
vn 0.0718 -0.9818 0.1759
vn -0.3744 0.2752 -0.8855
vn 0.6660 -0.0648 -0.7431
vn -0.4823 0.3148 -0.8175
vn -0.6423 0.5766 -0.5050
vn -0.5410 -0.7075 -0.4547
vn -0.0141 -0.9170 0.3986
vn -0.2945 -0.7986 -0.5249
vn -0.0448 -0.6065 0.7938
vn 0.9587 -0.2462 0.1425
vn -0.9597 -0.1626 -0.2290
vn 0.4276 0.8211 0.3781
vn 0.3432 0.5707 -0.7460
vn 0.0608 0.7752 -0.6288
vn -0.2459 -0.5327 0.8098
vn 0.6043 0.0996 0.7905
vn -0.0416 0.8501 0.5249
vn -0.4069 -0.6011 -0.6878
vn 0.2873 0.8304 -0.4774
vn -0.5838 0.1183 -0.8033
vn 0.1186 -0.7139 0.6902
vn 0.0117 -0.9889 -0.1481
vn 0.8495 0.5086 0.1400
vn 0.1723 -0.7679 -0.6170
vn -0.0543 0.9983 0.0208
vn 0.8575 -0.3675 -0.3601
vn 0.4914 0.7644 0.4173
vn 0.1234 0.9770 0.1742
vn -0.1052 0.3165 0.9427
vn -0.7470 0.3370 -0.5731
vn -0.1111 0.8876 0.4470
vn -0.3826 -0.2908 -0.8770
vn -0.4117 0.1253 -0.9027
vn 0.7988 0.0832 -0.5959
vn 0.4679 -0.1735 -0.8666
vn 0.8236 0.2340 -0.5166
vn 0.1090 -0.9378 -0.3296
vn -0.8612 0.1200 0.4939
vn -0.1289 -0.0696 -0.9892
vn -0.1952 0.5472 -0.8139
vn -0.5279 0.6643 -0.5292
vn -0.0351 0.8787 -0.4761
vn -0.7398 0.5875 0.3279
vn 0.7023 -0.3395 -0.6258
vn -0.1252 -0.1042 0.9866
vn 0.9765 -0.1200 -0.1792
vn 0.0145 -0.2423 -0.9701
vn -0.0628 0.9980 -0.0068
vn -0.3343 0.4725 -0.8155
vn 0.8680 0.2284 0.4409
vn 0.2709 0.7139 0.6458
vn 0.2115 0.9758 0.0553
vn -0.7950 -0.5702 0.2071
vn -0.9624 -0.1804 0.2033
vn -0.9307 -0.0085 0.3657
vn -0.3434 0.3079 -0.8873
vn 0.3902 -0.2229 0.8934
vn -0.9568 0.1359 -0.2571
vn 0.6922 0.3430 -0.6350
vn -0.3474 0.3965 0.8498
vn 0.0306 0.0294 0.9991
vn -0.9201 0.2306 -0.3166
vn -0.0946 -0.5358 -0.8390
vn 0.7003 -0.2907 -0.6520
vn 0.0684 -0.9975 -0.0193
vn 0.8963 0.0501 0.4406
vn -0.5674 0.7894 -0.2345
vn -0.7061 0.6956 0.1328
vn -0.6079 -0.3105 -0.7308
vn 0.8793 -0.4662 0.0978
usemtl Material.003
s 1
f 1/1/1 2/2/2 3/3/3
f 4/4/4 5/5/5 6/6/6
f 7/7/7 2/2/2 4/4/4
f 8/8/8 9/9/9 10/10/10
f 11/11/11 12/12/12 8/8/8
f 13/13/13 12/12/12 14/14/14
f 15/15/15 16/16/16 17/17/17
f 18/18/18 19/19/19 15/15/15
f 16/16/16 20/20/20 21/21/21
f 22/22/22 23/23/23 24/24/24
f 25/25/25 26/26/26 27/27/27
f 28/28/28 23/23/23 25/25/25
f 29/29/29 30/30/30 31/31/31
f 32/32/32 33/33/33 34/34/34
f 31/31/31 32/32/32 35/35/35
f 36/36/36 37/37/37 38/38/38
f 39/39/39 40/40/40 36/36/36
f 41/41/41 40/40/40 42/42/42
f 43/43/43 44/44/44 45/45/45
f 46/46/46 47/47/47 48/48/48
f 49/49/49 44/44/44 46/46/46
f 50/50/50 51/51/51 52/52/52
f 53/53/53 54/54/54 50/50/50
f 55/55/55 54/54/54 56/56/56
f 57/57/57 58/58/58 59/59/59
f 60/60/60 61/61/61 62/62/62
f 43/43/43 58/58/58 60/60/60
f 63/63/63 64/64/64 65/65/65
f 66/66/66 67/67/67 68/68/68
f 69/69/69 64/64/64 66/66/66
f 70/70/70 71/71/71 72/72/72
f 73/73/73 70/70/70 74/74/74
f 75/75/75 76/76/76 73/73/73
f 77/77/77 78/78/78 79/79/79
f 80/80/80 81/81/81 82/82/82
f 83/83/83 78/78/78 80/80/80
f 84/84/84 85/85/85 86/86/86
f 87/87/87 88/88/88 84/84/84
f 89/89/89 88/88/88 90/90/90
f 72/72/72 91/91/91 92/92/92
f 93/93/93 94/94/94 95/95/95
f 96/96/96 91/91/91 93/93/93
f 97/97/97 98/98/98 99/99/99
f 100/100/100 101/101/101 97/97/97
f 102/102/102 101/101/101 103/103/103
f 104/104/104 105/105/105 106/106/106
f 107/107/107 108/108/108 104/104/104
f 109/109/109 108/108/108 110/110/110
f 111/111/111 112/112/112 113/113/113
f 114/114/114 111/111/111 115/115/115
f 116/116/116 117/117/117 114/114/114
f 118/118/118 119/119/119 120/120/120
f 121/121/121 122/122/122 118/118/118
f 123/123/123 122/122/122 124/124/124
f 125/125/125 126/126/126 127/127/127
f 128/128/128 125/125/125 129/129/129
f 130/130/130 131/131/131 128/128/128
f 132/132/132 133/133/133 134/134/134
f 135/135/135 136/136/136 120/120/120
f 134/134/134 135/135/135 137/137/137
f 138/138/138 139/139/139 140/140/140
f 141/141/141 142/142/142 143/143/143
f 57/57/57 139/139/139 141/141/141
f 6/6/6 144/144/144 145/145/145
f 146/146/146 147/147/147 148/148/148
f 149/149/149 144/144/144 146/146/146
f 150/150/150 151/151/151 152/152/152
f 153/153/153 150/150/150 154/154/154
f 155/155/155 156/156/156 153/153/153
f 106/106/106 157/157/157 158/158/158
f 151/151/151 159/159/159 152/152/152
f 158/158/158 151/151/151 155/155/155
f 160/160/160 161/161/161 162/162/162
f 163/163/163 164/164/164 160/160/160
f 165/165/165 164/164/164 166/166/166
f 167/167/167 168/168/168 169/169/169
f 170/170/170 167/167/167 109/109/109
f 171/171/171 172/172/172 170/170/170
f 173/173/173 174/174/174 175/175/175
f 41/41/41 176/176/176 173/173/173
f 177/177/177 176/176/176 178/178/178
f 179/179/179 180/180/180 181/181/181
f 182/182/182 179/179/179 183/183/183
f 184/184/184 185/185/185 182/182/182
f 186/186/186 187/187/187 188/188/188
f 52/52/52 189/189/189 186/186/186
f 190/190/190 189/189/189 191/191/191
f 192/192/192 193/193/193 194/194/194
f 195/195/195 192/192/192 196/196/196
f 197/197/197 198/198/198 195/195/195
f 83/83/83 199/199/199 200/200/200
f 201/201/201 80/202/80 82/203/82
f 202/204/202 199/199/199 201/201/201
f 85/205/85 203/206/203 86/207/86
f 89/89/89 204/208/204 85/205/85
f 203/206/203 205/209/205 206/210/206
f 207/211/207 208/212/208 209/213/209
f 210/214/210 211/215/211 212/216/212
f 213/217/213 208/212/208 210/214/210
f 214/218/214 215/219/215 216/220/216
f 217/221/217 218/222/218 214/218/214
f 219/223/219 218/222/218 220/224/220
f 221/225/221 222/226/222 223/227/223
f 224/228/224 225/229/225 221/225/221
f 226/230/226 225/229/225 227/231/227
f 228/232/228 229/233/229 230/234/230
f 231/235/231 232/236/232 228/232/228
f 233/237/233 232/236/232 234/238/234
f 235/239/235 236/240/236 237/241/237
f 238/242/238 239/243/239 83/83/83
f 240/244/240 236/240/236 238/242/238
f 241/245/241 242/246/242 243/247/243
f 244/248/244 241/245/241 245/249/245
f 246/250/246 247/251/247 244/248/244
f 202/204/202 248/252/248 249/253/249
f 250/254/250 201/255/201 82/256/82
f 251/257/251 248/252/248 250/254/250
f 203/258/203 252/259/252 86/260/86
f 253/261/253 203/258/203 206/210/206
f 254/262/254 255/263/255 253/261/253
f 256/264/256 257/265/257 258/266/258
f 259/267/259 260/268/260 130/130/130
f 261/269/261 257/265/257 259/267/259
f 262/270/262 263/271/263 264/272/264
f 89/89/89 265/273/265 262/270/262
f 87/87/87 265/273/265 90/90/90
f 266/274/266 267/275/267 268/276/268
f 269/277/269 266/274/266 270/278/270
f 243/247/243 271/279/271 269/277/269
f 272/280/272 273/281/273 100/100/100
f 132/132/132 274/282/274 272/280/272
f 273/281/273 275/283/275 276/284/276
f 277/285/277 278/286/278 279/287/279
f 280/288/280 281/289/281 282/290/282
f 283/291/283 278/286/278 280/288/280
f 284/292/284 285/293/285 286/294/286
f 287/295/287 288/296/288 284/292/284
f 289/297/289 288/296/288 290/298/290
f 291/299/291 292/300/292 293/301/293
f 294/302/294 295/303/295 163/163/163
f 216/220/216 292/300/292 294/302/294
f 296/304/296 297/305/297 298/306/298
f 299/307/299 300/308/300 296/304/296
f 301/309/301 300/308/300 302/310/302
f 303/311/303 304/312/304 305/313/305
f 306/314/306 303/311/303 307/315/307
f 308/316/308 309/317/309 306/314/306
f 310/318/310 311/319/311 312/320/312
f 68/68/68 313/321/313 310/318/310
f 314/322/314 313/321/313 315/323/315
f 316/324/316 317/325/317 318/326/318
f 319/327/319 320/328/320 316/324/316
f 321/329/321 320/328/320 322/330/322
f 323/331/323 324/332/324 325/333/325
f 326/334/326 327/335/327 328/336/328
f 329/337/329 324/332/324 326/334/326
f 330/338/330 331/339/331 57/57/57
f 332/340/332 333/341/333 330/338/330
f 212/216/212 333/341/333 334/342/334
f 335/343/335 336/344/336 337/345/337
f 328/336/328 338/346/338 335/343/335
f 339/347/339 338/346/338 340/348/340
f 341/349/341 342/350/342 343/351/343
f 344/352/344 345/353/345 53/53/53
f 346/354/346 342/350/342 344/352/344
f 347/355/347 348/356/348 349/357/349
f 350/358/350 351/359/351 308/316/308
f 352/360/352 348/356/348 350/358/350
f 353/361/353 354/362/354 355/363/355
f 356/364/356 357/365/357 358/366/358
f 359/367/359 354/362/354 356/364/356
f 360/368/360 361/369/361 362/370/362
f 363/371/363 360/368/360 364/372/364
f 365/373/365 366/374/366 363/371/363
f 367/375/367 368/376/368 369/377/369
f 190/190/190 370/378/370 367/375/367
f 371/379/371 370/378/370 372/380/372
f 373/381/373 374/382/374 375/383/375
f 376/384/376 373/381/373 184/184/184
f 72/72/72 377/385/377 376/384/376
f 251/257/251 378/386/378 379/387/379
f 380/388/380 250/389/250 82/390/82
f 381/391/381 378/386/378 380/388/380
f 252/392/252 382/393/382 86/394/86
f 254/262/254 383/395/383 252/392/252
f 384/396/384 383/395/383 385/397/385
f 386/398/386 387/399/387 375/383/375
f 388/400/388 386/398/386 75/75/75
f 230/234/230 389/401/389 388/400/388
f 390/402/390 391/403/391 392/404/392
f 393/405/393 394/406/394 395/407/395
f 396/408/396 391/403/391 393/405/393
f 397/409/397 398/410/398 190/190/190
f 55/55/55 399/411/399 397/409/397
f 400/412/400 399/411/399 401/413/401
f 402/414/402 403/415/403 404/416/404
f 405/417/405 402/414/402 406/418/406
f 407/419/407 408/420/408 405/417/405
f 409/421/409 410/422/410 411/423/411
f 412/424/412 413/425/413 414/426/414
f 415/427/415 410/422/410 412/424/412
f 416/428/416 417/429/417 418/430/418
f 419/431/419 416/428/416 420/432/420
f 421/433/421 422/434/422 419/431/419
f 381/391/381 423/435/423 424/436/424
f 425/437/425 380/438/380 82/439/82
f 426/440/426 423/435/423 425/437/425
f 382/441/382 427/442/427 86/443/86
f 384/396/384 428/444/428 382/441/382
f 429/445/429 428/444/428 430/446/430
f 431/447/431 432/448/432 433/449/433
f 434/450/434 431/447/431 113/113/113
f 432/448/432 434/450/434 435/451/435
f 436/452/436 437/453/437 438/454/438
f 439/455/439 440/456/440 436/452/436
f 100/100/100 440/456/440 441/457/441
f 442/458/442 443/459/443 444/460/444
f 445/461/445 442/458/442 446/462/446
f 447/463/447 448/464/448 445/461/445
f 449/465/449 450/466/450 451/467/451
f 452/468/452 453/469/453 449/465/449
f 454/470/454 453/469/453 455/471/455
f 456/472/456 457/473/457 458/474/458
f 459/475/459 460/476/460 456/472/456
f 461/477/461 460/476/460 462/478/462
f 463/479/463 464/480/464 465/481/465
f 466/482/466 467/483/467 463/479/463
f 152/152/152 467/483/467 468/484/468
f 469/485/469 470/486/470 169/169/169
f 471/487/471 472/488/472 469/485/469
f 473/489/473 472/488/472 474/490/474
f 475/491/475 476/492/476 477/493/477
f 478/494/478 479/495/479 475/491/475
f 480/496/480 479/495/479 481/497/481
f 482/498/482 483/499/483 484/500/484
f 485/501/485 486/502/486 482/498/482
f 487/503/487 486/502/486 488/504/488
f 489/505/489 490/506/490 155/155/155
f 491/507/491 489/505/489 492/508/492
f 107/107/107 493/509/493 491/507/491
f 494/510/494 495/511/495 496/512/496
f 497/513/497 498/514/498 494/510/494
f 499/515/499 498/514/498 500/516/500
f 501/517/501 502/518/502 503/519/503
f 406/418/406 504/520/504 501/517/501
f 505/521/505 504/520/504 506/522/506
f 507/523/507 508/524/508 509/525/509
f 510/526/510 511/527/511 507/523/507
f 512/528/512 511/527/511 513/529/513
f 514/530/514 515/531/515 516/532/516
f 480/496/480 517/533/517 514/530/514
f 518/534/518 517/533/517 519/535/519
f 520/536/520 521/537/521 522/538/522
f 523/539/523 520/536/520 524/540/524
f 525/541/525 526/542/526 523/539/523
f 527/543/527 528/544/528 529/545/529
f 530/546/530 531/547/531 532/548/532
f 6/6/6 528/544/528 530/546/530
f 533/549/533 534/550/534 535/551/535
f 31/31/31 533/549/533 29/29/29
f 35/35/35 536/552/536 31/31/31
f 537/553/537 538/554/538 539/555/539
f 540/556/540 541/557/541 395/407/395
f 542/558/542 538/554/538 540/556/540
f 543/559/543 544/560/544 545/561/545
f 546/562/546 547/563/547 543/559/543
f 548/564/548 547/563/547 549/565/549
f 550/566/550 551/567/551 353/361/353
f 552/568/552 553/569/553 550/566/550
f 554/570/554 553/569/553 555/571/555
f 556/572/556 557/573/557 558/574/558
f 559/575/559 556/572/556 560/576/560
f 561/577/561 562/578/562 559/575/559
f 426/440/426 563/579/563 564/580/564
f 565/581/565 425/582/425 82/583/82
f 566/584/566 563/579/563 565/581/565
f 427/585/427 567/586/567 86/587/86
f 429/445/429 568/588/568 427/585/427
f 569/589/569 568/588/568 570/590/570
f 571/591/571 572/592/572 558/574/558
f 573/593/573 571/591/571 574/594/574
f 575/595/575 576/596/576 573/593/573
f 577/597/577 578/598/578 426/440/426
f 579/599/579 580/600/580 577/597/577
f 496/512/496 580/600/580 581/601/581
f 582/602/582 583/603/583 584/604/584
f 585/605/585 582/602/582 219/223/219
f 586/606/586 587/607/587 585/605/585
f 588/608/588 589/609/589 590/610/590
f 591/611/591 588/608/588 592/612/592
f 593/613/593 594/614/594 591/611/591
f 595/615/595 596/616/596 597/617/597
f 598/618/598 599/619/599 600/620/600
f 601/621/601 596/616/596 598/618/598
f 602/622/602 603/623/603 604/624/604
f 605/625/605 602/622/602 113/113/113
f 606/626/606 607/627/607 605/625/605
f 566/584/566 608/628/608 609/629/609
f 610/630/610 565/631/565 82/632/82
f 611/633/611 608/628/608 610/630/610
f 567/634/567 612/635/612 86/636/86
f 569/589/569 613/637/613 567/634/567
f 614/638/614 613/637/613 615/639/615
f 616/640/616 617/641/617 418/430/418
f 618/642/618 616/640/616 619/643/619
f 620/644/620 621/645/621 618/642/618
f 622/646/622 623/647/623 624/648/624
f 625/649/625 626/650/626 627/651/627
f 628/652/628 623/647/623 625/649/625
f 629/653/629 630/654/630 433/449/433
f 48/48/48 631/655/631 629/653/629
f 62/62/62 631/655/631 632/656/632
f 633/657/633 634/658/634 635/659/635
f 286/660/286 636/661/636 633/657/633
f 637/662/637 636/661/636 638/663/638
f 639/664/639 640/665/640 641/666/641
f 642/667/642 643/668/643 644/669/644
f 645/670/645 640/665/640 642/667/642
f 646/671/646 647/672/647 648/673/648
f 649/674/649 650/675/650 651/676/651
f 524/540/524 647/672/647 649/674/649
f 652/677/652 653/678/653 654/679/654
f 655/680/655 656/681/656 485/501/485
f 657/682/657 653/678/653 655/680/655
f 658/683/658 659/684/659 660/685/660
f 661/686/661 662/687/662 658/683/658
f 659/684/659 663/688/663 17/17/17
f 664/689/664 665/690/665 666/691/666
f 667/692/667 668/693/668 480/496/480
f 358/366/358 665/690/665 667/692/667
f 669/694/669 670/695/670 671/696/671
f 672/697/672 673/698/673 669/694/669
f 364/372/364 673/698/673 674/699/674
f 675/700/675 676/701/676 677/702/677
f 678/703/678 679/704/679 680/705/680
f 414/426/414 676/701/676 678/703/678
f 681/706/681 682/707/682 522/538/522
f 683/708/683 681/706/681 684/709/684
f 685/710/685 686/711/686 683/708/683
f 687/712/687 688/713/688 132/132/132
f 689/714/689 690/715/690 687/712/687
f 27/27/27 690/715/690 691/716/691
f 661/686/661 692/717/692 693/718/693
f 694/719/694 695/720/695 696/721/696
f 697/722/697 692/717/692 694/719/694
f 698/723/698 699/724/699 700/725/700
f 659/684/659 698/723/698 660/685/660
f 17/17/17 701/726/701 659/684/659
f 312/320/312 702/727/702 703/728/703
f 704/729/704 705/730/705 706/731/706
f 707/732/707 702/727/702 704/729/704
f 708/733/708 709/734/709 710/735/710
f 129/129/129 711/736/711 708/733/708
f 712/737/712 711/736/711 713/738/713
f 714/739/714 715/740/715 716/741/716
f 717/742/717 718/743/718 719/744/719
f 720/745/720 715/740/715 717/742/717
f 721/746/721 722/747/722 723/748/723
f 724/749/724 725/750/725 726/751/726
f 727/752/727 722/747/722 724/749/724
f 728/753/728 729/754/729 730/755/730
f 731/756/731 732/757/732 552/568/552
f 359/367/359 729/754/729 731/756/731
f 733/758/733 734/759/734 735/760/735
f 736/761/736 733/758/733 737/762/737
f 738/763/738 739/764/739 736/761/736
f 611/633/611 740/765/740 741/766/741
f 742/767/742 610/768/610 82/769/82
f 743/770/743 740/765/740 742/767/742
f 612/771/612 744/772/744 86/773/86
f 614/638/614 745/774/745 612/771/612
f 746/775/746 745/774/745 747/776/747
f 748/777/748 434/450/434 113/113/113
f 749/778/749 748/777/748 750/779/750
f 435/451/435 751/780/751 749/778/749
f 752/781/752 753/782/753 754/783/754
f 611/633/611 755/784/755 752/781/752
f 743/770/743 755/784/755 741/766/741
f 756/785/756 757/786/757 758/787/758
f 759/788/759 760/789/760 756/785/756
f 761/790/761 760/789/760 762/791/762
f 763/792/763 764/793/764 765/794/765
f 766/795/766 767/796/767 768/797/768
f 769/798/769 764/793/764 766/795/766
f 770/799/770 578/598/578 496/512/496
f 381/391/381 771/800/771 770/799/770
f 426/440/426 771/800/771 424/436/424
f 772/801/772 617/641/617 620/644/620
f 773/802/773 772/801/772 774/803/774
f 418/430/418 775/804/775 773/802/773
f 743/770/743 776/805/776 777/806/777
f 778/807/778 742/808/742 82/809/82
f 628/652/628 776/805/776 778/807/778
f 744/810/744 779/811/779 86/812/86
f 746/775/746 780/813/780 744/810/744
f 781/814/781 780/813/780 782/815/782
f 783/816/783 784/817/784 785/818/785
f 786/819/786 783/816/783 586/606/586
f 787/820/787 788/821/788 786/819/786
f 429/445/429 789/822/789 790/823/790
f 791/824/791 789/822/789 792/825/792
f 790/823/790 793/826/793 794/827/794
f 795/828/795 796/829/796 797/830/797
f 798/831/798 795/828/795 799/832/799
f 800/833/800 801/834/801 798/831/798
f 802/835/802 803/836/803 804/837/804
f 805/838/805 806/839/806 240/244/240
f 807/840/807 803/836/803 805/838/805
f 808/841/808 534/550/534 35/35/35
f 809/842/809 810/843/810 808/841/808
f 535/551/535 810/843/810 811/844/811
f 812/845/812 813/846/813 814/847/814
f 664/689/664 815/848/815 812/845/812
f 816/849/816 815/848/815 817/850/817
f 818/851/818 819/852/819 820/853/820
f 821/854/821 822/855/822 510/526/510
f 823/856/823 819/852/819 821/854/821
f 824/857/824 825/858/825 826/859/826
f 827/860/827 828/861/828 829/862/829
f 830/863/830 825/858/825 827/860/827
f 831/864/831 344/352/344 53/53/53
f 832/865/832 833/866/833 831/864/831
f 346/354/346 833/866/833 834/867/834
f 835/868/835 836/869/836 823/856/823
f 837/870/837 835/868/835 838/871/838
f 839/872/839 840/873/840 837/870/837
f 841/874/841 842/875/842 264/272/264
f 537/553/537 843/876/843 841/874/841
f 844/877/844 843/876/843 845/878/845
f 846/879/846 847/880/847 171/171/171
f 848/881/848 846/879/846 849/882/849
f 850/883/850 851/884/851 848/881/848
f 852/885/852 853/886/853 854/887/854
f 855/888/855 856/889/856 857/890/857
f 646/671/646 853/886/853 855/888/855
f 657/682/657 858/891/858 859/892/859
f 860/893/860 861/894/861 862/895/862
f 710/735/710 858/891/858 860/893/860
f 863/896/863 864/897/864 865/898/865
f 866/899/866 867/900/867 863/896/863
f 868/901/868 867/900/867 869/902/869
f 870/903/870 871/904/871 499/515/499
f 872/905/872 873/906/873 870/903/870
f 466/482/466 873/906/873 874/907/874
f 875/908/875 876/909/876 877/910/877
f 878/911/878 875/908/875 154/154/154
f 29/29/29 879/912/879 878/911/878
f 880/913/880 881/914/881 882/915/882
f 207/211/207 883/916/883 880/913/880
f 881/914/881 209/213/209 213/217/213
f 884/917/884 885/918/885 886/919/886
f 848/881/848 884/917/884 850/883/850
f 849/882/849 887/920/887 848/881/848
f 888/921/888 889/922/889 890/923/890
f 891/924/891 892/925/892 675/700/675
f 409/421/409 889/922/889 891/924/891
f 116/116/116 893/926/893 894/927/894
f 895/928/895 896/929/896 737/762/737
f 894/927/894 895/928/895 897/930/897
f 628/652/628 898/931/898 624/648/624
f 899/932/899 778/933/778 82/934/82
f 622/646/622 898/931/898 899/932/899
f 779/935/779 900/936/900 86/937/86
f 781/814/781 901/938/901 779/935/779
f 554/570/554 901/938/901 902/939/902
f 903/940/903 904/941/904 905/942/905
f 906/943/906 907/944/907 886/919/886
f 908/945/908 904/941/904 906/943/906
f 909/946/909 551/567/551 554/570/554
f 910/947/910 911/948/911 909/946/909
f 353/361/353 911/948/911 912/949/912
f 913/950/913 914/951/914 915/952/915
f 916/953/916 913/950/913 917/954/917
f 270/278/270 918/955/918 916/953/916
f 68/68/68 919/956/919 920/957/920
f 174/174/174 921/958/921 175/175/175
f 920/957/920 174/174/174 177/177/177
f 922/959/922 923/960/923 924/961/924
f 925/962/925 926/963/926 447/463/447
f 927/964/927 923/960/923 925/962/925
f 928/965/928 929/966/929 930/967/930
f 931/968/931 928/965/928 319/327/319
f 362/370/362 932/969/932 931/968/931
f 622/646/622 933/970/933 934/971/934
f 935/972/935 899/973/899 82/974/82
f 936/975/936 933/970/933 935/972/935
f 900/976/900 937/977/937 86/978/86
f 555/571/555 900/976/900 554/570/554
f 937/977/937 555/571/555 552/568/552
f 938/979/938 939/980/939 940/981/940
f 308/316/308 941/982/941 938/979/938
f 942/983/942 941/982/941 943/984/943
f 944/985/944 945/986/945 946/987/946
f 947/988/947 948/989/948 381/391/381
f 949/990/949 945/986/945 947/988/947
f 950/991/950 951/992/951 684/709/684
f 952/993/952 950/991/950 584/604/584
f 951/992/951 952/993/952 420/432/420
f 953/994/953 954/995/954 955/996/955
f 956/997/956 957/998/957 953/994/953
f 958/999/958 957/998/957 959/1000/959
f 960/1001/960 961/1002/961 28/28/28
f 726/751/726 962/1003/962 960/1001/960
f 963/1004/963 962/1003/962 964/1005/964
f 965/1006/965 966/1007/966 967/1008/967
f 968/1009/968 969/1010/969 970/1011/970
f 768/797/768 966/1007/966 968/1009/968
f 971/1012/971 972/1013/972 973/1014/973
f 974/1015/974 975/1016/975 976/1017/976
f 977/1018/977 972/1013/972 974/1015/974
f 978/1019/978 979/1020/979 13/13/13
f 824/857/824 980/1021/980 978/1019/978
f 459/475/459 980/1021/980 981/1022/981
f 982/1023/982 983/1024/983 984/1025/984
f 985/1026/985 986/1027/986 982/1023/982
f 473/489/473 986/1027/986 987/1028/987
f 988/1029/988 989/1030/989 990/1031/990
f 991/1032/991 988/1029/988 992/1033/992
f 639/664/639 993/1034/993 991/1032/991
f 994/1035/994 995/1036/995 944/985/944
f 465/481/465 996/1037/996 994/1035/994
f 997/1038/997 996/1037/996 998/1039/998
f 999/1040/999 1000/1041/1000 1001/1042/1001
f 544/560/544 999/1040/999 545/561/545
f 548/564/548 1002/1043/1002 544/560/544
f 1003/1044/1003 1004/1045/1004 1005/1046/1005
f 1006/1047/1006 1007/1048/1007 1008/1049/1008
f 888/921/888 1004/1045/1004 1006/1047/1006
f 525/541/525 1009/1050/1009 1010/1051/1010
f 1011/1052/1011 1012/1053/1012 165/165/165
f 291/299/291 1009/1050/1009 1011/1052/1011
f 1013/1054/1013 1014/1055/1014 1015/1056/1015
f 1016/1057/1016 1017/1058/1017 512/528/512
f 818/851/818 1014/1055/1014 1016/1057/1016
f 1018/1059/1018 1019/1060/1019 1020/1061/1020
f 16/16/16 1021/1062/1021 17/17/17
f 21/21/21 1019/1060/1019 16/16/16
f 1022/1063/1022 1023/1064/1023 1024/1065/1024
f 1025/1066/1025 1022/1063/1022 761/790/761
f 696/721/696 1026/1067/1026 1025/1066/1025
f 359/367/359 1027/1068/1027 730/755/730
f 1028/1069/1028 1029/1070/1029 1030/1071/1030
f 728/753/728 1027/1068/1027 1028/1069/1028
f 1031/1072/1031 1032/1073/1032 246/250/246
f 1033/1074/1033 1031/1072/1031 62/62/62
f 143/143/143 1034/1075/1034 1033/1074/1033
f 1035/1076/1035 1036/1077/1036 1037/1078/1037
f 1038/1079/1038 1039/1080/1039 1035/1076/1035
f 1040/1081/1040 1039/1080/1039 1041/1082/1041
f 1042/1083/1042 1043/1084/1043 256/264/256
f 1044/1085/1044 1042/1083/1042 1045/1086/1045
f 797/830/797 1046/1087/1046 1044/1085/1044
f 936/975/936 1047/1088/1047 1048/1089/1048
f 1049/1090/1049 935/1091/935 82/1092/82
f 369/377/369 1047/1088/1047 1049/1090/1049
f 937/1093/937 1050/1094/1050 86/1095/86
f 552/568/552 1051/1096/1051 937/1093/937
f 1052/1097/1052 1051/1096/1051 1053/1098/1053
f 1054/1099/1054 1055/1100/1055 194/194/194
f 885/918/885 1054/1099/1054 886/919/886
f 849/882/849 1056/1101/1056 885/918/885
f 1057/1102/1057 1058/1103/1058 452/468/452
f 1003/1044/1003 1059/1104/1059 1057/1102/1057
f 1060/1105/1060 1059/1104/1059 1061/1106/1061
f 1062/1107/1062 1063/1108/1063 1064/1109/1064
f 1065/1110/1065 1062/1107/1062 107/107/107
f 604/624/604 1066/1111/1066 1065/1110/1065
f 1067/1112/1067 540/556/540 395/407/395
f 1068/1113/1068 1069/1114/1069 1067/1112/1067
f 542/558/542 1069/1114/1069 1070/1115/1070
f 1071/1116/1071 1072/1117/1072 1073/1118/1073
f 1074/1119/1074 1075/1120/1075 1076/1121/1076
f 1077/1122/1077 1072/1117/1072 1074/1119/1074
f 1078/1123/1078 1079/1124/1079 1080/1125/1080
f 852/885/852 1081/1126/1081 1078/1123/1078
f 1082/1127/1082 1081/1126/1081 1083/1128/1083
f 1050/1129/1050 1084/1130/1084 86/1131/86
f 1052/1097/1052 1085/1132/1085 1050/1129/1050
f 1086/1133/1086 1085/1132/1085 1087/1134/1087
f 1088/1135/1088 1089/1136/1089 1090/1137/1090
f 1091/1138/1091 1088/1135/1088 593/613/593
f 1092/1139/1092 1093/1140/1093 1091/1138/1091
f 1094/1141/1094 1095/1142/1095 614/638/614
f 1096/1143/1096 1097/1144/1097 1094/1141/1094
f 714/739/714 1097/1144/1097 1098/1145/1098
f 1099/1146/1099 267/275/267 243/247/243
f 143/143/143 1100/1147/1100 1099/1146/1099
f 268/276/268 1100/1147/1100 1101/1148/1101
f 1102/1149/1102 1103/1150/1103 1104/1151/1104
f 794/827/794 1105/1152/1105 1102/1149/1102
f 791/824/791 1105/1152/1105 793/826/793
f 1106/1153/1106 1107/1154/1107 927/964/927
f 1108/1155/1108 1106/1153/1106 446/462/446
f 990/1031/990 1109/1156/1109 1108/1155/1108
f 1110/1157/1110 1111/1158/1111 1112/1159/1112
f 1113/1160/1113 1114/1161/1114 1110/1157/1110
f 832/865/832 1114/1161/1114 1115/1162/1115
f 503/519/503 1116/1163/1116 1117/1164/1117
f 1118/1165/1118 1119/1166/1119 1120/1167/1120
f 22/22/22 1116/1163/1116 1118/1165/1118
f 1121/1168/1121 1122/1169/1122 922/959/922
f 706/731/706 1123/1170/1123 1121/1168/1121
f 1124/1171/1124 1123/1170/1123 1125/1172/1125
f 1126/1173/1126 1127/1174/1127 1128/1175/1128
f 1129/1176/1129 1130/1177/1130 1131/1178/1131
f 1132/1179/1132 1127/1174/1127 1129/1176/1129
f 1133/1180/1133 1134/1181/1134 1135/1182/1135
f 505/521/505 1136/1183/1136 1133/1180/1133
f 129/1184/129 1136/1183/1136 1137/1185/1137
f 1138/1186/1138 1139/1187/1139 1140/1188/1140
f 1080/1125/1080 1141/1189/1141 1138/1186/1138
f 1142/1190/1142 1141/1189/1141 1143/1191/1143
f 1144/1192/1144 1145/1193/1145 196/196/196
f 1146/1194/1146 1144/1192/1144 109/109/109
f 1064/1109/1064 1147/1195/1147 1146/1194/1146
f 1148/1196/1148 1149/1197/1149 1150/1198/1150
f 1151/1199/1151 1152/1200/1152 1153/1201/1153
f 1154/1202/1154 1149/1197/1149 1151/1199/1151
f 1155/1203/1155 1156/1204/1156 1090/1137/1090
f 1157/1205/1157 1155/1203/1155 1158/1206/1158
f 1159/1207/1159 1160/1208/1160 1157/1205/1157
f 369/377/369 1161/1209/1161 1162/1210/1162
f 1163/1211/1163 1049/1212/1049 82/1213/82
f 188/188/188 1161/1209/1161 1163/1211/1163
f 1164/1214/1164 1165/1215/1165 312/320/312
f 298/1216/298 1166/1217/1166 1164/1214/1164
f 1124/1171/1124 1166/1217/1166 1167/1218/1167
f 1168/1219/1168 1169/1220/1169 1170/1221/1170
f 1171/1222/1171 1168/1219/1168 233/237/233
f 337/345/337 1172/1223/1172 1171/1222/1171
f 1173/1224/1173 1174/1225/1174 1175/1226/1175
f 601/621/601 1176/1227/1176 1173/1224/1173
f 1177/1228/1177 1176/1227/1176 1178/1229/1178
f 604/624/604 1179/1230/1179 1180/1231/1180
f 1181/1232/1181 1182/1233/1182 492/508/492
f 1183/1234/1183 1179/1230/1179 1181/1232/1181
f 1184/1235/1184 1185/1236/1185 1186/1237/1186
f 1187/1238/1187 1188/1239/1188 936/975/936
f 1186/1237/1186 1187/1238/1187 1189/1240/1189
f 1190/1241/1190 1191/1242/1191 1192/1243/1192
f 1193/1244/1193 1190/1241/1190 407/419/407
f 1194/1245/1194 1195/1246/1195 1193/1244/1193
f 188/188/188 1196/1247/1196 1197/1248/1197
f 1198/1249/1198 1163/1250/1163 82/1251/82
f 1199/1252/1199 1196/1247/1196 1198/1249/1198
f 1084/1253/1084 1200/1254/1200 86/1255/86
f 1086/1133/1086 1201/1256/1201 1084/1253/1084
f 1202/1257/1202 1201/1256/1201 1203/1258/1203
f 1204/1259/1204 1205/1260/1205 96/96/96
f 1206/1261/1206 1204/1259/1204 797/830/797
f 74/74/74 1207/1262/1207 1206/1261/1206
f 1086/1133/1086 1208/1263/1208 1203/1258/1203
f 1209/1264/1209 1210/1265/1210 769/798/769
f 1202/1257/1202 1208/1263/1208 1209/1264/1209
f 1211/1266/1211 1212/1267/1212 74/74/74
f 800/833/800 1213/1268/1213 1211/1266/1211
f 1214/1269/1214 1213/1268/1213 1215/1270/1215
f 1216/1271/1216 1217/1272/1217 1218/1273/1218
f 1219/1274/1219 1220/1275/1220 1221/1276/1221
f 329/337/329 1217/1272/1217 1219/1274/1219
f 352/360/352 1222/1277/1222 1223/1278/1223
f 1224/1279/1224 1225/1280/1225 307/315/307
f 1170/1221/1170 1222/1277/1222 1224/1279/1224
f 872/905/872 1226/1281/1226 1227/1282/1227
f 1228/1283/1228 1229/1284/1229 1142/1190/1142
f 34/34/34 1226/1281/1226 1228/1283/1228
f 1230/1285/1230 1231/1286/1231 318/326/318
f 832/865/832 1232/1287/1232 1230/1285/1230
f 1113/1160/1113 1232/1287/1232 1115/1162/1115
f 1233/1288/1233 1234/1289/1234 148/148/148
f 1077/1122/1077 1235/1290/1235 1233/1288/1233
f 347/355/347 1235/1290/1235 1236/1291/1236
f 1237/1292/1237 1238/1293/1238 720/745/720
f 781/814/781 1239/1294/1239 1237/1292/1237
f 746/775/746 1239/1294/1239 782/815/782
f 1240/1295/1240 1241/1296/1241 1159/1207/1159
f 1242/1297/1242 1243/1298/1243 1240/1295/1240
f 282/290/282 1243/1298/1243 1244/1299/1244
f 1245/1300/1245 1246/1301/1246 763/792/763
f 1030/1071/1030 1247/1302/1247 1245/1300/1245
f 1246/1301/1246 1248/1303/1248 965/1006/965
f 1249/1304/1249 1250/1305/1250 1251/1306/1251
f 847/880/847 1249/1304/1249 171/171/171
f 850/883/850 1252/1307/1252 847/880/847
f 1253/1308/1253 1254/1309/1254 997/1038/997
f 152/152/152 1255/1310/1255 1253/1308/1253
f 985/1026/985 1255/1310/1255 1256/1311/1256
f 1257/1312/1257 1258/1313/1258 1251/1306/1251
f 976/1017/976 1259/1314/1259 1257/1312/1257
f 471/487/471 1259/1314/1259 1260/1315/1260
f 1261/1316/1261 1262/1317/1262 1263/1318/1263
f 1264/1319/1264 1265/1320/1265 346/354/346
f 1266/1321/1266 1262/1317/1262 1264/1319/1264
f 1267/1322/1267 1129/1176/1129 1131/1178/1131
f 487/503/487 1268/1323/1268 1267/1322/1267
f 1132/1179/1132 1268/1323/1268 1269/1324/1269
f 1270/1325/1270 1271/1326/1271 652/677/652
f 1272/1327/1272 1270/1325/1270 1273/1328/1273
f 183/183/183 1274/1329/1274 1272/1327/1272
f 1275/1330/1275 398/410/398 400/412/400
f 371/379/371 1276/1331/1276 1275/1330/1275
f 190/190/190 1276/1331/1276 372/380/372
f 1277/1332/1277 1278/1333/1278 95/95/95
f 1279/1334/1279 1277/1332/1277 712/737/712
f 127/127/127 1280/1335/1280 1279/1334/1279
f 1281/1336/1281 1282/1337/1282 1283/1338/1283
f 1284/1339/1284 1285/1340/1285 224/228/224
f 1286/1341/1286 1282/1337/1282 1284/1339/1284
f 1287/1342/1287 1288/1343/1288 1289/1344/1289
f 1290/1345/1290 1287/1342/1287 230/234/230
f 1291/1346/1291 1292/1347/1292 1290/1345/1290
f 1199/1252/1199 1293/1348/1293 1294/1349/1294
f 1295/1350/1295 1198/1351/1198 82/1352/82
f 1296/1353/1296 1293/1348/1293 1295/1350/1295
f 1200/1354/1200 1297/1355/1297 86/1356/86
f 1298/1357/1298 1200/1354/1200 1202/1257/1202
f 1299/1358/1299 1300/1359/1300 1298/1357/1298
f 1301/1360/1301 1302/1361/1302 1289/1344/1289
f 1303/1362/1303 1301/1360/1301 181/181/181
f 375/383/375 1304/1363/1304 1303/1362/1303
f 1305/1364/1305 1306/1365/1306 1307/1366/1307
f 1308/1367/1308 1305/1364/1305 829/862/829
f 11/11/11 1309/1368/1309 1308/1367/1308
f 1310/1369/1310 805/838/805 240/244/240
f 984/1025/984 1311/1370/1311 1310/1369/1310
f 807/840/807 1311/1370/1311 1312/1371/1312
f 1313/1372/1313 1314/1373/1314 365/373/365
f 1315/1374/1315 1313/1372/1313 672/697/672
f 181/181/181 1316/1375/1316 1315/1374/1315
f 240/244/240 1317/1376/1317 1318/1377/1318
f 1319/1378/1319 1320/1379/1320 202/204/202
f 1321/1380/1321 1317/1376/1317 1319/1378/1319
f 1092/1139/1092 1322/1381/1322 1323/1382/1323
f 1324/1383/1324 1325/1384/1325 1326/1385/1326
f 1327/1386/1327 1322/1381/1322 1324/1383/1324
f 1296/1353/1296 1328/1387/1328 1329/1388/1329
f 1330/1389/1330 1295/1390/1295 82/1391/82
f 1154/1202/1154 1328/1387/1328 1330/1389/1330
f 1297/1392/1297 1331/1393/1331 86/1394/86
f 1299/1358/1299 1332/1395/1332 1297/1392/1297
f 1333/1396/1333 1332/1395/1332 1334/1397/1334
f 1335/1398/1335 1336/1399/1336 1194/1245/1194
f 1337/1400/1337 1335/1398/1335 721/746/721
f 1338/1401/1338 1339/1402/1339 1337/1400/1337
f 1340/1403/1340 1341/1404/1341 1342/1405/1342
f 1343/1406/1343 1344/1407/1344 1340/1403/1340
f 454/470/454 1344/1407/1344 1345/1408/1345
f 1346/1409/1346 1347/1410/1347 130/1411/130
f 1348/1412/1348 1346/1409/1346 505/521/505
f 404/416/404 1349/1413/1349 1348/1412/1348
f 1350/1414/1350 1351/1415/1351 1352/1416/1352
f 1353/1417/1353 1354/1418/1354 207/211/207
f 1355/1419/1355 1351/1415/1351 1353/1417/1353
f 1356/1420/1356 1357/1421/1357 1266/1321/1266
f 1358/1422/1358 1359/1423/1359 1356/1420/1356
f 592/612/592 1359/1423/1359 1360/1424/1360
f 1361/1425/1361 1362/1426/1362 137/137/137
f 512/528/512 1363/1427/1363 1361/1425/1361
f 689/714/689 1363/1427/1363 1364/1428/1364
f 1365/1429/1365 1366/1430/1366 277/285/277
f 970/1011/970 1367/1431/1367 1365/1429/1365
f 1368/1432/1368 1367/1431/1367 1369/1433/1369
f 216/220/216 1370/1434/1370 1371/1435/1371
f 1372/1436/1372 1373/1437/1373 341/349/341
f 1261/1316/1261 1370/1434/1370 1372/1436/1372
f 719/744/719 1374/1438/1374 1375/1439/1375
f 813/846/813 1376/1440/1376 814/847/814
f 816/849/816 1374/1438/1374 813/846/813
f 1377/1441/1377 1378/1442/1378 1158/1206/1158
f 1379/1443/1379 1377/1441/1377 1076/1121/1076
f 1242/1297/1242 1380/1444/1380 1379/1443/1379
f 1112/1159/1112 1381/1445/1381 1382/1446/1382
f 1383/1447/1383 1384/1448/1384 1385/1449/1385
f 1382/1446/1382 1383/1447/1383 1386/1450/1386
f 1387/1451/1387 1388/1452/1388 1261/1316/1261
f 592/612/592 1389/1453/1389 1387/1451/1387
f 217/221/217 1389/1453/1389 1390/1454/1390
f 1391/1455/1391 1392/1456/1392 1393/1457/1393
f 323/331/323 1394/1458/1394 1391/1455/1391
f 451/467/451 1394/1458/1394 1395/1459/1395
f 28/28/28 1396/1460/1396 1397/1461/1397
f 1398/1462/1398 1399/1463/1399 689/714/689
f 1013/1054/1013 1396/1460/1396 1398/1462/1398
f 1400/1464/1400 1401/1465/1401 990/1031/990
f 1402/1466/1402 1403/1467/1403 1400/1464/1400
f 1404/1468/1404 1403/1467/1403 1405/1469/1405
f 1030/1071/1030 1406/1470/1406 1248/1303/1248
f 1407/1471/1407 1408/1472/1408 1368/1432/1368
f 965/1006/965 1406/1470/1406 1407/1471/1407
f 283/291/283 1409/1473/1409 1410/1474/1410
f 1411/1475/1411 1412/1476/1412 1242/1297/1242
f 1071/1116/1071 1409/1473/1409 1411/1475/1411
f 794/827/794 1413/1477/1413 1414/1478/1414
f 1415/1479/1415 1416/1480/1416 21/21/21
f 1414/1478/1414 1415/1479/1415 1096/1143/1096
f 1417/1481/1417 1418/1482/1418 593/613/593
f 1419/1483/1419 1417/1481/1417 1358/1422/1358
f 1326/1385/1326 1420/1484/1420 1419/1483/1419
f 614/638/614 1421/1485/1421 747/776/747
f 1238/1293/1238 1422/1486/1422 720/745/720
f 746/775/746 1421/1485/1421 1238/1293/1238
f 1423/1487/1423 1424/1488/1424 1425/1489/1425
f 1426/1490/1426 1423/1487/1423 365/373/365
f 1289/1344/1289 1427/1491/1427 1426/1490/1426
f 1154/1202/1154 1428/1492/1428 1150/1198/1150
f 1429/1493/1429 1330/1494/1330 82/1495/82
f 1148/1196/1148 1428/1492/1428 1429/1493/1429
f 1331/1496/1331 1430/1497/1430 86/1498/86
f 1333/1396/1333 1431/1499/1431 1331/1496/1331
f 1040/1081/1040 1431/1499/1431 1432/1500/1432
f 1433/1501/1433 1434/1502/1434 1425/1489/1425
f 1435/1503/1435 1433/1501/1433 1291/1346/1291
f 305/313/305 1436/1504/1436 1435/1503/1435
f 1437/1505/1437 1438/1506/1438 1439/1507/1439
f 224/228/224 1440/1508/1440 1437/1505/1437
f 1441/1509/1441 1440/1508/1440 1442/1510/1442
f 1443/1511/1443 1444/1512/1444 509/525/509
f 120/120/120 1445/1513/1445 1443/1511/1443
f 1441/1509/1441 1445/1513/1445 1446/1514/1446
f 1447/1515/1447 1448/1516/1448 1326/1385/1326
f 1449/1517/1449 1447/1515/1447 321/329/321
f 930/967/930 1450/1518/1450 1449/1517/1449
f 1451/1519/1451 1452/1520/1452 1453/1521/1453
f 395/407/395 1454/1522/1454 1451/1519/1451
f 1455/1523/1455 1454/1522/1454 1456/1524/1456
f 1457/1525/1457 1458/1526/1458 897/930/897
f 1459/1527/1459 1457/1525/1457 758/787/758
f 1460/1528/1460 1461/1529/1461 1459/1527/1459
f 1148/1196/1148 1462/1530/1462 1463/1531/1463
f 1464/1532/1464 1429/1533/1429 82/1534/82
f 1465/1535/1465 1462/1530/1462 1464/1532/1464
f 1430/1536/1430 1466/1537/1466 86/1538/86
f 1040/1081/1040 1467/1539/1467 1430/1536/1430
f 1038/1079/1038 1467/1539/1467 1041/1082/1041
f 1468/1540/1468 1469/1541/1469 194/194/194
f 269/277/269 1468/1540/1468 243/247/243
f 270/278/270 1470/1542/1470 269/277/269
f 1471/1543/1471 1472/1544/1472 1473/1545/1473
f 1474/1546/1474 1475/1547/1475 1471/1543/1471
f 635/659/635 1475/1547/1475 1476/1548/1476
f 1477/1549/1477 1478/1550/1478 727/752/727
f 1479/1551/1479 1477/1549/1477 1480/1552/1480
f 574/594/574 1481/1553/1481 1479/1551/1479
f 1482/1554/1482 954/995/954 958/999/958
f 1385/1449/1385 1483/1555/1483 1482/1554/1482
f 955/996/955 1483/1555/1483 1484/1556/1484
f 1485/1557/1485 1236/1291/1236 1077/1122/1077
f 1486/1558/1486 1485/1557/1485 942/983/942
f 347/355/347 1487/1559/1487 1486/1558/1486
f 976/1017/976 1488/1560/1488 1260/1315/1260
f 1489/1561/1489 1490/1562/1490 807/840/807
f 1260/1315/1260 1489/1561/1489 471/487/471
f 1491/1563/1491 297/1564/297 301/1565/301
f 1124/1171/1124 1492/1566/1492 1491/1563/1491
f 298/1216/298 1492/1566/1492 1167/1218/1167
f 1493/1567/1493 1494/1568/1494 814/847/814
f 696/721/696 1495/1569/1495 1493/1567/1493
f 1496/1570/1496 1495/1569/1495 1497/1571/1497
f 1498/1572/1498 1499/1573/1499 400/412/400
f 341/349/341 1500/1574/1500 1498/1572/1498
f 163/163/163 1500/1574/1500 1501/1575/1501
f 1502/1576/1502 1503/1577/1503 1504/1578/1504
f 364/372/364 1505/1579/1505 1502/1576/1502
f 319/327/319 1505/1579/1505 1506/1580/1506
f 1507/1581/1507 1508/1582/1508 1509/1583/1509
f 273/281/273 1510/1584/1510 100/100/100
f 276/284/276 1508/1582/1508 273/281/273
f 645/670/645 1511/1585/1511 1512/1586/1512
f 1513/1587/1513 1514/1588/1514 1515/1589/1515
f 458/474/458 1511/1585/1511 1513/1587/1513
f 149/149/149 1516/1590/1516 1517/1591/1517
f 1518/1592/1518 1519/1593/1519 1520/1594/1520
f 1521/1595/1521 1516/1590/1516 1518/1592/1518
f 1522/1596/1522 1523/1597/1523 352/360/352
f 1393/1457/1393 1524/1598/1524 1522/1596/1522
f 1520/1594/1520 1524/1598/1524 1525/1599/1525
f 710/735/710 1526/1600/1526 1527/1601/1527
f 1528/1602/1528 1529/1603/1529 289/1604/289
f 1135/1605/1135 1526/1600/1526 1528/1602/1528
f 1530/1606/1530 1518/1592/1518 1520/1594/1520
f 451/467/451 1531/1607/1531 1530/1606/1530
f 1521/1595/1521 1531/1607/1531 1532/1608/1532
f 1533/1609/1533 1534/1610/1534 1535/1611/1535
f 321/329/321 1536/1612/1536 1533/1609/1533
f 1358/1422/1358 1536/1612/1536 1537/1613/1537
f 1538/1614/1538 1539/1615/1539 1540/1616/1540
f 1465/1535/1465 1541/1617/1541 1538/1614/1538
f 1542/1618/1542 1541/1617/1541 1543/1619/1543
f 1544/1620/1544 1545/1621/1545 574/594/574
f 1546/1622/1546 1544/1620/1544 839/872/839
f 1547/1623/1547 1548/1624/1548 1546/1622/1546
f 77/77/77 1549/1625/1549 1550/1626/1550
f 1551/1627/1551 1552/1628/1552 226/230/226
f 1281/1336/1281 1549/1625/1549 1551/1627/1551
f 1553/1629/1553 1554/1630/1554 421/433/421
f 1555/1631/1555 1553/1629/1553 584/604/584
f 785/818/785 1556/1632/1556 1555/1631/1555
f 1465/1535/1465 1557/1633/1557 1543/1619/1543
f 1558/1634/1558 1464/1635/1464 82/1636/82
f 1542/1618/1542 1557/1633/1557 1558/1634/1558
f 1466/1637/1466 1559/1638/1559 86/1639/86
f 1560/1640/1560 1466/1637/1466 1038/1079/1038
f 1342/1405/1342 1561/1641/1561 1560/1640/1560
f 197/197/197 1562/1642/1562 1563/1643/1563
f 1564/1644/1564 1565/1645/1565 1064/1109/1064
f 245/249/245 1562/1642/1562 1564/1644/1564
f 1566/1646/1566 1567/1647/1567 1568/1648/1568
f 1151/1199/1151 1569/1649/1569 1154/1202/1154
f 1153/1201/1153 1567/1647/1567 1151/1199/1151
f 1570/1650/1570 1571/1651/1571 1572/1652/1572
f 1573/1653/1573 1570/1650/1570 1574/1654/1574
f 886/919/886 1575/1655/1575 1573/1653/1573
f 1576/1656/1576 1577/1657/1577 1578/1658/1578
f 1579/1659/1579 1576/1656/1576 992/1033/992
f 446/462/446 1580/1660/1580 1579/1659/1579
f 206/210/206 1581/1661/1581 253/261/253
f 1582/1662/1582 1583/1663/1583 882/915/882
f 254/262/254 1581/1661/1581 1582/1662/1582
f 1584/1664/1584 1585/1665/1585 735/760/735
f 1586/1666/1586 1584/1664/1584 1587/1667/1587
f 774/803/774 1588/1668/1588 1586/1666/1586
f 1542/1618/1542 1589/1669/1589 1590/1670/1590
f 1591/1671/1591 1558/1672/1558 82/1673/82
f 1592/1674/1592 1589/1669/1589 1591/1671/1591
f 1559/1675/1559 1593/1676/1593 86/1677/86
f 1342/1405/1342 1594/1678/1594 1559/1675/1559
f 1060/1105/1060 1594/1678/1594 1595/1679/1595
f 1596/1680/1596 1597/1681/1597 1598/1682/1598
f 1599/1683/1599 1596/1680/1596 1572/1652/1572
f 903/940/903 1600/1684/1600 1599/1683/1599
f 1601/1685/1601 1319/1378/1319 202/204/202
f 944/985/944 1602/1686/1602 1601/1685/1601
f 1321/1380/1321 1602/1686/1602 1603/1687/1603
f 1604/1688/1604 1605/1689/1605 1291/1346/1291
f 1606/1690/1606 1604/1688/1604 233/237/233
f 307/315/307 1607/1691/1607 1606/1690/1606
f 1608/1692/1608 4/4/4 6/6/6
f 1037/1078/1037 1609/1693/1609 1608/1692/1608
f 7/7/7 1609/1693/1609 1610/1694/1610
f 1611/1695/1611 1612/1696/1612 818/851/818
f 839/872/839 1613/1697/1613 1611/1695/1611
f 1480/1552/1480 1613/1697/1613 1614/1698/1614
f 213/217/213 1615/1699/1615 1616/1700/1616
f 1617/1701/1617 1618/1702/1618 332/340/332
f 1104/1151/1104 1615/1699/1615 1617/1701/1617
f 1619/1703/1619 1620/1704/1620 830/863/830
f 1621/1705/1621 1619/1703/1619 138/138/138
f 1622/1706/1622 1623/1707/1623 1621/1705/1621
f 1624/1708/1624 1625/1709/1625 332/340/332
f 1626/1710/1626 1624/1708/1624 49/49/49
f 700/725/700 1627/1711/1627 1626/1710/1626
f 537/553/537 1628/1712/1628 845/878/845
f 1629/1713/1629 1630/1714/1630 824/857/824
f 844/877/844 1628/1712/1628 1629/1713/1629
f 1631/1715/1631 1632/1716/1632 1633/1717/1633
f 1634/1718/1634 1635/1719/1635 546/562/546
f 277/285/277 1632/1716/1632 1634/1718/1634
f 1636/1720/1636 995/1036/995 997/1038/997
f 1321/1380/1321 1637/1721/1637 1636/1720/1636
f 944/985/944 1637/1721/1637 1603/1687/1603
f 1638/1722/1638 1639/1723/1639 657/682/657
f 712/737/712 1640/1724/1640 1638/1722/1638
f 1273/1328/1273 1640/1724/1640 1641/1725/1641
f 1104/1151/1104 1642/1726/1642 1643/1727/1643
f 1644/1728/1644 1645/1729/1645 700/725/700
f 1018/1059/1018 1642/1726/1642 1644/1728/1644
f 318/326/318 1646/1730/1646 1647/1731/1647
f 1648/1732/1648 1649/1733/1649 1650/1734/1650
f 1504/1578/1504 1646/1730/1646 1648/1732/1648
f 1651/1735/1651 1234/1289/1234 347/355/347
f 1652/1736/1652 1651/1735/1651 1520/1594/1520
f 148/148/148 1653/1737/1653 1652/1736/1652
f 1654/1738/1654 1655/1739/1655 276/284/276
f 27/27/27 1656/1740/1656 1654/1738/1654
f 1120/1167/1120 1656/1740/1656 1657/1741/1657
f 865/898/865 1658/1742/1658 1659/1743/1659
f 1660/1744/1660 1661/1745/1661 800/833/800
f 299/307/299 1658/1742/1658 1660/1744/1660
f 1662/1746/1662 1663/1747/1663 1664/1748/1664
f 754/783/754 1665/1749/1665 1662/1746/1662
f 627/651/627 1665/1749/1665 1666/1750/1666
f 1667/1751/1667 1668/1752/1668 750/779/750
f 1669/1753/1669 1667/1751/1667 1670/1754/1670
f 1671/1755/1671 1672/1756/1672 1669/1753/1669
f 1673/1757/1673 1674/1758/1674 1566/1646/1566
f 1199/1252/1199 1675/1759/1675 1673/1757/1673
f 1296/1353/1296 1675/1759/1675 1294/1349/1294
f 1676/1760/1676 1677/1761/1677 1338/1401/1338
f 1678/1762/1678 1676/1760/1676 727/752/727
f 558/574/558 1679/1763/1679 1678/1762/1678
f 1592/1674/1592 1680/1764/1680 1681/1765/1681
f 1682/1766/1682 1591/1767/1591 82/1768/82
f 1681/1765/1681 1682/1766/1682 600/620/600
f 1593/1769/1593 1683/1770/1683 86/1771/86
f 1060/1105/1060 1684/1772/1684 1593/1769/1593
f 1003/1044/1003 1684/1772/1684 1061/1106/1061
f 1685/1773/1685 1686/1774/1686 1338/1401/1338
f 1687/1775/1687 1685/1773/1685 561/577/561
f 1578/1658/1578 1688/1776/1688 1687/1775/1687
f 1689/1777/1689 1187/1238/1187 936/975/936
f 371/379/371 1690/1778/1690 1689/1777/1689
f 1189/1240/1189 1690/1778/1690 1691/1779/1691
f 1692/1780/1692 1693/1781/1693 586/606/586
f 1694/1782/1694 1692/1780/1692 217/221/217
f 590/610/590 1695/1783/1695 1694/1782/1694
f 509/525/509 1696/1784/1696 1697/1785/1697
f 1698/1786/1698 1699/1787/1699 224/228/224
f 1700/1788/1700 1696/1784/1696 1698/1786/1698
f 1701/1789/1701 1702/1790/1702 384/396/384
f 882/915/882 1703/1791/1703 1701/1789/1701
f 791/824/791 1703/1791/1703 1704/1792/1704
f 1705/1793/1705 1706/1794/1706 1327/1386/1327
f 1707/1795/1707 1705/1793/1705 940/981/940
f 1708/1796/1708 1709/1797/1709 1707/1795/1707
f 600/620/600 1710/1798/1710 1711/1799/1711
f 1712/1800/1712 1682/1801/1682 82/1802/82
f 1713/1803/1713 1710/1798/1710 1712/1800/1712
f 1683/1804/1683 1714/1805/1714 86/1806/86
f 1003/1044/1003 1715/1807/1715 1683/1804/1683
f 888/921/888 1715/1807/1715 1005/1046/1005
f 1327/1386/1327 1716/1808/1716 1717/1809/1717
f 1718/1810/1718 1719/1811/1719 930/967/930
f 1720/1812/1720 1716/1808/1716 1718/1810/1718
f 1721/1813/1721 598/618/598 600/620/600
f 1177/1228/1177 1722/1814/1722 1721/1813/1721
f 601/621/601 1722/1814/1722 1178/1229/1178
f 1723/1815/1723 1724/1816/1724 1725/1817/1725
f 951/992/951 1723/1815/1723 684/709/684
f 420/432/420 1726/1818/1726 951/992/951
f 1727/1819/1727 1728/1820/1728 816/849/816
f 353/361/353 1729/1821/1729 1727/1819/1727
f 910/947/910 1729/1821/1729 912/949/912
f 1730/1822/1730 1731/1823/1731 1732/1824/1732
f 1733/1825/1733 1734/1826/1734 1214/1269/1214
f 865/898/865 1731/1823/1731 1733/1825/1733
f 1735/1827/1735 649/674/649 651/676/651
f 165/165/165 1736/1828/1736 1735/1827/1735
f 524/540/524 1736/1828/1736 1737/1829/1737
f 1738/1830/1738 1739/1831/1739 1740/1832/1740
f 1741/1833/1741 1742/1834/1742 646/671/646
f 522/538/522 1739/1831/1739 1741/1833/1741
f 1743/1835/1743 1744/1836/1744 645/670/645
f 461/477/461 1745/1837/1745 1743/1835/1743
f 1746/1838/1746 1745/1837/1745 1747/1839/1747
f 329/337/329 1748/1840/1748 1218/1273/1218
f 1749/1841/1749 1750/1842/1750 868/901/868
f 1216/1271/1216 1748/1840/1748 1749/1841/1749
f 1751/1843/1751 1752/1844/1752 829/862/829
f 1753/1845/1753 1751/1843/1751 268/276/268
f 138/138/138 1754/1846/1754 1753/1845/1753
f 1664/1748/1664 1755/1847/1755 1756/1848/1756
f 1757/1849/1757 1758/1850/1758 1184/1235/1184
f 857/890/857 1755/1847/1755 1757/1849/1757
f 1759/1851/1759 1760/1852/1760 620/644/620
f 1761/1853/1761 1759/1851/1759 1001/1042/1001
f 1762/1854/1762 1763/1855/1763 1761/1853/1761
f 1764/1856/1764 1765/1857/1765 1766/1858/1766
f 1767/1859/1767 1764/1856/1764 34/34/34
f 1082/1127/1082 1768/1860/1768 1767/1859/1767
f 1769/1861/1769 1770/1862/1770 29/29/29
f 874/907/874 1769/1861/1769 466/482/466
f 872/905/872 1771/1863/1771 874/907/874
f 1772/1864/1772 1629/1713/1629 824/857/824
f 1773/1865/1773 1774/1866/1774 1772/1864/1772
f 844/877/844 1774/1866/1774 1775/1867/1775
f 1776/1868/1776 1777/1869/1777 1766/1858/1766
f 1778/1870/1778 1779/1871/1779 1776/1868/1776
f 809/842/809 1779/1871/1779 1780/1872/1780
f 1781/1873/1781 1782/1874/1782 675/700/675
f 1216/1271/1216 1783/1875/1783 1781/1873/1781
f 1784/1876/1784 1783/1875/1783 1785/1877/1785
f 1786/1878/1786 1787/1879/1787 435/451/435
f 1788/1880/1788 1786/1878/1786 1671/1755/1671
f 48/48/48 1789/1881/1789 1788/1880/1788
f 1790/1882/1790 1791/1883/1791 566/584/566
f 1140/1188/1140 1792/1884/1792 1790/1882/1790
f 579/599/579 1792/1884/1792 1793/1885/1793
f 1794/1886/1794 1795/1887/1795 96/96/96
f 1796/1888/1796 1794/1886/1794 127/127/127
f 256/264/256 1797/1889/1797 1796/1888/1796
f 1713/1803/1713 1798/1890/1798 1799/1891/1799
f 1800/1892/1800 1712/1893/1712 82/1894/82
f 1473/1545/1473 1798/1890/1798 1800/1892/1800
f 1714/1895/1714 1801/1896/1801 86/1897/86
f 888/921/888 1802/1898/1802 1714/1895/1714
f 409/421/409 1802/1898/1802 890/923/890
f 1803/1899/1803 1804/1900/1804 1194/1245/1194
f 1805/1901/1805 1803/1899/1803 1578/1658/1578
f 444/460/444 1806/1902/1806 1805/1901/1805
f 1807/1903/1807 1808/1904/1808 1713/1803/1713
f 635/659/635 1809/1905/1809 1807/1903/1807
f 1177/1228/1177 1809/1905/1809 1810/1906/1810
f 1811/1907/1811 1812/1908/1812 1183/1234/1183
f 1813/1909/1813 1811/1907/1811 877/910/877
f 115/115/115 1814/1910/1814 1813/1909/1813
f 1131/1178/1131 1815/1911/1815 1816/1912/1816
f 1817/1913/1817 1818/1914/1818 601/621/601
f 484/500/484 1815/1911/1815 1817/1913/1817
f 477/493/477 1819/1915/1819 1820/1916/1820
f 1821/1917/1821 1822/1918/1822 548/564/548
f 1631/1715/1631 1819/1915/1819 1821/1917/1821
f 1823/1919/1823 1824/1920/1824 1825/1921/1825
f 1826/1922/1826 1827/1923/1827 802/835/802
f 976/1017/976 1824/1920/1824 1826/1922/1826
f 1800/1924/1800 1828/1925/1828 1473/1545/1473
f 1829/1926/1829 1800/1924/1800 82/1927/82
f 1830/1928/1830 1831/1929/1831 1829/1926/1829
f 1801/1930/1801 1832/1931/1832 86/1932/86
f 409/421/409 1833/1933/1833 1801/1930/1801
f 415/427/415 1833/1933/1833 411/423/411
f 1834/1934/1834 1835/1935/1835 261/1936/261
f 1836/1937/1836 1834/1934/1834 1837/1938/1837
f 1045/1939/1045 1838/1940/1838 1836/1937/1836
f 1385/1449/1385 1839/1941/1839 1484/1556/1484
f 1840/1942/1840 1841/1943/1841 1465/1535/1465
f 955/996/955 1839/1941/1839 1840/1942/1840
f 1842/1944/1842 1843/1945/1843 1045/1939/1045
f 1844/1946/1844 1842/1944/1842 1845/1947/1845
f 799/1948/799 1846/1949/1846 1844/1946/1844
f 956/997/956 1847/1950/1847 1848/1951/1848
f 1849/1952/1849 1850/1953/1850 595/615/595
f 1131/1178/1131 1847/1950/1847 1849/1952/1849
f 299/307/299 1851/1954/1851 302/310/302
f 1852/1955/1852 1853/1956/1853 799/832/799
f 301/309/301 1851/1954/1851 1852/1955/1852
f 1854/1957/1854 1855/1958/1855 1386/1450/1386
f 1650/1734/1650 1856/1959/1856 1854/1957/1854
f 1113/1160/1113 1856/1959/1856 1857/1960/1857
f 1393/1457/1393 1858/1961/1858 1859/1962/1859
f 336/344/336 1860/1963/1860 337/345/337
f 339/347/339 1858/1961/1858 336/344/336
f 1861/1964/1861 1862/1965/1862 1126/1173/1126
f 1863/1966/1863 1861/1964/1861 1864/1967/1864
f 671/696/671 1865/1968/1865 1863/1966/1863
f 1866/1969/1866 1867/1970/1867 1507/1581/1507
f 1120/1167/1120 1868/1971/1868 1866/1969/1866
f 287/295/287 1868/1971/1868 1869/1972/1869
f 1870/1973/1870 1871/1974/1871 516/532/516
f 1872/1975/1872 1870/1973/1870 1001/1042/1001
f 477/493/477 1873/1976/1873 1872/1975/1872
f 465/481/465 1874/1977/1874 1875/1978/1875
f 495/511/495 1876/1979/1876 496/512/496
f 1875/1978/1875 495/511/495 499/515/499
f 1877/1980/1877 1878/1981/1878 115/115/115
f 1879/1982/1879 1877/1980/1877 535/551/535
f 737/762/737 1880/1983/1880 1879/1982/1879
f 69/69/69 1881/1984/1881 1882/1985/1882
f 1883/1986/1883 1884/1987/1884 177/177/177
f 1885/1988/1885 1881/1984/1881 1883/1986/1883
f 1886/1989/1886 1887/1990/1887 261/1936/261
f 1888/1991/1888 1886/1989/1886 404/416/404
f 1192/1243/1192 1889/1992/1889 1888/1991/1888
f 1890/1993/1890 1891/1994/1891 283/291/283
f 1892/1995/1892 1893/1996/1893 1890/1993/1890
f 970/1011/970 1893/1996/1893 1894/1997/1894
f 1895/1998/1895 1896/1999/1896 1175/1226/1175
f 862/895/862 1897/2000/1897 1895/1998/1895
f 485/501/485 1897/2000/1897 1898/2001/1898
f 301/1565/301 1899/2002/1899 1900/2003/1900
f 1901/2004/1901 1902/2005/1902 1845/1947/1845
f 922/959/922 1899/2002/1899 1901/2004/1901
f 882/915/882 1903/2006/1903 1704/1792/1704
f 1103/1150/1103 1904/2007/1904 1104/1151/1104
f 1704/1792/1704 1103/1150/1103 791/824/791
f 1905/2008/1905 1906/2009/1906 1460/1528/1460
f 761/790/761 1907/2010/1907 1905/2008/1905
f 1670/1754/1670 1907/2010/1907 1908/2011/1908
f 426/440/426 1909/2012/1909 577/597/577
f 566/584/566 1909/2012/1909 564/580/564
f 577/597/577 1791/1883/1791 579/599/579
f 1910/2013/1910 1911/2014/1911 246/250/246
f 1912/2015/1912 1910/2013/1910 606/626/606
f 433/449/433 1913/2016/1913 1912/2015/1912
f 1830/2017/1830 1914/2018/1914 1915/2019/1915
f 1916/2020/1916 1829/2021/1829 82/2022/82
f 1915/2019/1915 1916/2020/1916 99/99/99
f 1832/2023/1832 1917/2024/1917 86/2025/86
f 415/2026/415 1918/2027/1918 1832/2023/1832
f 63/63/63 1918/2027/1918 1919/2028/1919
f 1920/2029/1920 1564/1644/1564 1064/1109/1064
f 606/626/606 1921/2030/1921 1920/2029/1920
f 1564/1644/1564 1922/2031/1922 245/249/245
f 1923/2032/1923 5/5/5 1/1/1
f 527/543/527 1924/2033/1924 1923/2032/1923
f 6/6/6 1924/2033/1924 529/545/529
f 1925/2034/1925 1926/2035/1926 1927/2036/1927
f 1928/2037/1928 1925/2034/1925 282/290/282
f 546/562/546 1929/2038/1929 1928/2037/1928
f 1930/2039/1930 1931/2040/1931 651/676/651
f 1184/1235/1184 1932/2041/1932 1930/2039/1930
f 1189/1240/1189 1932/2041/1932 1186/1237/1186
f 1933/2042/1933 1934/2043/1934 525/541/525
f 1935/2044/1935 1933/2042/1933 1936/2045/1936
f 684/709/684 1937/2046/1937 1935/2044/1935
f 1938/2047/1938 1785/1877/1785 1216/1271/1216
f 1939/2048/1939 1938/2047/1938 866/899/866
f 1784/1876/1784 1940/2049/1940 1939/2048/1939
f 1941/2050/1941 1942/2051/1942 639/664/639
f 1746/1838/1746 1943/2052/1943 1941/2050/1941
f 1402/1466/1402 1943/2052/1943 1944/2053/1944
f 1945/2054/1945 1946/2055/1946 1192/1243/1192
f 1947/2056/1947 1945/2054/1945 444/460/444
f 1837/1938/1837 1948/2057/1948 1947/2056/1947
f 1474/2058/1474 1949/2059/1949 1950/2060/1950
f 98/98/98 1951/2061/1951 99/99/99
f 102/102/102 1949/2059/1949 98/98/98
f 1952/2062/1952 1953/2063/1953 184/184/184
f 1954/2064/1954 1952/2062/1952 1273/1328/1273
f 95/95/95 1955/2065/1955 1954/2064/1954
f 1343/1406/1343 1956/2066/1956 1345/1408/1345
f 450/466/450 1957/2067/1957 451/467/451
f 454/470/454 1956/2066/1956 450/466/450
f 1958/2068/1958 1959/2069/1959 49/49/49
f 1960/2070/1960 1958/2068/1958 1671/1755/1671
f 660/685/660 1961/2071/1961 1960/2070/1960
f 542/558/542 1962/2072/1962 539/555/539
f 1963/2073/1963 1964/2074/1964 459/475/459
f 537/553/537 1962/2072/1962 1963/2073/1963
f 169/169/169 1965/2075/1965 1966/2076/1966
f 1967/2077/1967 1968/2078/1968 985/1026/985
f 106/106/106 1965/2075/1965 1967/2077/1967
f 1504/1578/1504 1969/2079/1969 1970/2080/1970
f 1862/1965/1862 1971/2081/1971 1126/1173/1126
f 1970/2080/1970 1862/1965/1862 671/696/671
f 1972/2082/1972 1973/2083/1973 1700/1788/1700
f 1823/1919/1823 1974/2084/1974 1972/2082/1972
f 510/526/510 1974/2084/1974 1975/2085/1975
f 660/685/660 1976/2086/1976 1977/2087/1977
f 1978/2088/1978 1979/2089/1979 1670/1754/1670
f 1024/1065/1024 1976/2086/1976 1978/2088/1978
f 223/227/223 1980/2090/1980 1981/2091/1981
f 1982/2092/1982 1983/2093/1983 235/239/235
f 802/835/802 1980/2090/1980 1982/2092/1982
f 1984/2094/1984 1985/2095/1985 407/419/407
f 1986/2096/1986 1984/2094/1984 963/1004/963
f 721/746/721 1987/2097/1987 1986/2096/1986
f 1988/2098/1988 412/2099/412 414/2100/414
f 63/63/63 1989/2101/1989 1988/2098/1988
f 415/2026/415 1989/2101/1989 1919/2028/1919
f 1990/2102/1990 1706/1794/1706 1708/1796/1708
f 1092/1139/1092 1991/2103/1991 1990/2102/1990
f 1327/1386/1327 1991/2103/1991 1323/1382/1323
f 1916/2104/1916 1992/2105/1992 99/99/99
f 1993/2106/1993 1916/2104/1916 82/2107/82
f 1992/2105/1992 1993/2106/1993 438/454/438
f 1917/2108/1917 1994/2109/1994 86/2110/86
f 63/63/63 1995/2111/1995 1917/2108/1917
f 1994/2109/1994 65/65/65 69/69/69
f 175/175/175 1996/2112/1996 1997/2113/1997
f 1998/2114/1998 1999/2115/1999 1402/1466/1402
f 38/38/38 1996/2112/1996 1998/2114/1998
f 2000/2116/2000 1497/1571/1497 696/721/696
f 2001/2117/2001 2000/2116/2000 759/788/759
f 1496/1570/1496 2002/2118/2002 2001/2117/2001
f 2003/2119/2003 1931/2040/1931 1189/1240/1189
f 162/162/162 2004/2120/2004 2003/2119/2003
f 651/676/651 2004/2120/2004 2005/2121/2005
f 2006/2122/2006 2007/2123/2007 75/75/75
f 2008/2124/2008 2006/2122/2006 1214/1269/1214
f 231/235/231 2009/2125/2009 2008/2124/2008
f 1342/1405/1342 2010/2126/2010 1595/1679/1595
f 1058/1103/1058 2011/2127/2011 452/468/452
f 1060/1105/1060 2010/2126/2010 1058/1103/1058
f 2012/2128/2012 1469/1541/1469 270/278/270
f 2013/2129/2013 2012/2128/2012 908/945/908
f 194/194/194 2014/2130/2014 2013/2129/2013
f 438/454/438 2015/2131/2015 2016/2132/2016
f 2017/2133/2017 1993/2134/1993 82/2135/82
f 121/121/121 2015/2131/2015 2017/2133/2017
f 1994/2136/1994 2018/2137/2018 86/2138/86
f 69/69/69 2019/2139/2019 1994/2136/1994
f 1885/1988/1885 2019/2139/2019 1882/1985/1882
f 2020/2140/2020 2021/2141/2021 421/433/421
f 2022/2142/2022 2020/2140/2020 545/561/545
f 619/643/619 2023/2143/2023 2022/2142/2022
f 2024/2144/2024 2025/2145/2025 390/402/390
f 41/41/41 2026/2146/2026 2024/2144/2024
f 39/39/39 2026/2146/2026 42/42/42
f 2027/2147/2027 2028/2148/2028 1837/1938/1837
f 2029/2149/2029 2027/2147/2027 447/463/447
f 1845/1947/1845 2030/2150/2030 2029/2149/2029
f 2031/2151/2031 634/658/634 637/662/637
f 1177/1228/1177 2032/2152/2032 2031/2151/2031
f 635/659/635 2032/2152/2032 1810/1906/1810
f 2033/2153/2033 2034/2154/2034 22/22/22
f 963/1004/963 2035/2155/2035 2033/2153/2033
f 406/418/406 2035/2155/2035 2036/2156/2036
f 707/732/707 2037/2157/2037 2038/2158/2038
f 2039/2159/2039 2040/2160/2040 1404/1468/1404
f 175/175/175 2037/2157/2037 2039/2159/2039
f 2041/2161/2041 2042/2162/2042 927/964/927
f 1404/1468/1404 2043/2163/2043 2041/2161/2041
f 706/731/706 2043/2163/2043 2044/2164/2044
f 2045/2165/2045 2046/2166/2046 1738/1830/1738
f 1083/1128/1083 2045/2165/2045 1082/1127/1082
f 852/885/852 2047/2167/2047 1083/1128/1083
f 2048/2168/2048 2049/2169/2049 2050/2170/2050
f 177/177/177 2051/2171/2051 2048/2168/2048
f 41/41/41 2051/2171/2051 178/178/178
f 2052/2172/2052 736/761/736 737/762/737
f 2053/2173/2053 2052/2172/2052 809/842/809
f 738/763/738 2054/2174/2054 2053/2173/2053
f 2055/2175/2055 311/319/311 314/322/314
f 680/2176/680 2056/2177/2056 2055/2175/2055
f 312/320/312 2056/2177/2056 2057/2178/2057
f 2058/2179/2058 2059/2180/2059 1864/1967/1864
f 183/183/183 2060/2181/2060 2058/2179/2058
f 672/697/672 2060/2181/2060 2061/2182/2061
f 38/38/38 2062/2183/2062 2063/2184/2063
f 2064/2185/2064 2065/2186/2065 1746/1838/1746
f 1068/1113/1068 2062/2183/2062 2064/2185/2064
f 2066/2187/2066 2067/2188/2067 1631/1715/1631
f 1368/1432/1368 2068/2189/2068 2066/2187/2066
f 478/494/478 2068/2189/2068 2069/2190/2069
f 2070/2191/2070 1621/1705/1621 138/138/138
f 212/216/212 2071/2192/2071 2070/2191/2070
f 1622/1706/1622 2071/2192/2071 2072/2193/2072
f 358/366/358 2073/2194/2073 2074/2195/2074
f 2075/2196/2075 2076/2197/2076 478/494/478
f 1030/1071/1030 2073/2194/2073 2075/2196/2075
f 337/345/337 2077/2198/2077 2078/2199/2078
f 2079/2200/2079 2080/2201/2080 231/235/231
f 1730/1822/1730 2077/2198/2077 2079/2200/2079
f 2081/2202/2081 2082/2203/2082 1474/2058/1474
f 1507/1581/1507 2083/2204/2083 2081/2202/2081
f 286/294/286 2083/2204/2083 2084/2205/2084
f 2085/2206/2085 2086/2207/2086 738/763/738
f 2087/2208/2087 2085/2206/2085 1778/1870/1778
f 1587/1667/1587 2088/2209/2088 2087/2208/2087
f 429/445/429 2089/2210/2089 570/590/570
f 2090/2211/2090 2091/2212/2091 1096/1143/1096
f 569/589/569 2089/2210/2089 2090/2211/2090
f 2092/2213/2092 2093/2214/2093 1720/1812/1720
f 2094/2215/2094 2092/2213/2092 305/313/305
f 940/981/940 2095/2216/2095 2094/2215/2094
f 2017/2217/2017 124/124/124 121/121/121
f 2096/2218/2096 2017/2217/2017 82/2219/82
f 124/124/124 2096/2218/2096 123/123/123
f 2018/2220/2018 2097/2221/2097 86/2222/86
f 1885/1988/1885 2098/2223/2098 2018/2220/2018
f 2050/2170/2050 2098/2223/2098 2099/2224/2099
f 2100/2225/2100 2101/2226/2101 1720/1812/1720
f 2102/2227/2102 2100/2225/2100 362/370/362
f 1425/1489/1425 2103/2228/2103 2102/2227/2102
f 2104/2229/2104 2105/2230/2105 1013/1054/1013
f 1480/1552/1480 2106/2231/2106 2104/2229/2104
f 726/751/726 2106/2231/2106 2107/2232/2107
f 2108/2233/2108 842/875/842 844/877/844
f 1350/1414/1350 2109/2234/2109 2108/2233/2108
f 264/272/264 2109/2234/2109 2110/2235/2110
f 2111/2236/2111 2112/2237/2112 561/577/561
f 644/669/644 2113/2238/2113 2111/2236/2111
f 992/1033/992 2113/2238/2113 2114/2239/2114
f 2115/2240/2115 1438/1506/1438 1441/1509/1441
f 123/123/123 2116/2241/2116 2115/2240/2115
f 1439/1507/1439 2116/2241/2116 2117/2242/2117
f 2118/2243/2118 2119/2244/2119 785/818/785
f 2120/2245/2120 2118/2243/2118 1927/2036/1927
f 545/561/545 2121/2246/2121 2120/2245/2120
f 123/123/123 2122/2247/2122 2117/2242/2117
f 2123/2248/2123 2096/2249/2096 82/2250/82
f 1439/1507/1439 2122/2247/2122 2123/2248/2123
f 2097/2251/2097 2124/2252/2124 86/2253/86
f 2125/2254/2125 2097/2251/2097 2050/2170/2050
f 390/402/390 2126/2255/2126 2125/2254/2125
f 2127/2256/2127 2128/2257/2128 735/760/735
f 2129/2258/2129 2127/2256/2127 2130/2259/2130
f 758/787/758 2131/2260/2131 2129/2258/2129
f 2132/2261/2132 1539/1615/1539 1542/1618/1542
f 595/615/595 2133/2262/2133 2132/2261/2132
f 1540/1616/1540 2133/2262/2133 2134/2263/2134
f 2135/2264/2135 2136/2265/2136 1547/1623/1547
f 2137/2266/2137 2135/2264/2135 838/871/838
f 1572/1652/1572 2138/2267/2138 2137/2266/2137
f 769/798/769 2139/2268/2139 2140/2269/2140
f 1923/2032/1923 2141/2270/2141 527/543/527
f 1/1/1 2139/2268/2139 1923/2032/1923
f 2142/2271/2142 2143/2272/2143 291/299/291
f 219/223/219 2144/2273/2144 2142/2271/2142
f 1936/2045/1936 2144/2273/2144 2145/2274/2145
f 18/18/18 2146/2275/2146 2147/2276/2147
f 2148/2277/2148 2149/2278/2149 697/722/697
f 719/744/719 2146/2275/2146 2148/2277/2148
f 1135/1182/1135 2150/2279/2150 2151/2280/2151
f 2152/2281/2152 2153/2282/2153 287/295/287
f 503/519/503 2150/2279/2150 2152/2281/2152
f 1864/1967/1864 2154/2283/2154 2155/2284/2155
f 2156/2285/2156 2157/2286/2157 487/503/487
f 652/677/652 2154/2283/2154 2156/2285/2156
f 1784/1876/1784 2158/2287/2158 2159/2288/2159
f 2160/2289/2160 2161/2290/2161 298/306/298
f 680/705/680 2158/2287/2158 2160/2289/2160
f 2162/2291/2162 2163/2292/2163 560/576/560
f 2164/2293/2164 2162/2291/2162 1515/1589/1515
f 644/669/644 2165/2294/2165 2164/2293/2164
f 2166/2295/2166 2167/2296/2167 323/331/323
f 1221/1276/1221 2168/2297/2168 2166/2295/2166
f 452/468/452 2168/2297/2168 2169/2298/2169
f 2170/2299/2170 2171/2300/2171 1496/1570/1496
f 2172/2301/2172 2170/2299/2170 1762/1854/1762
f 516/532/516 2173/2302/2173 2172/2301/2172
f 2174/2303/2174 1228/1283/1228 1142/1190/1142
f 1082/1127/1082 2175/2304/2175 2174/2303/2174
f 34/34/34 2175/2304/2175 1767/1859/1767
f 2176/2305/2176 2171/2300/2171 516/532/516
f 1494/1568/1494 2176/2305/2176 814/847/814
f 1496/1570/1496 2177/2306/2177 1494/1568/1494
f 2178/2307/2178 2179/2308/2179 1730/1822/1730
f 868/901/868 2180/2309/2180 2178/2307/2178
f 328/336/328 2180/2309/2180 2181/2310/2181
f 1068/1113/1068 2182/2311/2182 1070/1115/1070
f 2183/2312/2183 2184/2313/2184 461/477/461
f 542/558/542 2182/2311/2182 2183/2312/2183
f 2185/2314/2185 2186/2315/2186 1738/1830/1738
f 685/710/685 2187/2316/2187 2185/2314/2185
f 1778/1870/1778 2187/2316/2187 2188/2317/2188
f 2189/2318/2189 717/742/717 719/744/719
f 910/947/910 2190/2319/2190 2189/2318/2189
f 720/745/720 2190/2319/2190 2191/2320/2191
f 2192/2321/2192 2193/2322/2193 2130/2259/2130
f 1762/1854/1762 2194/2323/2194 2192/2321/2192
f 759/788/759 2194/2323/2194 2195/2324/2195
f 1052/1097/1052 2196/2325/2196 1087/1134/1087
f 2197/2326/2197 2198/2327/2198 763/792/763
f 1086/1133/1086 2196/2325/2196 2197/2326/2197
f 2199/2328/2199 2200/2329/2200 787/820/787
f 2201/2330/2201 2199/2328/2199 1159/1207/1159
f 1927/2036/1927 2202/2331/2202 2201/2330/2201
f 1439/1507/1439 2203/2332/2203 2204/2333/2204
f 2205/2334/2205 2123/2335/2123 82/2336/82
f 1286/1341/1286 2203/2332/2203 2205/2334/2205
f 2124/2337/2124 2206/2338/2206 86/2339/86
f 392/404/392 2124/2337/2124 390/402/390
f 396/408/396 2207/2340/2207 392/404/392
f 2208/2341/2208 2209/2342/2209 787/820/787
f 2210/2343/2210 2208/2341/2208 590/610/590
f 1090/1137/1090 2211/2344/2211 2210/2343/2210
f 2212/2345/2212 1036/1077/1036 1040/1081/1040
f 7/7/7 2213/2346/2213 2212/2345/2212
f 1037/1078/1037 2213/2346/2213 1610/1694/1610
f 2214/2347/2214 1415/1479/1415 21/21/21
f 714/739/714 2215/2348/2215 2214/2347/2214
f 1415/1479/1415 1098/1145/1098 1096/1143/1096
f 2216/2349/2216 2217/2350/2217 1708/1796/1708
f 2218/2351/2218 2216/2349/2216 942/983/942
f 1076/1121/1076 2219/2352/2219 2218/2351/2218
f 1/1/1 2220/2353/2220 2140/2269/2140
f 1209/1264/1209 2221/2354/2221 1202/1257/1202
f 769/798/769 2220/2353/2220 1209/1264/1209
f 2222/2355/2222 2223/2356/2223 1598/1682/1598
f 2224/2357/2224 2222/2355/2222 2225/2358/2225
f 2226/2359/2226 2227/2360/2227 2224/2357/2224
f 1286/1341/1286 2228/2361/2228 1283/1338/1283
f 2229/2362/2229 2205/2363/2205 82/2364/82
f 1281/1336/1281 2228/2361/2228 2229/2362/2229
f 2206/2365/2206 2230/2366/2230 86/2367/86
f 396/408/396 2231/2368/2231 2206/2365/2206
f 1453/1521/1453 2231/2368/2231 2232/2369/2232
f 2233/2370/2233 2234/2371/2234 1725/1817/1725
f 1586/1666/1586 2233/2370/2233 774/803/774
f 1587/1667/1587 2235/2372/2235 1586/1666/1586
f 628/652/628 2236/2373/2236 777/806/777
f 753/782/753 2237/2374/2237 754/783/754
f 743/770/743 2236/2373/2236 753/782/753
f 2238/2375/2238 2239/2376/2239 2226/2359/2226
f 2240/2377/2240 2238/2375/2238 10/10/10
f 1515/1589/1515 2241/2378/2241 2240/2377/2240
f 497/513/497 2242/2379/2242 2243/2380/2243
f 1139/1187/1139 2244/2381/2244 1140/1188/1140
f 1142/1190/1142 2242/2379/2242 1139/1187/1139
f 458/474/458 2245/2382/2245 2246/2383/2246
f 9/9/9 2247/2384/2247 10/10/10
f 13/13/13 2245/2382/2245 9/9/9
f 1650/1734/1650 2248/2385/2248 2249/2386/2249
f 2250/2387/2250 2251/2388/2251 956/997/956
f 1126/1173/1126 2248/2385/2248 2250/2387/2250
f 1266/1321/1266 2252/2389/2252 2253/2390/2253
f 2254/2391/2254 2255/2392/2255 832/865/832
f 2253/2390/2253 2254/2391/2254 1535/1611/1535
f 2256/2393/2256 2257/2394/2257 1071/1116/1071
f 2258/2395/2258 2256/2393/2256 532/548/532
f 1892/1995/1892 2259/2396/2259 2258/2395/2258
f 2260/2397/2260 2261/2398/2261 637/662/637
f 289/1604/289 2262/2399/2262 2260/2397/2260
f 862/895/862 2262/2399/2262 2263/2400/2263
f 2264/2401/2264 2265/2402/2265 1574/1654/1574
f 1250/1305/1250 2264/2401/2264 1251/1306/1251
f 850/883/850 2266/2403/2266 1250/1305/1250
f 823/856/823 2267/2404/2267 2268/2405/2268
f 2269/2406/2269 2270/2407/2270 1823/1919/1823
f 971/1012/971 2267/2404/2267 2269/2406/2269
f 1037/1078/1037 2271/2408/2271 2272/2409/2272
f 2273/2410/2273 2274/2411/2274 1521/1595/1521
f 1343/1406/1343 2271/2408/2271 2273/2410/2273
f 2275/2412/2275 1489/1561/1489 807/840/807
f 473/489/473 2276/2413/2276 2275/2412/2275
f 471/487/471 2276/2413/2276 474/490/474
f 1773/1865/1773 2277/2414/2277 2278/2415/2278
f 2279/2416/2279 2280/2417/2280 1622/1706/1622
f 207/211/207 2277/2414/2277 2279/2416/2279
f 2281/2418/2281 968/1009/968 970/1011/970
f 527/543/527 2282/2419/2282 2281/2418/2281
f 768/797/768 2282/2419/2282 2283/2420/2283
f 2284/2421/2284 2285/2422/2285 1574/1654/1574
f 971/1012/971 2286/2423/2286 2284/2421/2284
f 977/1018/977 2286/2423/2286 973/1014/973
f 2287/2424/2287 2288/2425/2288 1566/1646/1566
f 1112/1159/1112 2289/2426/2289 2287/2424/2287
f 53/53/53 2289/2426/2289 2290/2427/2290
f 2291/2428/2291 2234/2371/2234 1587/1667/1587
f 2292/2429/2292 2291/2428/2291 685/710/685
f 1725/1817/1725 2293/2430/2293 2292/2429/2292
f 2294/2431/2294 2295/2432/2295 1/1/1
f 1333/1396/1333 2296/2433/2296 2294/2431/2294
f 1299/1358/1299 2296/2433/2296 1334/1397/1334
f 2297/2434/2297 2298/2435/2298 116/116/116
f 2299/2436/2299 2297/2434/2297 1460/1528/1460
f 750/779/750 2300/2437/2300 2299/2436/2299
f 1281/1336/1281 2301/2438/2301 1550/1626/1550
f 81/2439/81 2229/2440/2229 82/2441/82
f 1550/1626/1550 81/2439/81 77/77/77
f 2230/2442/2230 84/2443/84 86/2444/86
f 1453/1521/1453 2302/2445/2302 2230/2442/2230
f 87/87/87 2302/2445/2302 2303/2446/2303
f 2304/2447/2304 2305/2448/2305 903/940/903
f 2306/2449/2306 2304/2447/2304 917/954/917
f 2225/2358/2225 2307/2450/2307 2306/2449/2306
f 2308/2451/2308 2309/2452/2309 1350/1414/1350
f 206/210/206 2310/2453/2310 2308/2451/2308
f 89/89/89 2310/2453/2310 205/209/205
f 2311/2454/2311 2312/2455/2312 2225/2358/2225
f 2313/2456/2313 2311/2454/2311 1307/1366/1307
f 10/10/10 2314/2457/2314 2313/2456/2313
f 2315/2458/2315 1452/1520/1452 1455/1523/1455
f 87/87/87 2316/2459/2316 2315/2458/2315
f 1453/1521/1453 2316/2459/2316 2303/2446/2303
f 46/46/46 1958/2068/1958 49/49/49
f 48/48/48 2317/2460/2317 46/46/46
f 1671/1755/1671 2317/2460/2317 1788/1880/1788
f 451/467/451 2318/2461/2318 449/465/449
f 323/331/323 2318/2461/2318 1395/1459/1395
f 449/465/449 2167/2296/2167 452/468/452
f 2319/2462/2319 345/353/345 341/349/341
f 56/56/56 2319/2462/2319 55/55/55
f 53/53/53 2320/2463/2320 56/56/56
f 1/1/1 2321/2464/2321 2294/2431/2294
f 7/7/7 2321/2464/2321 3/3/3
f 2294/2431/2294 2322/2465/2322 1333/1396/1333
f 1566/1646/1566 2323/2466/2323 2287/2424/2287
f 1153/1201/1153 2323/2466/2323 1568/1648/1568
f 2287/2424/2287 2324/2467/2324 1112/1159/1112
f 1411/1475/1411 1075/1120/1075 1071/1116/1071
f 1242/1297/1242 2325/2468/2325 1411/1475/1411
f 1076/1121/1076 2325/2468/2325 1379/1443/1379
f 2326/2469/2326 2251/2388/2251 1650/1734/1650
f 958/999/958 2327/2470/2327 2326/2469/2326
f 956/997/956 2327/2470/2327 959/1000/959
f 2328/2471/2328 582/602/582 584/604/584
f 2145/2274/2145 2328/2471/2328 1936/2045/1936
f 219/223/219 2329/2472/2329 2145/2274/2145
f 625/649/625 2237/2374/2237 628/652/628
f 627/651/627 2330/2473/2330 625/649/625
f 754/783/754 2330/2473/2330 1666/1750/1666
f 655/680/655 861/894/861 657/682/657
f 485/501/485 2331/2474/2331 655/680/655
f 862/895/862 2331/2474/2331 1898/2001/1898
f 499/515/499 2332/2475/2332 870/903/870
f 2333/2476/2333 500/516/500 497/513/497
f 870/903/870 2333/2476/2333 872/905/872
f 2333/2476/2333 1229/1284/1229 872/905/872
f 497/513/497 2334/2477/2334 2333/2476/2333
f 1142/1190/1142 2334/2477/2334 2243/2380/2243
f 2335/2478/2335 1552/1628/1552 77/77/77
f 235/239/235 2336/2479/2336 2335/2478/2335
f 226/230/226 2336/2479/2336 2337/2480/2337
f 882/915/882 2338/2481/2338 880/913/880
f 1355/1419/1355 2338/2481/2338 2339/2482/2339
f 880/913/880 1353/1417/1353 207/211/207
f 258/266/258 1042/1083/1042 256/264/256
f 261/269/261 2340/2483/2340 258/266/258
f 1042/1083/1042 1835/2484/1835 1045/1086/1045
f 35/35/35 2341/2485/2341 808/841/808
f 1766/1858/1766 2341/2485/2341 2342/2486/2342
f 808/841/808 1777/1869/1777 809/842/809
f 855/888/855 650/675/650 646/671/646
f 857/890/857 2343/2487/2343 855/888/855
f 651/676/651 2343/2487/2343 2344/2488/2344
f 931/968/931 360/368/360 362/370/362
f 319/327/319 2345/2489/2345 931/968/931
f 360/368/360 1506/1580/1506 364/372/364
f 1251/1306/1251 2346/2490/2346 1257/1312/1257
f 977/1018/977 2346/2490/2346 2347/2491/2347
f 1257/1312/1257 974/1015/974 976/1017/976
f 645/670/645 2348/2492/2348 1743/1835/1743
f 458/474/458 2348/2492/2348 1512/1586/1512
f 1743/1835/1743 457/473/457 461/477/461
f 2349/2493/2349 772/801/772 620/644/620
f 2130/2259/2130 2350/2494/2350 2349/2493/2349
f 772/801/772 2351/2495/2351 774/803/774
f 749/778/749 1786/1878/1786 435/451/435
f 750/779/750 2352/2496/2352 749/778/749
f 1786/1878/1786 1668/1752/1668 1671/1755/1671
f 1044/1085/1044 795/828/795 797/830/797
f 1045/1086/1045 2353/2497/2353 1044/1085/1044
f 795/828/795 1843/2498/1843 799/832/799
f 2354/2499/2354 1249/1304/1249 1251/1306/1251
f 169/169/169 2355/2500/2355 2354/2499/2354
f 1249/1304/1249 168/168/168 171/171/171
f 2183/2312/2183 1964/2074/1964 542/558/542
f 461/477/461 2356/2501/2356 2183/2312/2183
f 459/475/459 2356/2501/2356 462/478/462
f 1118/1165/1118 26/26/26 22/22/22
f 1120/1167/1120 2357/2502/2357 1118/1165/1118
f 27/27/27 2357/2502/2357 1657/1741/1657
f 120/120/120 2358/2503/2358 118/118/118
f 439/455/439 2358/2503/2358 2359/2504/2359
f 118/118/118 2360/2505/2360 121/121/121
f 2079/2200/2079 1734/1826/1734 1730/1822/1730
f 231/235/231 2361/2506/2361 2079/2200/2079
f 1214/1269/1214 2361/2506/2361 2008/2124/2008
f 2335/2478/2335 239/243/239 235/239/235
f 77/77/77 2362/2507/2362 2335/2478/2335
f 83/83/83 2362/2507/2362 79/79/79
f 1175/1226/1175 2363/2508/2363 1895/1998/1895
f 637/662/637 2363/2508/2363 2364/2509/2364
f 1895/1998/1895 2261/2398/2261 862/895/862
f 1939/2048/1939 2161/2290/2161 1784/1876/1784
f 866/899/866 2365/2510/2365 1939/2048/1939
f 298/306/298 2365/2510/2365 2366/2511/2366
f 2306/2449/2306 2311/2454/2311 2225/2358/2225
f 917/954/917 2367/2512/2367 2306/2449/2306
f 2311/2454/2311 2368/2513/2368 1307/1366/1307
f 2369/2514/2369 1827/1923/1827 1823/1919/1823
f 223/227/223 2370/2515/2370 2369/2514/2369
f 802/835/802 2370/2515/2370 1981/2091/1981
f 2137/2266/2137 1570/1650/1570 1572/1652/1572
f 838/871/838 2371/2516/2371 2137/2266/2137
f 1570/1650/1570 2372/2517/2372 1574/1654/1574
f 1998/2114/1998 2065/2186/2065 38/38/38
f 1402/1466/1402 2373/2518/2373 1998/2114/1998
f 2065/2186/2065 1944/2053/1944 1746/1838/1746
f 2268/2405/2268 835/868/835 823/856/823
f 971/1012/971 2374/2519/2374 2268/2405/2268
f 835/868/835 2375/2520/2375 838/871/838
f 881/914/881 1904/2007/1904 882/915/882
f 213/217/213 2376/2521/2376 881/914/881
f 1104/1151/1104 2376/2521/2376 1616/1700/1616
f 468/484/468 150/150/150 152/152/152
f 466/482/466 2377/2522/2377 468/484/468
f 150/150/150 2378/2523/2378 154/154/154
f 522/538/522 2379/2524/2379 681/706/681
f 525/541/525 2379/2524/2379 521/537/521
f 681/706/681 1934/2043/1934 684/709/684
f 1441/1509/1441 2380/2525/2380 2115/2240/2115
f 120/120/120 2380/2525/2380 1446/1514/1446
f 2115/2240/2115 119/119/119 123/123/123
f 1336/1399/1336 1803/1899/1803 1194/1245/1194
f 1338/1401/1338 2381/2526/2381 1336/1399/1336
f 1803/1899/1803 1686/1774/1686 1578/1658/1578
f 2155/2284/2155 2058/2179/2058 1864/1967/1864
f 652/677/652 2382/2527/2382 2155/2284/2155
f 2058/2179/2058 1271/1326/1271 183/183/183
f 2383/2528/2383 718/743/718 714/739/714
f 18/18/18 2384/2529/2384 2383/2528/2383
f 719/744/719 2384/2529/2384 2147/2276/2147
f 1479/1551/1479 1544/1620/1544 574/594/574
f 1480/1552/1480 2385/2530/2385 1479/1551/1479
f 839/872/839 2385/2530/2385 1614/1698/1614
f 2386/2531/2386 1596/1680/1596 1598/1682/1598
f 1547/1623/1547 2387/2532/2387 2386/2531/2386
f 1596/1680/1596 2136/2265/2136 1572/1652/1572
f 1011/1052/1011 295/303/295 291/299/291
f 165/165/165 2388/2533/2388 1011/1052/1011
f 163/163/163 2388/2533/2388 166/166/166
f 1879/1982/1879 2052/2172/2052 737/762/737
f 535/551/535 2389/2534/2389 1879/1982/1879
f 2052/2172/2052 811/844/811 809/842/809
f 301/1565/301 2390/2535/2390 1491/1563/1491
f 922/959/922 2390/2535/2390 1900/2003/1900
f 1491/1563/1491 1122/1169/1122 1124/1171/1124
f 1555/1631/1555 783/816/783 785/818/785
f 584/604/584 2391/2536/2391 1555/1631/1555
f 783/816/783 583/603/583 586/606/586
f 635/659/635 2392/2537/2392 633/657/633
f 1474/1546/1474 2392/2537/2392 1476/1548/1476
f 633/657/633 2082/2538/2082 286/660/286
f 720/745/720 2393/2539/2393 1237/1292/1237
f 910/947/910 2393/2539/2393 2191/2320/2191
f 1237/1292/1237 2394/2540/2394 781/814/781
f 2395/2541/2395 1624/1708/1624 332/340/332
f 43/43/43 2396/2542/2396 2395/2541/2395
f 1624/1708/1624 45/45/45 49/49/49
f 591/611/591 1417/1481/1417 593/613/593
f 592/612/592 2397/2543/2397 591/611/591
f 1417/1481/1417 1360/1424/1360 1358/1422/1358
f 314/322/314 2398/2544/2398 2055/2175/2055
f 414/2100/414 2398/2544/2398 2399/2545/2399
f 2055/2175/2055 678/2546/678 680/2176/680
f 112/112/112 748/777/748 113/113/113
f 116/116/116 2400/2547/2400 112/112/112
f 748/777/748 2298/2435/2298 750/779/750
f 1261/1316/1261 2401/2548/2401 1387/1451/1387
f 1266/1321/1266 2401/2548/2401 1263/1318/1263
f 1387/1451/1387 1357/1421/1357 592/612/592
f 2210/2343/2210 1088/1135/1088 1090/1137/1090
f 590/610/590 2402/2549/2402 2210/2343/2210
f 1088/1135/1088 589/609/589 593/613/593
f 2313/2456/2313 8/8/8 10/10/10
f 1307/1366/1307 2403/2550/2403 2313/2456/2313
f 8/8/8 1306/1365/1306 11/11/11
f 2404/2551/2404 1220/1275/1220 1216/1271/1216
f 1008/1049/1008 2405/2552/2405 2404/2551/2404
f 1221/1276/1221 2405/2552/2405 2406/2553/2406
f 1554/1630/1554 2020/2140/2020 421/433/421
f 785/818/785 2407/2554/2407 1554/1630/1554
f 2020/2140/2020 2119/2244/2119 545/561/545
f 374/382/374 386/398/386 375/383/375
f 72/72/72 2408/2555/2408 374/382/374
f 386/398/386 71/71/71 75/75/75
f 1730/1822/1730 2409/2556/2409 2178/2307/2178
f 865/898/865 2409/2556/2409 1732/1824/1732
f 2178/2307/2178 864/897/864 868/901/868
f 414/2100/414 2410/2557/2410 1988/2098/1988
f 314/322/314 2410/2557/2410 2399/2545/2399
f 1988/2098/1988 2411/2558/2411 63/63/63
f 1165/1215/1165 705/730/705 312/320/312
f 1125/1172/1125 1165/1215/1165 1124/1171/1124
f 706/731/706 2412/2559/2412 1125/1172/1125
f 465/481/465 2413/2560/2413 463/479/463
f 499/515/499 2413/2560/2413 1875/1978/1875
f 463/479/463 871/904/871 466/482/466
f 1664/1748/1664 2414/2561/2414 1662/1746/1662
f 1080/1125/1080 2414/2561/2414 2415/2562/2415
f 1662/1746/1662 2416/2563/2416 754/783/754
f 264/272/264 2417/2564/2417 262/270/262
f 1350/1414/1350 2417/2564/2417 2110/2235/2110
f 262/270/262 2309/2452/2309 89/89/89
f 2197/2326/2197 1210/1265/1210 1086/1133/1086
f 763/792/763 2418/2565/2418 2197/2326/2197
f 769/798/769 2418/2565/2418 765/794/765
f 1888/1991/1888 1190/1241/1190 1192/1243/1192
f 404/416/404 2419/2566/2419 1888/1991/1888
f 1190/1241/1190 403/415/403 407/419/407
f 1386/1450/1386 2420/2567/2420 1854/1957/1854
f 958/999/958 2420/2567/2420 2421/2568/2421
f 1854/1957/1854 2326/2469/2326 1650/1734/1650
f 1585/1665/1585 2127/2256/2127 735/760/735
f 774/803/774 2422/2569/2422 1585/1665/1585
f 2127/2256/2127 2351/2495/2351 2130/2259/2130
f 2423/2570/2423 327/335/327 323/331/323
f 339/347/339 2424/2571/2424 2423/2570/2423
f 328/336/328 2424/2571/2424 340/348/340
f 2425/2572/2425 1876/1979/1876 465/481/465
f 949/990/949 2426/2573/2426 2425/2572/2425
f 496/512/496 2426/2573/2426 2427/2574/2427
f 222/226/222 1983/2093/1983 223/227/223
f 226/230/226 2428/2575/2428 222/226/222
f 235/239/235 2428/2575/2428 2337/2480/2337
f 2429/2576/2429 828/861/828 824/857/824
f 11/11/11 2430/2577/2430 2429/2576/2429
f 828/861/828 1308/1367/1308 829/862/829
f 2431/2578/2431 1583/1663/1583 206/210/206
f 1355/1419/1355 2432/2579/2432 2431/2578/2431
f 882/915/882 2432/2579/2432 2339/2482/2339
f 821/854/821 2270/2407/2270 823/856/823
f 510/526/510 2433/2580/2433 821/854/821
f 2270/2407/2270 1975/2085/1975 1823/1919/1823
f 530/546/530 147/147/147 6/6/6
f 532/548/532 2434/2581/2434 530/546/530
f 148/148/148 2434/2581/2434 2435/2582/2435
f 1453/1521/1453 2436/2583/2436 1451/1519/1451
f 396/408/396 2436/2583/2436 2232/2369/2232
f 1451/1519/1451 393/405/393 395/407/395
f 318/326/318 2437/2584/2437 316/324/316
f 1504/1578/1504 2437/2584/2437 1647/1731/1647
f 316/324/316 1503/1577/1503 319/327/319
f 1037/1078/1037 2438/2585/2438 1035/1076/1035
f 1343/1406/1343 2438/2585/2438 2272/2409/2272
f 1035/1076/1035 2439/2586/2439 1038/1079/1038
f 816/849/816 2440/2587/2440 1727/1819/1727
f 664/689/664 2440/2587/2440 817/850/817
f 1727/1819/1727 2441/2588/2441 353/361/353
f 1707/1795/1707 2216/2349/2216 1708/1796/1708
f 940/981/940 2442/2589/2442 1707/1795/1707
f 2216/2349/2216 939/980/939 942/983/942
f 1108/1155/1108 988/1029/988 990/1031/990
f 446/462/446 2443/2590/2443 1108/1155/1108
f 988/1029/988 1579/1659/1579 992/1033/992
f 17/17/17 2444/2591/2444 15/15/15
f 661/686/661 2444/2591/2444 663/688/663
f 15/15/15 2445/2592/2445 18/18/18
f 2224/2357/2224 2238/2375/2238 2226/2359/2226
f 2225/2358/2225 2446/2593/2446 2224/2357/2224
f 2238/2375/2238 2312/2455/2312 10/10/10
f 2447/2594/2447 2198/2327/2198 1052/1097/1052
f 728/753/728 2448/2595/2448 2447/2594/2447
f 763/792/763 2448/2595/2448 2449/2596/2449
f 787/820/787 2450/2597/2450 2199/2328/2199
f 1090/1137/1090 2450/2597/2450 2209/2342/2209
f 2199/2328/2199 1156/1204/1156 1159/1207/1159
f 509/525/509 2451/2598/2451 1443/1511/1443
f 137/137/137 2451/2598/2451 2452/2599/2452
f 1443/1511/1443 135/135/135 120/120/120
f 1231/1286/1231 1649/1733/1649 318/326/318
f 1113/1160/1113 2453/2600/2453 1231/1286/1231
f 1650/1734/1650 2453/2600/2453 1857/1960/1857
f 1796/1888/1796 260/268/260 256/264/256
f 127/127/127 2454/2601/2454 1796/1888/1796
f 260/268/260 126/126/126 130/130/130
f 1749/1841/1749 1938/2047/1938 1216/1271/1216
f 868/901/868 2455/2602/2455 1749/1841/1749
f 866/899/866 2455/2602/2455 869/902/869
f 1474/2058/1474 2456/2603/2456 2081/2202/2081
f 102/102/102 2456/2603/2456 1950/2060/1950
f 2081/2202/2081 2457/2604/2457 1507/1581/1507
f 293/301/293 2142/2271/2142 291/299/291
f 216/220/216 2458/2605/2458 293/301/293
f 2142/2271/2142 215/219/215 219/223/219
f 891/924/891 413/425/413 409/421/409
f 675/700/675 2459/2606/2459 891/924/891
f 414/426/414 2459/2606/2459 677/702/677
f 1171/1222/1171 2080/2201/2080 337/345/337
f 233/237/233 2460/2607/2460 1171/1222/1171
f 231/235/231 2460/2607/2460 234/238/234
f 417/429/417 616/640/616 418/430/418
f 421/433/421 2461/2608/2461 417/429/417
f 616/640/616 2021/2141/2021 619/643/619
f 515/531/515 2176/2305/2176 516/532/516
f 518/534/518 2462/2609/2462 515/531/515
f 2176/2305/2176 2463/2610/2463 814/847/814
f 429/445/429 2464/2611/2464 792/825/792
f 384/396/384 2464/2611/2464 430/446/430
f 792/825/792 1702/1790/1702 791/824/791
f 1813/1909/1813 1877/1980/1877 115/115/115
f 877/910/877 2465/2612/2465 1813/1909/1813
f 1877/1980/1877 2466/2613/2466 535/551/535
f 1089/1136/1089 1155/1203/1155 1090/1137/1090
f 1092/1139/1092 2467/2614/2467 1089/1136/1089
f 1155/1203/1155 2468/2615/2468 1158/1206/1158
f 824/857/824 2469/2616/2469 1772/1864/1772
f 2470/2617/2470 826/859/826 830/863/830
f 1772/1864/1772 2470/2617/2470 1773/1865/1773
f 1393/1457/1393 2471/2618/2471 1391/1455/1391
f 339/347/339 2471/2618/2471 1859/1962/1859
f 1391/1455/1391 2423/2570/2423 323/331/323
f 202/204/202 2472/2619/2472 1601/1685/1601
f 251/257/251 2472/2619/2472 249/253/249
f 1601/1685/1601 2473/2620/2473 944/985/944
f 2474/2621/2474 1007/1048/1007 1003/1044/1003
f 1221/1276/1221 2475/2622/2475 2474/2621/2474
f 1008/1049/1008 2475/2622/2475 2406/2553/2406
f 246/250/246 2476/2623/2476 1910/2013/1910
f 245/249/245 2476/2623/2476 244/248/244
f 1910/2013/1910 1922/2031/1922 606/626/606
f 52/52/52 2477/2624/2477 50/50/50
f 1566/1646/1566 2477/2624/2477 2478/2625/2478
f 50/50/50 2288/2425/2288 53/53/53
f 1551/1627/1551 1285/1340/1285 1281/1336/1281
f 226/230/226 2479/2626/2479 1551/1627/1551
f 224/228/224 2479/2626/2479 227/231/227
f 652/677/652 2480/2627/2480 1270/1325/1270
f 657/682/657 2480/2627/2480 654/679/654
f 1270/1325/1270 1639/1723/1639 1273/1328/1273
f 1513/1587/1513 2247/2384/2247 458/474/458
f 1515/1589/1515 2481/2628/2481 1513/1587/1513
f 10/10/10 2481/2628/2481 2240/2377/2240
f 970/1011/970 2482/2629/2482 2281/2418/2281
f 1892/1995/1892 2482/2629/2482 1894/1997/1894
f 2281/2418/2281 2483/2630/2483 527/543/527
f 1617/1701/1617 1645/1729/1645 1104/1151/1104
f 332/340/332 2484/2631/2484 1617/1701/1617
f 700/725/700 2484/2631/2484 1625/1709/1625
f 280/288/280 1412/1476/1412 283/291/283
f 282/290/282 2485/2632/2485 280/288/280
f 1242/1297/1242 2485/2632/2485 1244/1299/1244
f 323/331/323 2486/2633/2486 2166/2295/2166
f 1219/1274/1219 325/333/325 329/337/329
f 2166/2295/2166 1219/1274/1219 1221/1276/1221
f 523/539/523 1012/1053/1012 525/541/525
f 524/540/524 2487/2634/2487 523/539/523
f 165/165/165 2487/2634/2487 1737/1829/1737
f 2075/2196/2075 1408/1472/1408 1030/1071/1030
f 478/494/478 2488/2635/2488 2075/2196/2075
f 1368/1432/1368 2488/2635/2488 2069/2190/2069
f 1852/2636/1852 1902/2005/1902 301/1565/301
f 799/1948/799 2489/2637/2489 1852/2636/1852
f 1845/1947/1845 2489/2637/2489 1844/1946/1844
f 2490/2638/2490 241/245/241 243/247/243
f 197/197/197 2491/2639/2491 2490/2638/2490
f 241/245/241 1563/1643/1563 245/249/245
f 2492/2640/2492 1377/1441/1377 1158/1206/1158
f 1708/1796/1708 2493/2641/2493 2492/2640/2492
f 1377/1441/1377 2217/2350/2217 1076/1121/1076
f 1435/1503/1435 303/311/303 305/313/305
f 1291/1346/1291 2494/2642/2494 1435/1503/1435
f 303/311/303 1605/1689/1605 307/315/307
f 419/431/419 1553/1629/1553 421/433/421
f 420/432/420 2495/2643/2495 419/431/419
f 1553/1629/1553 952/993/952 584/604/584
f 1805/1901/1805 442/458/442 444/460/444
f 1578/1658/1578 2496/2644/2496 1805/1901/1805
f 442/458/442 1577/1657/1577 446/462/446
f 2279/2416/2279 211/215/211 207/211/207
f 1622/1706/1622 2497/2645/2497 2279/2416/2279
f 212/216/212 2497/2645/2497 2072/2193/2072
f 2411/2558/2411 67/67/67 63/63/63
f 315/323/315 2411/2558/2411 314/322/314
f 68/68/68 2498/2646/2498 315/323/315
f 405/417/405 1984/2094/1984 407/419/407
f 406/418/406 2499/2647/2499 405/417/405
f 1984/2094/1984 2036/2156/2036 963/1004/963
f 376/384/376 94/94/94 72/72/72
f 184/184/184 2500/2648/2500 376/384/376
f 94/94/94 1953/2063/1953 95/95/95
f 433/449/433 2501/2649/2501 629/653/629
f 435/451/435 2501/2649/2501 432/448/432
f 629/653/629 1787/1879/1787 48/48/48
f 2502/2650/2502 1152/1200/1152 1148/1196/1148
f 1385/1449/1385 2503/2651/2503 2502/2650/2502
f 1153/1201/1153 2503/2651/2503 2504/2652/2504
f 675/700/675 2505/2653/2505 1781/1873/1781
f 1008/1049/1008 2505/2653/2505 2506/2654/2506
f 1781/1873/1781 2404/2551/2404 1216/1271/1216
f 242/246/242 1099/1146/1099 243/247/243
f 246/250/246 2507/2655/2507 242/246/242
f 1099/1146/1099 1032/1073/1032 143/143/143
f 132/132/132 2508/2656/2508 687/712/687
f 137/137/137 2508/2656/2508 134/134/134
f 687/712/687 1362/1426/1362 689/714/689
f 2447/2594/2447 732/757/732 728/753/728
f 1052/1097/1052 2509/2657/2509 2447/2594/2447
f 552/568/552 2509/2657/2509 1053/1098/1053
f 2039/2159/2039 1999/2115/1999 175/175/175
f 1404/1468/1404 2510/2658/2510 2039/2159/2039
f 1402/1466/1402 2510/2658/2510 1405/1469/1405
f 958/999/958 2511/2659/2511 1482/1554/1482
f 1386/1450/1386 2511/2659/2511 2421/2568/2421
f 1482/1554/1482 1383/1447/1383 1385/1449/1385
f 667/692/667 2076/2197/2076 358/366/358
f 480/496/480 2512/2660/2512 667/692/667
f 478/494/478 2512/2660/2512 481/497/481
f 2513/2661/2513 136/136/136 132/132/132
f 2359/2504/2359 2513/2661/2513 439/455/439
f 120/120/120 2514/2662/2514 2359/2504/2359
f 1191/1242/1191 1945/2054/1945 1192/1243/1192
f 1194/1245/1194 2515/2663/2515 1191/1242/1191
f 1945/2054/1945 1804/1900/1804 444/460/444
f 1753/1845/1753 142/142/142 138/138/138
f 268/276/268 2516/2664/2516 1753/1845/1753
f 143/143/143 2516/2664/2516 1101/1148/1101
f 585/605/585 1692/1780/1692 586/606/586
f 219/223/219 2517/2665/2517 585/605/585
f 217/221/217 2517/2665/2517 220/224/220
f 283/291/283 2518/2666/2518 1890/1993/1890
f 1071/1116/1071 2518/2666/2518 1410/1474/1410
f 1890/1993/1890 2257/2394/2257 1892/1995/1892
f 6/6/6 2519/2667/2519 1608/1692/1608
f 2520/2668/2520 145/145/145 149/149/149
f 1608/1692/1608 2520/2668/2520 1037/1078/1037
f 2483/2630/2483 531/547/531 527/543/527
f 2258/2395/2258 2483/2630/2483 1892/1995/1892
f 532/548/532 2521/2669/2521 2258/2395/2258
f 1181/1232/1181 1811/1907/1811 1183/1234/1183
f 492/508/492 2522/2670/2522 1181/1232/1181
f 1811/1907/1811 2523/2671/2523 877/910/877
f 2524/2672/2524 1354/1418/1354 1350/1414/1350
f 1773/1865/1773 2525/2673/2525 2524/2672/2524
f 207/211/207 2525/2673/2525 2278/2415/2278
f 452/468/452 2526/2674/2526 1057/1102/1057
f 2474/2621/2474 2169/2298/2169 1221/1276/1221
f 1057/1102/1057 2474/2621/2474 1003/1044/1003
f 1095/1142/1095 1422/1486/1422 614/638/614
f 714/739/714 2527/2675/2527 1095/1142/1095
f 720/745/720 2527/2675/2527 716/741/716
f 1324/1383/1324 1719/1811/1719 1327/1386/1327
f 1326/1385/1326 2528/2676/2528 1324/1383/1324
f 1719/1811/1719 1448/1516/1448 930/967/930
f 1504/1578/1504 2529/2677/2529 1502/1576/1502
f 671/696/671 2529/2677/2529 1970/2080/1970
f 1502/1576/1502 670/695/670 364/372/364
f 1967/2077/1967 159/159/159 106/106/106
f 985/1026/985 2530/2678/2530 1967/2077/1967
f 152/152/152 2530/2678/2530 1256/1311/1256
f 2531/2679/2531 668/693/668 664/689/664
f 518/534/518 2532/2680/2532 2531/2679/2531
f 480/496/480 2532/2680/2532 519/535/519
f 2102/2227/2102 1423/1487/1423 1425/1489/1425
f 362/370/362 2533/2681/2533 2102/2227/2102
f 1423/1487/1423 361/369/361 365/373/365
f 1327/1386/1327 2534/2682/2534 1705/1793/1705
f 1720/1812/1720 2534/2682/2534 1717/1809/1717
f 1705/1793/1705 2093/2214/2093 940/981/940
f 2535/2683/2535 2233/2370/2233 1725/1817/1725
f 418/430/418 2536/2684/2536 2535/2683/2535
f 2233/2370/2233 773/802/773 774/803/774
f 509/525/509 2537/2685/2537 507/523/507
f 1700/1788/1700 2537/2685/2537 1697/1785/1697
f 507/523/507 1973/2083/1973 510/526/510
f 2538/2686/2538 1188/1239/1188 1184/1235/1184
f 622/646/622 2539/2687/2539 2538/2686/2538
f 936/975/936 2539/2687/2539 934/971/934
f 2540/2688/2540 1493/1567/1493 814/847/814
f 697/722/697 2541/2689/2541 2540/2688/2540
f 1493/1567/1493 694/719/694 696/721/696
f 2542/2690/2542 2157/2286/2157 1864/1967/1864
f 1132/1179/1132 2543/2691/2543 2542/2690/2542
f 487/503/487 2543/2691/2543 1269/1324/1269
f 1140/1188/1140 2544/2692/2544 1138/1186/1138
f 754/783/754 2544/2692/2544 2545/2693/2545
f 1138/1186/1138 2416/2563/2416 1080/1125/1080
f 936/975/936 2546/2694/2546 1689/1777/1689
f 369/377/369 2546/2694/2546 1048/1089/1048
f 1689/1777/1689 368/376/368 371/379/371
f 106/106/106 2547/2695/2547 104/104/104
f 155/155/155 2547/2695/2547 158/158/158
f 104/104/104 490/506/490 107/107/107
f 1663/1747/1663 1758/1850/1758 1664/1748/1664
f 2548/2696/2548 1663/1747/1663 627/651/627
f 1184/1235/1184 2549/2697/2549 2548/2696/2548
f 754/783/754 2550/2698/2550 752/781/752
f 1140/1188/1140 2550/2698/2550 2545/2693/2545
f 752/781/752 2551/2699/2551 611/633/611
f 350/358/350 1225/1280/1225 352/360/352
f 308/316/308 2552/2700/2552 350/358/350
f 1225/1280/1225 306/314/306 307/315/307
f 554/570/554 2553/2701/2553 909/946/909
f 781/814/781 2553/2701/2553 902/939/902
f 909/946/909 2394/2540/2394 910/947/910
f 2492/2640/2492 1990/2102/1990 1708/1796/1708
f 1158/1206/1158 2554/2702/2554 2492/2640/2492
f 1990/2102/1990 2468/2615/2468 1092/1139/1092
f 2555/2703/2555 733/758/733 735/760/735
f 897/930/897 2556/2704/2556 2555/2703/2555
f 733/758/733 895/928/895 737/762/737
f 1546/1622/1546 2135/2264/2135 1547/1623/1547
f 839/872/839 2557/2705/2557 1546/1622/1546
f 838/871/838 2557/2705/2557 837/870/837
f 1016/1057/1016 822/855/822 818/851/818
f 512/528/512 2558/2706/2558 1016/1057/1016
f 510/526/510 2558/2706/2558 513/529/513
f 2324/2467/2324 1384/1448/1384 1112/1159/1112
f 1153/1201/1153 2559/2707/2559 2324/2467/2324
f 1385/1449/1385 2559/2707/2559 2504/2652/2504
f 484/500/484 2560/2708/2560 482/498/482
f 1175/1226/1175 2560/2708/2560 2561/2709/2561
f 482/498/482 1896/1999/1896 485/501/485
f 600/620/600 2562/2710/2562 1721/1813/1721
f 1713/1803/1713 2562/2710/2562 1711/1799/1711
f 1721/1813/1721 1808/1904/1808 1177/1228/1177
f 1091/1138/1091 1325/1384/1325 1092/1139/1092
f 593/613/593 2563/2711/2563 1091/1138/1091
f 1325/1384/1325 1418/1482/1418 1326/1385/1326
f 175/175/175 2564/2712/2564 173/173/173
f 38/38/38 2564/2712/2564 1997/2113/1997
f 173/173/173 37/37/37 41/41/41
f 369/377/369 2565/2713/2565 367/375/367
f 188/188/188 2565/2713/2565 1162/1210/1162
f 367/375/367 187/187/187 190/190/190
f 865/898/865 2566/2714/2566 863/896/863
f 299/307/299 2566/2714/2566 1659/1743/1659
f 863/896/863 2567/2715/2567 866/899/866
f 138/138/138 2568/2716/2568 2070/2191/2070
f 57/57/57 2568/2716/2568 140/140/140
f 2070/2191/2070 331/339/331 212/216/212
f 1350/1414/1350 2569/2717/2569 2308/2451/2308
f 1355/1419/1355 2569/2717/2569 1352/1416/1352
f 2308/2451/2308 2431/2578/2431 206/210/206
f 641/666/641 1941/2050/1941 639/664/639
f 1744/1836/1744 641/666/641 645/670/645
f 1941/2050/1941 1744/1836/1744 1746/1838/1746
f 1426/1490/1426 1301/1360/1301 1289/1344/1289
f 365/373/365 2570/2718/2570 1426/1490/1426
f 1301/1360/1301 1314/1373/1314 181/181/181
f 477/493/477 2571/2719/2571 475/491/475
f 1631/1715/1631 2571/2719/2571 1820/1916/1820
f 475/491/475 2067/2188/2067 478/494/478
f 2172/2301/2172 1870/1973/1870 516/532/516
f 1762/1854/1762 2572/2720/2572 2172/2301/2172
f 1870/1973/1870 1761/1853/1761 1001/1042/1001
f 137/137/137 2573/2721/2573 1361/1425/1361
f 509/525/509 2573/2721/2573 2452/2599/2452
f 1361/1425/1361 508/524/508 512/528/512
f 261/1936/261 2574/2722/2574 1834/1934/1834
f 1192/1243/1192 2574/2722/2574 1887/1990/1887
f 1834/1934/1834 1946/2055/1946 1837/1938/1837
f 878/911/878 1769/1861/1769 29/29/29
f 154/154/154 2575/2723/2575 878/911/878
f 1769/1861/1769 2378/2523/2378 466/482/466
f 1189/1240/1189 2576/2724/2576 2003/2119/2003
f 371/379/371 2576/2724/2576 1691/1779/1691
f 2003/2119/2003 2577/2725/2577 162/162/162
f 516/532/516 2578/2726/2578 514/530/514
f 477/493/477 2578/2726/2578 1871/1974/1871
f 514/530/514 476/492/476 480/496/480
f 1507/1581/1507 2579/2727/2579 1866/1969/1866
f 276/284/276 2579/2727/2579 1509/1583/1509
f 1866/1969/1866 1655/1739/1655 1120/1167/1120
f 458/474/458 2580/2728/2580 456/472/456
f 13/13/13 2580/2728/2580 2246/2383/2246
f 456/472/456 979/1020/979 459/475/459
f 2581/2729/2581 1860/1963/1860 1393/1457/1393
f 1170/1221/1170 2582/2730/2582 2581/2729/2581
f 1860/1963/1860 1169/1220/1169 337/345/337
f 21/21/21 2583/2731/2583 2214/2347/2214
f 2383/2528/2383 20/20/20 18/18/18
f 2214/2347/2214 2383/2528/2383 714/739/714
f 1459/1527/1459 1905/2008/1905 1460/1528/1460
f 758/787/758 2584/2732/2584 1459/1527/1459
f 1905/2008/1905 757/786/757 761/790/761
f 1694/1782/1694 588/608/588 590/610/590
f 217/221/217 2585/2733/2585 1694/1782/1694
f 588/608/588 1390/1454/1390 592/612/592
f 925/962/925 1106/1153/1106 927/964/927
f 447/463/447 2586/2734/2586 925/962/925
f 1106/1153/1106 445/461/445 446/462/446
f 259/2735/259 1886/1989/1886 261/1936/261
f 130/1411/130 2587/2736/2587 259/2735/259
f 1886/1989/1886 1347/1410/1347 404/416/404
f 1713/1803/1713 2588/2737/2588 1807/1903/1807
f 1473/1545/1473 2588/2737/2588 1799/1891/1799
f 1807/1903/1807 1472/1544/1472 635/659/635
f 155/155/155 2589/2738/2589 489/505/489
f 154/154/154 2589/2738/2589 153/153/153
f 489/505/489 2590/2739/2590 492/508/492
f 2342/2486/2342 1764/1856/1764 1766/1858/1766
f 35/35/35 2591/2740/2591 2342/2486/2342
f 1764/1856/1764 32/32/32 34/34/34
f 2354/2499/2354 469/485/469 169/169/169
f 1251/1306/1251 2592/2741/2592 2354/2499/2354
f 469/485/469 1258/1313/1258 471/487/471
f 1911/2014/1911 1031/1072/1031 246/250/246
f 433/449/433 2593/2742/2593 1911/2014/1911
f 1031/1072/1031 630/654/630 62/62/62
f 2156/2285/2156 656/681/656 652/677/652
f 487/503/487 2594/2743/2594 2156/2285/2156
f 485/501/485 2594/2743/2594 488/504/488
f 1599/1683/1599 907/944/907 903/940/903
f 1572/1652/1572 2595/2744/2595 1599/1683/1599
f 907/944/907 1571/1651/1571 886/919/886
f 353/361/353 2596/2745/2596 550/566/550
f 731/756/731 355/363/355 359/367/359
f 550/566/550 731/756/731 552/568/552
f 1674/1758/1674 1569/1649/1569 1566/1646/1566
f 1296/1353/1296 2597/2746/2597 1674/1758/1674
f 1154/1202/1154 2597/2746/2597 1329/1388/1329
f 1528/2747/1528 2153/2282/2153 1135/1182/1135
f 289/297/289 2598/2748/2598 1528/2747/1528
f 287/295/287 2598/2748/2598 290/298/290
f 470/486/470 1968/2078/1968 169/169/169
f 473/489/473 2599/2749/2599 470/486/470
f 1968/2078/1968 987/1028/987 985/1026/985
f 1687/1775/1687 1576/1656/1576 1578/1658/1578
f 561/577/561 2600/2750/2600 1687/1775/1687
f 1576/1656/1576 2112/2237/2112 992/1033/992
f 1444/1512/1444 1699/1787/1699 509/525/509
f 1441/1509/1441 2601/2751/2601 1444/1512/1444
f 224/228/224 2601/2751/2601 1442/1510/1442
f 719/744/719 2602/2752/2602 2189/2318/2189
f 816/849/816 2602/2752/2602 1375/1439/1375
f 2189/2318/2189 1728/1820/1728 910/947/910
f 1398/1462/1398 1017/1058/1017 1013/1054/1013
f 689/714/689 2603/2753/2603 1398/1462/1398
f 512/528/512 2603/2753/2603 1364/1428/1364
f 1566/1646/1566 2604/2754/2604 1673/1757/1673
f 52/52/52 2604/2754/2604 2478/2625/2478
f 1673/1757/1673 2605/2755/2605 1199/1252/1199
f 1264/1319/1264 2255/2392/2255 1266/1321/1266
f 346/354/346 2606/2756/2606 1264/1319/1264
f 832/865/832 2606/2756/2606 834/867/834
f 2001/2117/2001 2170/2299/2170 1496/1570/1496
f 759/788/759 2607/2757/2607 2001/2117/2001
f 2170/2299/2170 2195/2324/2195 1762/1854/1762
f 277/285/277 2608/2758/2608 1365/1429/1365
f 283/291/283 2608/2758/2608 279/287/279
f 1365/1429/1365 1891/1994/1891 970/1011/970
f 2053/2173/2053 2085/2206/2085 738/763/738
f 809/842/809 2609/2759/2609 2053/2173/2053
f 1778/1870/1778 2609/2759/2609 1780/1872/1780
f 2610/2760/2610 1850/1953/1850 956/997/956
f 1540/1616/1540 2611/2761/2611 2610/2760/2610
f 595/615/595 2611/2761/2611 2134/2263/2134
f 1678/1762/1678 571/591/571 558/574/558
f 727/752/727 2612/2762/2612 1678/1762/1678
f 571/591/571 1478/1550/1478 574/594/574
f 99/99/99 2613/2763/2613 97/97/97
f 438/454/438 2613/2763/2613 1992/2105/1992
f 97/97/97 437/453/437 100/100/100
f 240/244/240 2614/2764/2614 1310/1369/1310
f 1321/1380/1321 2614/2764/2614 1318/1377/1318
f 1310/1369/1310 2615/2765/2615 984/1025/984
f 1142/1190/1142 2616/2766/2616 2174/2303/2174
f 1080/1125/1080 2616/2766/2616 1143/1191/1143
f 2174/2303/2174 1079/1124/1079 1082/1127/1082
f 704/729/704 2040/2160/2040 707/732/707
f 706/731/706 2617/2767/2617 704/729/704
f 2040/2160/2040 2044/2164/2044 1404/1468/1404
f 991/1032/991 643/668/643 639/664/639
f 992/1033/992 2618/2768/2618 991/1032/991
f 643/668/643 2114/2239/2114 644/669/644
f 651/676/651 2619/2769/2619 1735/1827/1735
f 162/162/162 2619/2769/2619 2005/2121/2005
f 1735/1827/1735 161/161/161 165/165/165
f 1407/1471/1407 969/1010/969 965/1006/965
f 1368/1432/1368 2620/2770/2620 1407/1471/1407
f 970/1011/970 2620/2770/2620 1369/1433/1369
f 162/162/162 2621/2771/2621 160/160/160
f 400/412/400 2621/2771/2621 2622/2772/2622
f 160/160/160 1499/1573/1499 163/163/163
f 1348/1412/1348 402/414/402 404/416/404
f 505/521/505 2623/2773/2623 1348/1412/1348
f 406/418/406 2623/2773/2623 506/522/506
f 997/1038/997 2624/2774/2624 1636/1720/1636
f 984/1025/984 2624/2774/2624 2625/2775/2625
f 1636/1720/1636 2615/2765/2615 1321/1380/1321
f 905/942/905 2304/2447/2304 903/940/903
f 908/945/908 2626/2776/2626 905/942/905
f 2304/2447/2304 2627/2777/2627 917/954/917
f 1455/1523/1455 2628/2778/2628 2315/2458/2315
f 264/272/264 2628/2778/2628 2629/2779/2629
f 2315/2458/2315 263/271/263 87/87/87
f 955/996/955 2630/2780/2630 953/994/953
f 1540/1616/1540 2630/2780/2630 2631/2781/2631
f 953/994/953 2610/2760/2610 956/997/956
f 294/302/294 1373/1437/1373 216/220/216
f 163/163/163 2632/2782/2632 294/302/294
f 1373/1437/1373 1501/1575/1501 341/349/341
f 1960/2070/1960 1979/2089/1979 660/685/660
f 1669/1753/1669 1960/2070/1960 1671/1755/1671
f 1670/1754/1670 2633/2783/2633 1669/1753/1669
f 298/306/298 2634/2784/2634 296/304/296
f 866/899/866 2634/2784/2634 2366/2511/2366
f 296/304/296 2567/2715/2567 299/307/299
f 763/792/763 2635/2785/2635 1245/1300/1245
f 728/753/728 2635/2785/2635 2449/2596/2449
f 1245/1300/1245 1028/1069/1028 1030/1071/1030
f 637/662/637 2636/2786/2636 2031/2151/2031
f 1175/1226/1175 2636/2786/2636 2364/2509/2364
f 2031/2151/2031 1174/1225/1174 1177/1228/1177
f 671/696/671 2637/2787/2637 669/694/669
f 1864/1967/1864 2637/2787/2637 1863/1966/1863
f 669/694/669 2059/2180/2059 672/697/672
f 146/146/146 1519/1593/1519 149/149/149
f 148/148/148 2638/2788/2638 146/146/146
f 1520/1594/1520 2638/2788/2638 1652/1736/1652
f 13/13/13 2639/2789/2639 978/1019/978
f 11/11/11 2639/2789/2639 14/14/14
f 978/1019/978 2429/2576/2429 824/857/824
f 2640/2790/2640 1751/1843/1751 829/862/829
f 2641/2791/2641 2640/2790/2640 915/952/915
f 268/276/268 2642/2792/2642 2641/2791/2641
f 1372/1436/1372 1265/1320/1265 1261/1316/1261
f 341/349/341 2643/2793/2643 1372/1436/1372
f 346/354/346 2643/2793/2643 343/351/343
f 1644/1728/1644 1021/1062/1021 1018/1059/1018
f 700/725/700 2644/2794/2644 1644/1728/1644
f 17/17/17 2644/2794/2644 699/724/699
f 2025/2145/2025 394/406/394 390/402/390
f 39/39/39 2645/2795/2645 2025/2145/2025
f 395/407/395 2645/2795/2645 2646/2796/2646
f 2647/2797/2647 599/619/599 595/615/595
f 1592/1674/1592 2648/2798/2648 2647/2797/2647
f 600/620/600 2648/2798/2648 1681/1765/1681
f 1836/1937/1836 1842/1944/1842 1045/1939/1045
f 1837/1938/1837 2649/2799/2649 1836/1937/1836
f 1842/1944/1842 2028/2148/2028 1845/1947/1845
f 2120/2245/2120 543/559/543 545/561/545
f 1927/2036/1927 2650/2800/2650 2120/2245/2120
f 543/559/543 1926/2035/1926 546/562/546
f 614/638/614 2651/2801/2651 1094/1141/1094
f 569/589/569 2651/2801/2651 615/639/615
f 1094/1141/1094 2090/2211/2090 1096/1143/1096
f 1131/1178/1131 2652/2802/2652 1267/1322/1267
f 484/500/484 2652/2802/2652 1816/1912/1816
f 1267/1322/1267 483/499/483 487/503/487
f 2641/2791/2641 266/274/266 268/276/268
f 915/952/915 2653/2803/2653 2641/2791/2641
f 266/274/266 914/951/914 270/278/270
f 503/519/503 2654/2804/2654 501/517/501
f 22/22/22 2654/2804/2654 1117/1164/1117
f 501/517/501 2034/2154/2034 406/418/406
f 642/667/642 1514/1588/1514 645/670/645
f 644/669/644 2655/2805/2655 642/667/642
f 1514/1588/1514 2164/2293/2164 1515/1589/1515
f 2013/2129/2013 1054/1099/1054 194/194/194
f 908/945/908 2656/2806/2656 2013/2129/2013
f 1054/1099/1054 906/943/906 886/919/886
f 210/214/210 1618/1702/1618 213/217/213
f 212/216/212 2657/2807/2657 210/214/210
f 332/340/332 2657/2807/2657 334/342/334
f 1648/1732/1648 1971/2081/1971 1504/1578/1504
f 1650/1734/1650 2658/2808/2658 1648/1732/1648
f 1126/1173/1126 2658/2808/2658 2249/2386/2249
f 2427/2574/2427 770/799/770 496/512/496
f 949/990/949 2659/2809/2659 2427/2574/2427
f 770/799/770 947/988/947 381/391/381
f 400/412/400 2660/2810/2660 1275/1330/1275
f 162/162/162 2660/2810/2660 2622/2772/2622
f 1275/1330/1275 2577/2725/2577 371/379/371
f 148/148/148 2661/2811/2661 1233/1288/1233
f 532/548/532 2661/2811/2661 2435/2582/2435
f 1233/1288/1233 2662/2812/2662 1077/1122/1077
f 1740/1832/1740 2185/2314/2185 1738/1830/1738
f 522/538/522 2663/2813/2663 1740/1832/1740
f 2185/2314/2185 682/707/682 685/710/685
f 188/188/188 2664/2814/2664 186/186/186
f 1199/1252/1199 2664/2814/2664 1197/1248/1197
f 186/186/186 2605/2755/2605 52/52/52
f 318/326/318 2665/2815/2665 1230/1285/1230
f 1535/1611/1535 2665/2815/2665 2666/2816/2666
f 1230/1285/1230 2254/2391/2254 832/865/832
f 2087/2208/2087 2291/2428/2291 1587/1667/1587
f 1778/1870/1778 2667/2817/2667 2087/2208/2087
f 2291/2428/2291 2188/2317/2188 685/710/685
f 2668/2818/2668 1416/1480/1416 794/827/794
f 1018/1059/1018 2669/2819/2669 2668/2818/2668
f 21/21/21 2669/2819/2669 1020/1061/1020
f 1439/1507/1439 2670/2820/2670 1437/1505/1437
f 1286/1341/1286 2670/2820/2670 2204/2333/2204
f 1437/1505/1437 1284/1339/1284 224/228/224
f 2671/2821/2671 695/720/695 661/686/661
f 1024/1065/1024 2672/2822/2672 2671/2821/2671
f 695/720/695 1023/1064/1023 696/721/696
f 984/1025/984 2673/2823/2673 982/1023/982
f 997/1038/997 2673/2823/2673 2625/2775/2625
f 982/1023/982 1254/1309/1254 985/1026/985
f 352/360/352 2674/2824/2674 1522/1596/1522
f 1170/1221/1170 2674/2824/2674 1223/1278/1223
f 1522/1596/1522 2581/2729/2581 1393/1457/1393
f 1520/1594/1520 2675/2825/2675 1530/1606/1530
f 1393/1457/1393 2675/2825/2675 1525/1599/1525
f 1530/1606/1530 1392/1456/1392 451/467/451
f 2676/2826/2676 999/1040/999 1001/1042/1001
f 619/643/619 2677/2827/2677 2676/2826/2676
f 999/1040/999 2022/2142/2022 545/561/545
f 2152/2281/2152 1119/1166/1119 503/519/503
f 287/295/287 2678/2828/2678 2152/2281/2152
f 1120/1167/1120 2678/2828/2678 1869/1972/1869
f 2520/2668/2520 2274/2411/2274 1037/1078/1037
f 149/149/149 2679/2829/2679 2520/2668/2520
f 1521/1595/1521 2679/2829/2679 1517/1591/1517
f 1631/1715/1631 2680/2830/2680 2066/2187/2066
f 277/285/277 2680/2830/2680 1633/1717/1633
f 2066/2187/2066 1366/1430/1366 1368/1432/1368
f 264/272/264 2681/2831/2681 841/874/841
f 1455/1523/1455 2681/2831/2681 2629/2779/2629
f 841/874/841 2682/2832/2682 537/553/537
f 1770/1862/1770 33/33/33 29/29/29
f 872/905/872 2683/2833/2683 1770/1862/1770
f 34/34/34 2683/2833/2683 1227/1282/1227
f 1977/2087/1977 658/683/658 660/685/660
f 2671/2821/2671 1977/2087/1977 1024/1065/1024
f 658/683/658 2671/2821/2671 661/686/661
f 24/24/24 2033/2153/2033 22/22/22
f 28/28/28 2684/2834/2684 24/24/24
f 2033/2153/2033 961/1002/961 963/1004/963
f 1954/2064/1954 1277/1332/1277 95/95/95
f 1273/1328/1273 2685/2835/2685 1954/2064/1954
f 1277/1332/1277 1641/1725/1641 712/737/712
f 2441/2588/2441 357/365/357 353/361/353
f 664/689/664 2686/2836/2686 2441/2588/2441
f 358/366/358 2686/2836/2686 666/691/666
f 1071/1116/1071 2687/2837/2687 2256/2393/2256
f 1077/1122/1077 2687/2837/2687 1073/1118/1073
f 2256/2393/2256 2662/2812/2662 532/548/532
f 637/662/637 2688/2838/2688 2260/2397/2260
f 286/660/286 2688/2838/2688 638/663/638
f 2260/2397/2260 285/2839/285 289/1604/289
f 651/676/651 2689/2840/2689 1930/2039/1930
f 857/890/857 2689/2840/2689 2344/2488/2344
f 1930/2039/1930 1757/1849/1757 1184/1235/1184
f 1371/1435/1371 214/218/214 216/220/216
f 1261/1316/1261 2690/2841/2690 1371/1435/1371
f 214/218/214 1388/1452/1388 217/221/217
f 356/364/356 1029/1070/1029 359/367/359
f 358/366/358 2691/2842/2691 356/364/356
f 1030/1071/1030 2691/2842/2691 2074/2195/2074
f 1947/2056/1947 2027/2147/2027 1837/1938/1837
f 444/460/444 2692/2843/2692 1947/2056/1947
f 2027/2147/2027 443/459/443 447/463/447
f 182/182/182 1952/2062/1952 184/184/184
f 183/183/183 2693/2844/2693 182/182/182
f 1273/1328/1273 2693/2844/2693 1272/1327/1272
f 1626/1710/1626 698/723/698 700/725/700
f 49/49/49 2694/2845/2694 1626/1710/1626
f 698/723/698 1959/2069/1959 660/685/660
f 2050/2170/2050 2695/2846/2695 2048/2168/2048
f 1885/1988/1885 2695/2846/2695 2099/2224/2099
f 2048/2168/2048 1883/1986/1883 177/177/177
f 814/847/814 2696/2847/2696 812/845/812
f 518/534/518 2696/2847/2696 2463/2610/2463
f 812/845/812 2531/2679/2531 664/689/664
f 710/735/710 2697/2848/2697 708/733/708
f 1135/1605/1135 2697/2848/2697 1527/1601/1527
f 708/733/708 1134/2849/1134 129/129/129
f 388/400/388 228/232/228 230/234/230
f 75/75/75 2698/2850/2698 388/400/388
f 228/232/228 2007/2123/2007 231/235/231
f 1342/1405/1342 2699/2851/2699 1340/1403/1340
f 1038/1079/1038 2699/2851/2699 1560/1640/1560
f 1340/1403/1340 2439/2586/2439 1343/1406/1343
f 1206/1261/1206 1211/1266/1211 74/74/74
f 797/830/797 2700/2852/2700 1206/1261/1206
f 1211/1266/1211 796/829/796 800/833/800
f 286/294/286 2701/2853/2701 284/292/284
f 1507/1581/1507 2701/2853/2701 2084/2205/2084
f 284/292/284 1867/1970/1867 287/295/287
f 2702/2854/2702 2703/2855/2703 2226/2359/2226
f 560/576/560 2704/2856/2704 2702/2854/2702
f 2703/2855/2703 2705/2857/2705 575/595/575
f 1246/1301/1246 767/796/767 763/792/763
f 965/1006/965 2706/2858/2706 1246/1301/1246
f 768/797/768 2706/2858/2706 967/1008/967
f 1573/1653/1573 884/917/884 886/919/886
f 1574/1654/1574 2707/2859/2707 1573/1653/1573
f 884/917/884 2265/2402/2265 850/883/850
f 1010/1051/1010 1933/2042/1933 525/541/525
f 291/299/291 2708/2860/2708 1010/1051/1010
f 1933/2042/1933 2143/2272/2143 1936/2045/1936
f 1224/1279/1224 1168/1219/1168 1170/1221/1170
f 307/315/307 2709/2861/2709 1224/1279/1224
f 1168/1219/1168 1606/1690/1606 233/237/233
f 860/893/860 1529/1603/1529 710/735/710
f 862/895/862 2710/2862/2710 860/893/860
f 289/1604/289 2710/2862/2710 2263/2400/2263
f 195/195/195 1565/1645/1565 197/197/197
f 196/196/196 2711/2863/2711 195/195/195
f 1565/1645/1565 1145/1193/1145 1064/1109/1064
f 2712/2864/2712 1144/1192/1144 196/196/196
f 171/171/171 2713/2865/2713 2712/2864/2712
f 1144/1192/1144 170/170/170 109/109/109
f 1006/1047/1006 892/925/892 888/921/888
f 1008/1049/1008 2714/2866/2714 1006/1047/1006
f 675/700/675 2714/2866/2714 2506/2654/2506
f 997/1038/997 2715/2867/2715 1253/1308/1253
f 465/481/465 2715/2867/2715 998/1039/998
f 1253/1308/1253 464/480/464 152/152/152
f 734/759/734 1584/1664/1584 735/760/735
f 738/763/738 2716/2868/2716 734/759/734
f 1584/1664/1584 2086/2207/2086 1587/1667/1587
f 724/749/724 1477/1549/1477 727/752/727
f 726/751/726 2717/2869/2717 724/749/724
f 1477/1549/1477 2107/2232/2107 1480/1552/1480
f 1700/1788/1700 2718/2870/2718 1972/2082/1972
f 223/227/223 2718/2870/2718 2719/2871/2719
f 1972/2082/1972 2369/2514/2369 1823/1919/1823
f 1055/1100/1055 192/192/192 194/194/194
f 849/882/849 2720/2872/2720 1055/1100/1055
f 192/192/192 2721/2873/2721 196/196/196
f 2299/2436/2299 1667/1751/1667 750/779/750
f 1460/1528/1460 2722/2874/2722 2299/2436/2299
f 1667/1751/1667 1906/2009/1906 1670/1754/1670
f 2523/2671/2523 875/908/875 877/910/877
f 492/508/492 2723/2875/2723 2523/2671/2523
f 875/908/875 2590/2739/2590 154/154/154
f 1963/2073/1963 1630/1714/1630 537/553/537
f 459/475/459 2724/2876/2724 1963/2073/1963
f 824/857/824 2724/2876/2724 981/1022/981
f 276/284/276 2725/2877/2725 1654/1738/1654
f 132/132/132 2725/2877/2725 275/283/275
f 1654/1738/1654 688/713/688 27/27/27
f 128/2878/128 1346/1409/1346 130/1411/130
f 129/1184/129 2726/2879/2726 128/2878/128
f 505/521/505 2726/2879/2726 1137/1185/1137
f 1193/1244/1193 1335/1398/1335 1194/1245/1194
f 407/419/407 2727/2880/2727 1193/1244/1193
f 1335/1398/1335 1985/2095/1985 721/746/721
f 1782/1874/1782 679/704/679 675/700/675
f 1784/1876/1784 2728/2881/2728 1782/1874/1782
f 680/705/680 2728/2881/2728 2159/2288/2159
f 766/795/766 2141/2270/2141 769/798/769
f 768/797/768 2729/2882/2729 766/795/766
f 527/543/527 2729/2882/2729 2283/2420/2283
f 1302/1361/1302 1287/1342/1287 1289/1344/1289
f 375/383/375 2730/2883/2730 1302/1361/1302
f 1287/1342/1287 387/399/387 230/234/230
f 193/193/193 1468/1540/1468 194/194/194
f 197/197/197 2731/2884/2731 193/193/193
f 1468/1540/1468 2490/2638/2490 243/247/243
f 60/60/60 47/47/47 43/43/43
f 62/62/62 2732/2885/2732 60/60/60
f 48/48/48 2732/2885/2732 632/656/632
f 1015/1056/1015 2104/2229/2104 1013/1054/1013
f 818/851/818 2733/2886/2733 1015/1056/1015
f 2104/2229/2104 1612/1696/1612 1480/1552/1480
f 1912/2015/1912 431/447/431 433/449/433
f 606/626/606 2734/2887/2734 1912/2015/1912
f 431/447/431 605/625/605 113/113/113
f 73/73/73 2006/2122/2006 75/75/75
f 74/74/74 2735/2888/2735 73/73/73
f 2006/2122/2006 1212/1267/1212 1214/1269/1214
f 944/985/944 2736/2889/2736 994/1035/994
f 949/990/949 2736/2889/2736 946/987/946
f 994/1035/994 2425/2572/2425 465/481/465
f 1449/1517/1449 928/965/928 930/967/930
f 321/329/321 2737/2890/2737 1449/1517/1449
f 928/965/928 322/330/322 319/327/319
f 141/141/141 61/61/61 57/57/57
f 143/143/143 2738/2891/2738 141/141/141
f 61/61/61 1033/1074/1033 62/62/62
f 2502/2650/2502 1841/1943/1841 1385/1449/1385
f 1148/1196/1148 2739/2892/2739 2502/2650/2502
f 1465/1535/1465 2739/2892/2739 1463/1531/1463
f 1315/1374/1315 179/179/179 181/181/181
f 672/697/672 2740/2893/2740 1315/1374/1315
f 183/183/183 2740/2893/2740 2061/2182/2061
f 190/190/190 2741/2894/2741 397/409/397
f 52/52/52 2741/2894/2741 191/191/191
f 397/409/397 51/51/51 55/55/55
f 347/355/347 2742/2895/2742 1651/1735/1651
f 352/360/352 2742/2895/2742 349/357/349
f 1651/1735/1651 1523/1597/1523 1520/1594/1520
f 2064/2185/2064 2184/2313/2184 1068/1113/1068
f 1746/1838/1746 2743/2896/2743 2064/2185/2064
f 461/477/461 2743/2896/2743 1747/1839/1747
f 1338/1401/1338 2744/2897/2744 1685/1773/1685
f 558/574/558 2744/2897/2744 1677/1761/1677
f 1685/1773/1685 557/573/557 561/577/561
f 2745/2898/2745 921/958/921 68/68/68
f 707/732/707 2746/2899/2746 2745/2898/2745
f 175/175/175 2746/2899/2746 2038/2158/2038
f 1634/1718/1634 281/289/281 277/285/277
f 546/562/546 2747/2900/2747 1634/1718/1634
f 282/290/282 2747/2900/2747 1928/2037/1928
f 2748/2901/2748 856/889/856 852/885/852
f 1664/1748/1664 2749/2902/2749 2748/2901/2748
f 857/890/857 2749/2902/2749 1756/1848/1756
f 1486/1558/1486 351/359/351 347/355/347
f 942/983/942 2750/2903/2750 1486/1558/1486
f 308/316/308 2750/2903/2750 943/984/943
f 1175/1226/1175 2751/2904/2751 1173/1224/1173
f 484/500/484 2751/2904/2751 2561/2709/2561
f 1173/1224/1173 1817/1913/1817 601/621/601
f 223/227/223 2752/2905/2752 221/225/221
f 1700/1788/1700 2752/2905/2752 2719/2871/2719
f 221/225/221 1698/1786/1698 224/228/224
f 1104/1151/1104 2753/2906/2753 1102/1149/1102
f 2668/2818/2668 1643/1727/1643 1018/1059/1018
f 1102/1149/1102 2668/2818/2668 794/827/794
f 1025/1066/1025 2000/2116/2000 696/721/696
f 761/790/761 2754/2907/2754 1025/1066/1025
f 759/788/759 2754/2907/2754 762/791/762
f 784/817/784 2118/2243/2118 785/818/785
f 787/820/787 2755/2908/2755 784/817/784
f 2118/2243/2118 2200/2329/2200 1927/2036/1927
f 2457/2604/2457 1510/1584/1510 1507/1581/1507
f 102/102/102 2756/2909/2756 2457/2604/2457
f 100/100/100 2756/2909/2756 103/103/103
f 844/877/844 2757/2910/2757 2108/2233/2108
f 1773/1865/1773 2757/2910/2757 1775/1867/1775
f 2108/2233/2108 2524/2672/2524 1350/1414/1350
f 1290/1345/1290 1604/1688/1604 1291/1346/1291
f 230/234/230 2758/2911/2758 1290/1345/1290
f 1604/1688/1604 229/233/229 233/237/233
f 1146/1194/1146 1062/1107/1062 1064/1109/1064
f 109/109/109 2759/2912/2759 1146/1194/1146
f 1062/1107/1062 110/110/110 107/107/107
f 1733/1825/1733 1661/1745/1661 865/898/865
f 1214/1269/1214 2760/2913/2760 1733/1825/1733
f 1661/1745/1661 1215/1270/1215 800/833/800
f 1540/1616/1540 2761/2914/2761 1538/1614/1538
f 955/996/955 2761/2914/2761 2631/2781/2631
f 1538/1614/1538 1840/1942/1840 1465/1535/1465
f 1966/2076/1966 167/167/167 169/169/169
f 106/106/106 2762/2915/2762 1966/2076/1966
f 167/167/167 105/105/105 109/109/109
f 1542/1618/1542 2763/2916/2763 2132/2261/2132
f 1592/1674/1592 2763/2916/2763 1590/1670/1590
f 2132/2261/2132 2647/2797/2647 595/615/595
f 2094/2215/2094 938/979/938 940/981/940
f 305/313/305 2764/2917/2764 2094/2215/2094
f 938/979/938 304/312/304 308/316/308
f 894/927/894 2297/2434/2297 116/116/116
f 897/930/897 2765/2918/2765 894/927/894
f 2297/2434/2297 1458/1526/1458 1460/1528/1460
f 1157/1205/1157 1240/1295/1240 1159/1207/1159
f 1158/1206/1158 2766/2919/2766 1157/1205/1157
f 1240/1295/1240 1378/1442/1378 1242/1297/1242
f 2148/2277/2148 1376/1440/1376 719/744/719
f 697/722/697 2767/2920/2767 2148/2277/2148
f 814/847/814 2767/2920/2767 2540/2688/2540
f 100/100/100 2768/2921/2768 272/280/272
f 439/455/439 2768/2921/2768 441/457/441
f 272/280/272 2513/2661/2513 132/132/132
f 1978/2088/1978 1022/1063/1022 1024/1065/1024
f 1670/1754/1670 2769/2922/2769 1978/2088/1978
f 1022/1063/1022 1908/2011/1908 761/790/761
f 2535/2683/2535 416/428/416 418/430/418
f 1725/1817/1725 2770/2923/2770 2535/2683/2535
f 416/428/416 1724/1816/1724 420/432/420
f 238/242/238 1320/1379/1320 240/244/240
f 83/83/83 2771/2924/2771 238/242/238
f 202/204/202 2771/2924/2771 200/200/200
f 390/402/390 2772/2925/2772 2024/2144/2024
f 2050/2170/2050 2772/2925/2772 2125/2254/2125
f 2024/2144/2024 2049/2169/2049 41/41/41
f 922/959/922 2773/2926/2773 1121/1168/1121
f 927/964/927 2773/2926/2773 924/961/924
f 1121/1168/1121 2042/2162/2042 706/731/706
f 2285/2422/2285 2264/2401/2264 1574/1654/1574
f 977/1018/977 2774/2927/2774 2285/2422/2285
f 1251/1306/1251 2774/2927/2774 2347/2491/2347
f 496/512/496 2775/2928/2775 494/510/494
f 579/599/579 2775/2928/2775 581/601/581
f 494/510/494 2776/2929/2776 497/513/497
f 2349/2493/2349 2192/2321/2192 2130/2259/2130
f 620/644/620 2777/2930/2777 2349/2493/2349
f 2192/2321/2192 1760/1852/1760 1762/1854/1762
f 2778/2931/2778 111/111/111 113/113/113
f 1183/1234/1183 2779/2932/2779 2778/2931/2778
f 111/111/111 1812/1908/1812 115/115/115
f 66/66/66 1884/1987/1884 69/69/69
f 68/68/68 2780/2933/2780 66/66/66
f 177/177/177 2780/2933/2780 920/957/920
f 337/345/337 2781/2934/2781 335/343/335
f 1730/1822/1730 2781/2934/2781 2078/2199/2078
f 335/343/335 2179/2308/2179 328/336/328
f 990/1031/990 2782/2935/2782 1400/1464/1400
f 639/664/639 2782/2935/2782 989/1030/989
f 1400/1464/1400 1942/2051/1942 1402/1466/1402
f 2295/2432/2295 2221/2354/2221 1/1/1
f 1299/1358/1299 2783/2936/2783 2295/2432/2295
f 1202/1257/1202 2783/2936/2783 1298/1357/1298
f 363/371/363 1313/1372/1313 365/373/365
f 364/372/364 2784/2937/2784 363/371/363
f 1313/1372/1313 674/699/674 672/697/672
f 559/575/559 2111/2236/2111 561/577/561
f 560/576/560 2785/2938/2785 559/575/559
f 2111/2236/2111 2163/2292/2163 644/669/644
f 1795/1887/1795 1204/1259/1204 96/96/96
f 256/264/256 2786/2939/2786 1795/1887/1795
f 1204/1259/1204 1043/1084/1043 797/830/797
f 2250/2387/2250 1130/1177/1130 1126/1173/1126
f 956/997/956 2787/2940/2787 2250/2387/2250
f 1131/1178/1131 2787/2940/2787 1848/1951/1848
f 2788/2941/2788 1305/1364/1305 1307/1366/1307
f 915/952/915 2789/2942/2789 2788/2941/2788
f 1305/1364/1305 2640/2790/2640 829/862/829
f 1741/1833/1741 520/536/520 522/538/522
f 646/671/646 2790/2943/2790 1741/1833/1741
f 524/540/524 2790/2943/2790 648/673/648
f 1872/1975/1872 1822/1918/1822 477/493/477
f 1001/1042/1001 2791/2944/2791 1872/1975/1872
f 548/564/548 2791/2944/2791 1000/1041/1000
f 312/320/312 2792/2945/2792 1164/1214/1164
f 680/2176/680 2792/2945/2792 2057/2178/2057
f 1164/1214/1164 2160/2946/2160 298/1216/298
f 1535/1611/1535 2793/2947/2793 1533/1609/1533
f 318/326/318 2793/2947/2793 2666/2816/2666
f 1533/1609/1533 317/325/317 321/329/321
f 38/38/38 2794/2948/2794 36/36/36
f 1068/1113/1068 2794/2948/2794 2063/2184/2063
f 36/36/36 2795/2949/2795 39/39/39
f 1598/1682/1598 2796/2950/2796 2222/2355/2222
f 903/940/903 2796/2950/2796 1597/1681/1597
f 2222/2355/2222 2305/2448/2305 2225/2358/2225
f 1901/2004/1901 926/963/926 922/959/922
f 1845/1947/1845 2797/2951/2797 1901/2004/1901
f 447/463/447 2797/2951/2797 2029/2149/2029
f 604/624/604 2798/2952/2798 602/622/602
f 1183/1234/1183 2798/2952/2798 1180/1231/1180
f 602/622/602 2778/2931/2778 113/113/113
f 1473/1545/1473 2799/2953/2799 1471/1543/1471
f 1830/1928/1830 2799/2953/2799 1828/1925/1828
f 1471/1543/1471 2800/2954/2800 1474/1546/1474
f 2801/2955/2801 2045/2165/2045 1738/1830/1738
f 1766/1858/1766 2802/2956/2802 2801/2955/2801
f 2045/2165/2045 1765/1857/1765 1082/1127/1082
f 572/592/572 556/572/556 558/574/558
f 575/595/575 2803/2957/2803 572/592/572
f 556/572/556 2705/2857/2705 560/576/560
f 1064/1109/1064 2804/2958/2804 1920/2029/1920
f 604/624/604 2804/2958/2804 1063/1108/1063
f 1920/2029/1920 603/623/603 606/626/606
f 1279/1334/1279 125/125/125 127/127/127
f 712/737/712 2805/2959/2805 1279/1334/1279
f 125/125/125 713/738/713 129/129/129
f 2129/2258/2129 756/785/756 758/787/758
f 2130/2259/2130 2806/2960/2806 2129/2258/2129
f 756/785/756 2193/2322/2193 759/788/759
f 1065/1110/1065 1182/1233/1182 604/624/604
f 107/107/107 2807/2961/2807 1065/1110/1065
f 1182/1233/1182 491/507/491 492/508/492
f 859/892/859 1638/1722/1638 657/682/657
f 710/735/710 2808/2962/2808 859/892/859
f 1638/1722/1638 709/734/709 712/737/712
f 1935/2044/1935 950/991/950 684/709/684
f 1936/2045/1936 2809/2963/2809 1935/2044/1935
f 950/991/950 2328/2471/2328 584/604/584
f 1266/1321/1266 2810/2964/2810 1356/1420/1356
f 1535/1611/1535 2810/2964/2810 2253/2390/2253
f 1356/1420/1356 1534/1610/1534 1358/1422/1358
f 2273/2410/2273 1957/2067/1957 1343/1406/1343
f 1521/1595/1521 2811/2965/2811 2273/2410/2273
f 451/467/451 2811/2965/2811 1532/1608/1532
f 2046/2166/2046 1742/1834/1742 1738/1830/1738
f 852/885/852 2812/2966/2812 2046/2166/2046
f 1742/1834/1742 854/887/854 646/671/646
f 384/396/384 2813/2967/2813 1701/1789/1701
f 254/262/254 2813/2967/2813 385/397/385
f 1701/1789/1701 1582/1662/1582 882/915/882
f 1574/1654/1574 2814/2968/2814 2284/2421/2284
f 838/871/838 2814/2968/2814 2372/2517/2372
f 2284/2421/2284 2375/2520/2375 971/1012/971
f 57/57/57 2815/2969/2815 330/338/330
f 43/43/43 2815/2969/2815 59/59/59
f 330/338/330 2395/2541/2395 332/340/332
f 573/593/573 2816/2970/2816 575/595/575
f 574/594/574 2817/2971/2817 573/593/573
f 2816/2970/2816 1545/1621/1545 1547/1623/1547
f 312/320/312 2818/2972/2818 310/318/310
f 707/732/707 2818/2972/2818 703/728/703
f 310/318/310 2745/2898/2745 68/68/68
f 1040/1081/1040 2819/2973/2819 2212/2345/2212
f 1333/1396/1333 2819/2973/2819 1432/1500/1432
f 2212/2345/2212 2322/2465/2322 7/7/7
f 395/407/395 2820/2974/2820 1067/1112/1067
f 39/39/39 2820/2974/2820 2646/2796/2646
f 1067/1112/1067 2795/2949/2795 1068/1113/1068
f 1074/1119/1074 1485/1557/1485 1077/1122/1077
f 1076/1121/1076 2821/2975/2821 1074/1119/1074
f 942/983/942 2821/2975/2821 2218/2351/2218
f 618/642/618 1759/1851/1759 620/644/620
f 619/643/619 2822/2976/2822 618/642/618
f 1759/1851/1759 2676/2826/2676 1001/1042/1001
f 1660/1744/1660 1853/1956/1853 299/307/299
f 800/833/800 2823/2977/2823 1660/1744/1660
f 1853/1956/1853 798/831/798 799/832/799
f 2538/2686/2538 626/650/626 622/646/622
f 1184/1235/1184 2824/2978/2824 2538/2686/2538
f 627/651/627 2824/2978/2824 2548/2696/2548
f 807/840/807 2825/2979/2825 2275/2412/2275
f 984/1025/984 2825/2979/2825 1312/1371/1312
f 2275/2412/2275 983/1024/983 473/489/473
f 1826/1922/1826 1490/1562/1490 976/1017/976
f 802/835/802 2826/2980/2826 1826/1922/1826
f 807/840/807 2826/2980/2826 804/837/804
f 1341/1404/1341 2011/2127/2011 1342/1405/1342
f 454/470/454 2827/2981/2827 1341/1404/1341
f 452/468/452 2827/2981/2827 455/471/455
f 786/819/786 2208/2341/2208 787/820/787
f 586/606/586 2828/2982/2828 786/819/786
f 2208/2341/2208 1693/1781/1693 590/610/590
f 1080/1125/1080 2829/2983/2829 1078/1123/1078
f 1664/1748/1664 2829/2983/2829 2415/2562/2415
f 1078/1123/1078 2748/2901/2748 852/885/852
f 927/964/927 2830/2984/2830 2041/2161/2041
f 990/1031/990 2830/2984/2830 1107/1154/1107
f 2041/2161/2041 1401/1465/1401 1404/1468/1404
f 566/584/566 2831/2985/2831 1790/1882/1790
f 611/633/611 2831/2985/2831 609/629/609
f 1790/1882/1790 2551/2699/2551 1140/1188/1140
f 25/25/25 1399/1463/1399 28/28/28
f 27/27/27 2832/2986/2832 25/25/25
f 689/714/689 2832/2986/2832 691/716/691
f 1821/1917/1821 1635/1719/1635 1631/1715/1631
f 548/564/548 2833/2987/2833 1821/1917/1821
f 1635/1719/1635 549/565/549 546/562/546
f 790/823/790 2091/2212/2091 429/445/429
f 794/827/794 2834/2988/2834 790/823/790
f 1096/1143/1096 2834/2988/2834 1414/1478/1414
f 2801/2955/2801 1776/1868/1776 1766/1858/1766
f 1738/1830/1738 2835/2989/2835 2801/2955/2801
f 1776/1868/1776 2186/2315/2186 1778/1870/1778
f 2470/2617/2470 2280/2417/2280 1773/1865/1773
f 830/863/830 2836/2990/2836 2470/2617/2470
f 1622/1706/1622 2836/2990/2836 1620/1704/1620
f 53/53/53 2837/2991/2837 831/864/831
f 1112/1159/1112 2837/2991/2837 2290/2427/2290
f 831/864/831 1111/1158/1111 832/865/832
f 2445/2592/2445 2149/2278/2149 18/18/18
f 661/686/661 2838/2992/2838 2445/2592/2445
f 697/722/697 2838/2992/2838 693/718/693
f 2776/2929/2776 2244/2381/2244 497/513/497
f 579/599/579 2839/2993/2839 2776/2929/2776
f 1140/1188/1140 2839/2993/2839 1793/1885/1793
f 1112/1159/1112 2840/2994/2840 1110/1157/1110
f 1386/1450/1386 2840/2994/2840 1382/1446/1382
f 1110/1157/1110 1855/1958/1855 1113/1160/1113
f 1718/1810/1718 2100/2225/2100 1720/1812/1720
f 930/967/930 2841/2995/2841 1718/1810/1718
f 2100/2225/2100 929/966/929 362/370/362
f 1986/2096/1986 725/750/725 721/746/721
f 963/1004/963 2842/2996/2842 1986/2096/1986
f 725/750/725 964/1005/964 726/751/726
f 1849/1952/1849 1818/1914/1818 1131/1178/1131
f 595/615/595 2843/2997/2843 1849/1952/1849
f 601/621/601 2843/2997/2843 597/617/597
f 2816/2970/2816 2844/2998/2844 575/595/575
f 2386/2531/2386 2816/2970/2816 1547/1623/1547
f 1598/1682/1598 2845/2999/2845 2386/2531/2386
f 114/114/114 896/929/896 116/116/116
f 115/115/115 2846/3000/2846 114/114/114
f 896/929/896 1878/1981/1878 737/762/737
f 916/953/916 2012/2128/2012 270/278/270
f 917/954/917 2847/3001/2847 916/953/916
f 908/945/908 2847/3001/2847 2627/2777/2627
f 535/551/535 2848/3002/2848 533/549/533
f 877/910/877 2848/3002/2848 2466/2613/2466
f 533/549/533 876/909/876 29/29/29
f 2682/2832/2682 541/557/541 537/553/537
f 1455/1523/1455 2849/3003/2849 2682/2832/2682
f 395/407/395 2849/3003/2849 1456/1524/1456
f 92/92/92 70/70/70 72/72/72
f 96/96/96 2850/3004/2850 92/92/92
f 70/70/70 1205/1260/1205 74/74/74
f 2702/2854/2702 2162/2291/2162 560/576/560
f 2226/2359/2226 2851/3005/2851 2702/2854/2702
f 2162/2291/2162 2239/2376/2239 1515/1589/1515
f 2800/3006/2800 1951/2061/1951 1474/2058/1474
f 1830/2017/1830 2852/3007/2852 2800/3006/2800
f 99/99/99 2852/3007/2852 1915/2019/1915
f 818/851/818 2853/3008/2853 1611/1695/1611
f 823/856/823 2853/3008/2853 820/853/820
f 1611/1695/1611 836/869/836 839/872/839
f 1982/2092/1982 806/839/806 802/835/802
f 235/239/235 2854/3009/2854 1982/2092/1982
f 240/244/240 2854/3009/2854 237/241/237
f 1126/1173/1126 2855/3010/2855 1861/1964/1861
f 1132/1179/1132 2855/3010/2855 1128/1175/1128
f 1861/1964/1861 2542/2690/2542 1864/1967/1864
f 827/860/827 1619/1703/1619 830/863/830
f 829/862/829 2856/3011/2856 827/860/827
f 1619/1703/1619 1752/1844/1752 138/138/138
f 1419/1483/1419 1447/1515/1447 1326/1385/1326
f 1358/1422/1358 2857/3012/2857 1419/1483/1419
f 321/329/321 2857/3012/2857 1537/1613/1537
f 2555/2703/2555 1457/1525/1457 897/930/897
f 735/760/735 2858/3013/2858 2555/2703/2555
f 1457/1525/1457 2128/2257/2128 758/787/758
f 2788/2941/2788 913/950/913 915/952/915
f 1307/1366/1307 2859/3014/2859 2788/2941/2788
f 913/950/913 2368/2513/2368 917/954/917
f 438/454/438 2860/3015/2860 436/452/436
f 121/121/121 2860/3015/2860 2016/2132/2016
f 436/452/436 2360/2505/2360 439/455/439
f 2269/2406/2269 975/1016/975 971/1012/971
f 1823/1919/1823 2861/3016/2861 2269/2406/2269
f 975/1016/975 1825/1921/1825 976/1017/976
f 2292/2429/2292 1723/1815/1723 1725/1817/1725
f 685/710/685 2862/3017/2862 2292/2429/2292
f 1723/1815/1723 683/708/683 684/709/684
f 400/412/400 2863/3018/2863 1498/1572/1498
f 55/55/55 2863/3018/2863 401/413/401
f 1498/1572/1498 2319/2462/2319 341/349/341
f 2473/2620/2473 948/989/948 944/985/944
f 251/257/251 2864/3019/2864 2473/2620/2473
f 381/391/381 2864/3019/2864 379/387/379
f 326/334/326 1750/1842/1750 329/337/329
f 328/336/328 2865/3020/2865 326/334/326
f 868/901/868 2865/3020/2865 2181/2310/2181
f 93/93/93 1794/1886/1794 96/96/96
f 95/95/95 2866/3021/2866 93/93/93
f 1794/1886/1794 1278/1333/1278 127/127/127
f 1303/1362/1303 373/381/373 375/383/375
f 181/181/181 2867/3022/2867 1303/1362/1303
f 373/381/373 180/180/180 184/184/184
f 28/28/28 2868/3023/2868 960/1001/960
f 1013/1054/1013 2868/3023/2868 1397/1461/1397
f 960/1001/960 2105/2230/2105 726/751/726
f 2201/2330/2201 1925/2034/1925 1927/2036/1927
f 1159/1207/1159 2869/3024/2869 2201/2330/2201
f 1925/2034/1925 1241/1296/1241 282/290/282
f 1337/1400/1337 1676/1760/1676 1338/1401/1338
f 721/746/721 2870/3025/2870 1337/1400/1337
f 1676/1760/1676 723/748/723 727/752/727
f 2712/2864/2712 846/879/846 171/171/171
f 196/196/196 2871/3026/2871 2712/2864/2712
f 846/879/846 2721/2873/2721 849/882/849
f 2101/2226/2101 2092/2213/2092 1720/1812/1720
f 1425/1489/1425 2872/3027/2872 2101/2226/2101
f 2092/2213/2092 1434/1502/1434 305/313/305
f 1424/1488/1424 1433/1501/1433 1425/1489/1425
f 1289/1344/1289 2873/3028/2873 1424/1488/1424
f 1433/1501/1433 1288/1343/1288 1291/1346/1291
f 1135/1182/1135 2874/3029/2874 1133/1180/1133
f 503/519/503 2874/3029/2874 2151/2280/2151
f 1133/1180/1133 502/518/502 505/521/505
f 2703/2855/2703 2223/2356/2223 2226/2359/2226
f 2844/2998/2844 2703/2855/2703 575/595/575
f 1598/1682/1598 2875/3030/2875 2844/2998/2844
f 1/1/1 5/5/5 2/2/2
f 4/4/4 2/2/2 5/5/5
f 7/7/7 3/3/3 2/2/2
f 8/8/8 12/12/12 9/9/9
f 11/11/11 14/14/14 12/12/12
f 13/13/13 9/9/9 12/12/12
f 15/15/15 19/19/19 16/16/16
f 18/18/18 20/20/20 19/19/19
f 16/16/16 19/19/19 20/20/20
f 22/22/22 26/26/26 23/23/23
f 25/25/25 23/23/23 26/26/26
f 28/28/28 24/24/24 23/23/23
f 29/29/29 33/33/33 30/30/30
f 32/32/32 30/30/30 33/33/33
f 31/31/31 30/30/30 32/32/32
f 36/36/36 40/40/40 37/37/37
f 39/39/39 42/42/42 40/40/40
f 41/41/41 37/37/37 40/40/40
f 43/43/43 47/47/47 44/44/44
f 46/46/46 44/44/44 47/47/47
f 49/49/49 45/45/45 44/44/44
f 50/50/50 54/54/54 51/51/51
f 53/53/53 56/56/56 54/54/54
f 55/55/55 51/51/51 54/54/54
f 57/57/57 61/61/61 58/58/58
f 60/60/60 58/58/58 61/61/61
f 43/43/43 59/59/59 58/58/58
f 63/63/63 67/67/67 64/64/64
f 66/66/66 64/64/64 67/67/67
f 69/69/69 65/65/65 64/64/64
f 70/70/70 76/76/76 71/71/71
f 73/73/73 76/76/76 70/70/70
f 75/75/75 71/71/71 76/76/76
f 77/77/77 81/81/81 78/78/78
f 80/80/80 78/78/78 81/81/81
f 83/83/83 79/79/79 78/78/78
f 84/84/84 88/88/88 85/85/85
f 87/87/87 90/90/90 88/88/88
f 89/89/89 85/85/85 88/88/88
f 72/72/72 94/94/94 91/91/91
f 93/93/93 91/91/91 94/94/94
f 96/96/96 92/92/92 91/91/91
f 97/97/97 101/101/101 98/98/98
f 100/100/100 103/103/103 101/101/101
f 102/102/102 98/98/98 101/101/101
f 104/104/104 108/108/108 105/105/105
f 107/107/107 110/110/110 108/108/108
f 109/109/109 105/105/105 108/108/108
f 111/111/111 117/117/117 112/112/112
f 114/114/114 117/117/117 111/111/111
f 116/116/116 112/112/112 117/117/117
f 118/118/118 122/122/122 119/119/119
f 121/121/121 124/124/124 122/122/122
f 123/123/123 119/119/119 122/122/122
f 125/125/125 131/131/131 126/126/126
f 128/128/128 131/131/131 125/125/125
f 130/130/130 126/126/126 131/131/131
f 132/132/132 136/136/136 133/133/133
f 135/135/135 133/133/133 136/136/136
f 134/134/134 133/133/133 135/135/135
f 138/138/138 142/142/142 139/139/139
f 141/141/141 139/139/139 142/142/142
f 57/57/57 140/140/140 139/139/139
f 6/6/6 147/147/147 144/144/144
f 146/146/146 144/144/144 147/147/147
f 149/149/149 145/145/145 144/144/144
f 150/150/150 156/156/156 151/151/151
f 153/153/153 156/156/156 150/150/150
f 155/155/155 151/151/151 156/156/156
f 106/106/106 159/159/159 157/157/157
f 151/151/151 157/157/157 159/159/159
f 158/158/158 157/157/157 151/151/151
f 160/160/160 164/164/164 161/161/161
f 163/163/163 166/166/166 164/164/164
f 165/165/165 161/161/161 164/164/164
f 167/167/167 172/172/172 168/168/168
f 170/170/170 172/172/172 167/167/167
f 171/171/171 168/168/168 172/172/172
f 173/173/173 176/176/176 174/174/174
f 41/41/41 178/178/178 176/176/176
f 177/177/177 174/174/174 176/176/176
f 179/179/179 185/185/185 180/180/180
f 182/182/182 185/185/185 179/179/179
f 184/184/184 180/180/180 185/185/185
f 186/186/186 189/189/189 187/187/187
f 52/52/52 191/191/191 189/189/189
f 190/190/190 187/187/187 189/189/189
f 192/192/192 198/198/198 193/193/193
f 195/195/195 198/198/198 192/192/192
f 197/197/197 193/193/193 198/198/198
f 83/83/83 80/202/80 199/199/199
f 201/201/201 199/199/199 80/202/80
f 202/204/202 200/200/200 199/199/199
f 85/205/85 204/208/204 203/206/203
f 89/89/89 205/209/205 204/208/204
f 203/206/203 204/208/204 205/209/205
f 207/211/207 211/215/211 208/212/208
f 210/214/210 208/212/208 211/215/211
f 213/217/213 209/213/209 208/212/208
f 214/218/214 218/222/218 215/219/215
f 217/221/217 220/224/220 218/222/218
f 219/223/219 215/219/215 218/222/218
f 221/225/221 225/229/225 222/226/222
f 224/228/224 227/231/227 225/229/225
f 226/230/226 222/226/222 225/229/225
f 228/232/228 232/236/232 229/233/229
f 231/235/231 234/238/234 232/236/232
f 233/237/233 229/233/229 232/236/232
f 235/239/235 239/243/239 236/240/236
f 238/242/238 236/240/236 239/243/239
f 240/244/240 237/241/237 236/240/236
f 241/245/241 247/251/247 242/246/242
f 244/248/244 247/251/247 241/245/241
f 246/250/246 242/246/242 247/251/247
f 202/204/202 201/255/201 248/252/248
f 250/254/250 248/252/248 201/255/201
f 251/257/251 249/253/249 248/252/248
f 203/258/203 255/263/255 252/259/252
f 253/261/253 255/263/255 203/258/203
f 254/262/254 252/259/252 255/263/255
f 256/264/256 260/268/260 257/265/257
f 259/267/259 257/265/257 260/268/260
f 261/269/261 258/266/258 257/265/257
f 262/270/262 265/273/265 263/271/263
f 89/89/89 90/90/90 265/273/265
f 87/87/87 263/271/263 265/273/265
f 266/274/266 271/279/271 267/275/267
f 269/277/269 271/279/271 266/274/266
f 243/247/243 267/275/267 271/279/271
f 272/280/272 274/282/274 273/281/273
f 132/132/132 275/283/275 274/282/274
f 273/281/273 274/282/274 275/283/275
f 277/285/277 281/289/281 278/286/278
f 280/288/280 278/286/278 281/289/281
f 283/291/283 279/287/279 278/286/278
f 284/292/284 288/296/288 285/293/285
f 287/295/287 290/298/290 288/296/288
f 289/297/289 285/293/285 288/296/288
f 291/299/291 295/303/295 292/300/292
f 294/302/294 292/300/292 295/303/295
f 216/220/216 293/301/293 292/300/292
f 296/304/296 300/308/300 297/305/297
f 299/307/299 302/310/302 300/308/300
f 301/309/301 297/305/297 300/308/300
f 303/311/303 309/317/309 304/312/304
f 306/314/306 309/317/309 303/311/303
f 308/316/308 304/312/304 309/317/309
f 310/318/310 313/321/313 311/319/311
f 68/68/68 315/323/315 313/321/313
f 314/322/314 311/319/311 313/321/313
f 316/324/316 320/328/320 317/325/317
f 319/327/319 322/330/322 320/328/320
f 321/329/321 317/325/317 320/328/320
f 323/331/323 327/335/327 324/332/324
f 326/334/326 324/332/324 327/335/327
f 329/337/329 325/333/325 324/332/324
f 330/338/330 333/341/333 331/339/331
f 332/340/332 334/342/334 333/341/333
f 212/216/212 331/339/331 333/341/333
f 335/343/335 338/346/338 336/344/336
f 328/336/328 340/348/340 338/346/338
f 339/347/339 336/344/336 338/346/338
f 341/349/341 345/353/345 342/350/342
f 344/352/344 342/350/342 345/353/345
f 346/354/346 343/351/343 342/350/342
f 347/355/347 351/359/351 348/356/348
f 350/358/350 348/356/348 351/359/351
f 352/360/352 349/357/349 348/356/348
f 353/361/353 357/365/357 354/362/354
f 356/364/356 354/362/354 357/365/357
f 359/367/359 355/363/355 354/362/354
f 360/368/360 366/374/366 361/369/361
f 363/371/363 366/374/366 360/368/360
f 365/373/365 361/369/361 366/374/366
f 367/375/367 370/378/370 368/376/368
f 190/190/190 372/380/372 370/378/370
f 371/379/371 368/376/368 370/378/370
f 373/381/373 377/385/377 374/382/374
f 376/384/376 377/385/377 373/381/373
f 72/72/72 374/382/374 377/385/377
f 251/257/251 250/389/250 378/386/378
f 380/388/380 378/386/378 250/389/250
f 381/391/381 379/387/379 378/386/378
f 252/392/252 383/395/383 382/393/382
f 254/262/254 385/397/385 383/395/383
f 384/396/384 382/393/382 383/395/383
f 386/398/386 389/401/389 387/399/387
f 388/400/388 389/401/389 386/398/386
f 230/234/230 387/399/387 389/401/389
f 390/402/390 394/406/394 391/403/391
f 393/405/393 391/403/391 394/406/394
f 396/408/396 392/404/392 391/403/391
f 397/409/397 399/411/399 398/410/398
f 55/55/55 401/413/401 399/411/399
f 400/412/400 398/410/398 399/411/399
f 402/414/402 408/420/408 403/415/403
f 405/417/405 408/420/408 402/414/402
f 407/419/407 403/415/403 408/420/408
f 409/421/409 413/425/413 410/422/410
f 412/424/412 410/422/410 413/425/413
f 415/427/415 411/423/411 410/422/410
f 416/428/416 422/434/422 417/429/417
f 419/431/419 422/434/422 416/428/416
f 421/433/421 417/429/417 422/434/422
f 381/391/381 380/438/380 423/435/423
f 425/437/425 423/435/423 380/438/380
f 426/440/426 424/436/424 423/435/423
f 382/441/382 428/444/428 427/442/427
f 384/396/384 430/446/430 428/444/428
f 429/445/429 427/442/427 428/444/428
f 431/447/431 2876/3031/2876 432/448/432
f 434/450/434 2876/3031/2876 431/447/431
f 432/448/432 2876/3031/2876 434/450/434
f 436/452/436 440/456/440 437/453/437
f 439/455/439 441/457/441 440/456/440
f 100/100/100 437/453/437 440/456/440
f 442/458/442 448/464/448 443/459/443
f 445/461/445 448/464/448 442/458/442
f 447/463/447 443/459/443 448/464/448
f 449/465/449 453/469/453 450/466/450
f 452/468/452 455/471/455 453/469/453
f 454/470/454 450/466/450 453/469/453
f 456/472/456 460/476/460 457/473/457
f 459/475/459 462/478/462 460/476/460
f 461/477/461 457/473/457 460/476/460
f 463/479/463 467/483/467 464/480/464
f 466/482/466 468/484/468 467/483/467
f 152/152/152 464/480/464 467/483/467
f 469/485/469 472/488/472 470/486/470
f 471/487/471 474/490/474 472/488/472
f 473/489/473 470/486/470 472/488/472
f 475/491/475 479/495/479 476/492/476
f 478/494/478 481/497/481 479/495/479
f 480/496/480 476/492/476 479/495/479
f 482/498/482 486/502/486 483/499/483
f 485/501/485 488/504/488 486/502/486
f 487/503/487 483/499/483 486/502/486
f 489/505/489 493/509/493 490/506/490
f 491/507/491 493/509/493 489/505/489
f 107/107/107 490/506/490 493/509/493
f 494/510/494 498/514/498 495/511/495
f 497/513/497 500/516/500 498/514/498
f 499/515/499 495/511/495 498/514/498
f 501/517/501 504/520/504 502/518/502
f 406/418/406 506/522/506 504/520/504
f 505/521/505 502/518/502 504/520/504
f 507/523/507 511/527/511 508/524/508
f 510/526/510 513/529/513 511/527/511
f 512/528/512 508/524/508 511/527/511
f 514/530/514 517/533/517 515/531/515
f 480/496/480 519/535/519 517/533/517
f 518/534/518 515/531/515 517/533/517
f 520/536/520 526/542/526 521/537/521
f 523/539/523 526/542/526 520/536/520
f 525/541/525 521/537/521 526/542/526
f 527/543/527 531/547/531 528/544/528
f 530/546/530 528/544/528 531/547/531
f 6/6/6 529/545/529 528/544/528
f 533/549/533 536/552/536 534/550/534
f 31/31/31 536/552/536 533/549/533
f 35/35/35 534/550/534 536/552/536
f 537/553/537 541/557/541 538/554/538
f 540/556/540 538/554/538 541/557/541
f 542/558/542 539/555/539 538/554/538
f 543/559/543 547/563/547 544/560/544
f 546/562/546 549/565/549 547/563/547
f 548/564/548 544/560/544 547/563/547
f 550/566/550 553/569/553 551/567/551
f 552/568/552 555/571/555 553/569/553
f 554/570/554 551/567/551 553/569/553
f 556/572/556 562/578/562 557/573/557
f 559/575/559 562/578/562 556/572/556
f 561/577/561 557/573/557 562/578/562
f 426/440/426 425/582/425 563/579/563
f 565/581/565 563/579/563 425/582/425
f 566/584/566 564/580/564 563/579/563
f 427/585/427 568/588/568 567/586/567
f 429/445/429 570/590/570 568/588/568
f 569/589/569 567/586/567 568/588/568
f 571/591/571 576/596/576 572/592/572
f 573/593/573 576/596/576 571/591/571
f 575/595/575 572/592/572 576/596/576
f 577/597/577 580/600/580 578/598/578
f 579/599/579 581/601/581 580/600/580
f 496/512/496 578/598/578 580/600/580
f 582/602/582 587/607/587 583/603/583
f 585/605/585 587/607/587 582/602/582
f 586/606/586 583/603/583 587/607/587
f 588/608/588 594/614/594 589/609/589
f 591/611/591 594/614/594 588/608/588
f 593/613/593 589/609/589 594/614/594
f 595/615/595 599/619/599 596/616/596
f 598/618/598 596/616/596 599/619/599
f 601/621/601 597/617/597 596/616/596
f 602/622/602 607/627/607 603/623/603
f 605/625/605 607/627/607 602/622/602
f 606/626/606 603/623/603 607/627/607
f 566/584/566 565/631/565 608/628/608
f 610/630/610 608/628/608 565/631/565
f 611/633/611 609/629/609 608/628/608
f 567/634/567 613/637/613 612/635/612
f 569/589/569 615/639/615 613/637/613
f 614/638/614 612/635/612 613/637/613
f 616/640/616 621/645/621 617/641/617
f 618/642/618 621/645/621 616/640/616
f 620/644/620 617/641/617 621/645/621
f 622/646/622 626/650/626 623/647/623
f 625/649/625 623/647/623 626/650/626
f 628/652/628 624/648/624 623/647/623
f 629/653/629 631/655/631 630/654/630
f 48/48/48 632/656/632 631/655/631
f 62/62/62 630/654/630 631/655/631
f 633/657/633 636/661/636 634/658/634
f 286/660/286 638/663/638 636/661/636
f 637/662/637 634/658/634 636/661/636
f 639/664/639 643/668/643 640/665/640
f 642/667/642 640/665/640 643/668/643
f 645/670/645 641/666/641 640/665/640
f 646/671/646 650/675/650 647/672/647
f 649/674/649 647/672/647 650/675/650
f 524/540/524 648/673/648 647/672/647
f 652/677/652 656/681/656 653/678/653
f 655/680/655 653/678/653 656/681/656
f 657/682/657 654/679/654 653/678/653
f 658/683/658 662/687/662 659/684/659
f 661/686/661 663/688/663 662/687/662
f 659/684/659 662/687/662 663/688/663
f 664/689/664 668/693/668 665/690/665
f 667/692/667 665/690/665 668/693/668
f 358/366/358 666/691/666 665/690/665
f 669/694/669 673/698/673 670/695/670
f 672/697/672 674/699/674 673/698/673
f 364/372/364 670/695/670 673/698/673
f 675/700/675 679/704/679 676/701/676
f 678/703/678 676/701/676 679/704/679
f 414/426/414 677/702/677 676/701/676
f 681/706/681 686/711/686 682/707/682
f 683/708/683 686/711/686 681/706/681
f 685/710/685 682/707/682 686/711/686
f 687/712/687 690/715/690 688/713/688
f 689/714/689 691/716/691 690/715/690
f 27/27/27 688/713/688 690/715/690
f 661/686/661 695/720/695 692/717/692
f 694/719/694 692/717/692 695/720/695
f 697/722/697 693/718/693 692/717/692
f 698/723/698 701/726/701 699/724/699
f 659/684/659 701/726/701 698/723/698
f 17/17/17 699/724/699 701/726/701
f 312/320/312 705/730/705 702/727/702
f 704/729/704 702/727/702 705/730/705
f 707/732/707 703/728/703 702/727/702
f 708/733/708 711/736/711 709/734/709
f 129/129/129 713/738/713 711/736/711
f 712/737/712 709/734/709 711/736/711
f 714/739/714 718/743/718 715/740/715
f 717/742/717 715/740/715 718/743/718
f 720/745/720 716/741/716 715/740/715
f 721/746/721 725/750/725 722/747/722
f 724/749/724 722/747/722 725/750/725
f 727/752/727 723/748/723 722/747/722
f 728/753/728 732/757/732 729/754/729
f 731/756/731 729/754/729 732/757/732
f 359/367/359 730/755/730 729/754/729
f 733/758/733 739/764/739 734/759/734
f 736/761/736 739/764/739 733/758/733
f 738/763/738 734/759/734 739/764/739
f 611/633/611 610/768/610 740/765/740
f 742/767/742 740/765/740 610/768/610
f 743/770/743 741/766/741 740/765/740
f 612/771/612 745/774/745 744/772/744
f 614/638/614 747/776/747 745/774/745
f 746/775/746 744/772/744 745/774/745
f 748/777/748 751/780/751 434/450/434
f 749/778/749 751/780/751 748/777/748
f 435/451/435 434/450/434 751/780/751
f 752/781/752 755/784/755 753/782/753
f 611/633/611 741/766/741 755/784/755
f 743/770/743 753/782/753 755/784/755
f 756/785/756 760/789/760 757/786/757
f 759/788/759 762/791/762 760/789/760
f 761/790/761 757/786/757 760/789/760
f 763/792/763 767/796/767 764/793/764
f 766/795/766 764/793/764 767/796/767
f 769/798/769 765/794/765 764/793/764
f 770/799/770 771/800/771 578/598/578
f 381/391/381 424/436/424 771/800/771
f 426/440/426 578/598/578 771/800/771
f 772/801/772 775/804/775 617/641/617
f 773/802/773 775/804/775 772/801/772
f 418/430/418 617/641/617 775/804/775
f 743/770/743 742/808/742 776/805/776
f 778/807/778 776/805/776 742/808/742
f 628/652/628 777/806/777 776/805/776
f 744/810/744 780/813/780 779/811/779
f 746/775/746 782/815/782 780/813/780
f 781/814/781 779/811/779 780/813/780
f 783/816/783 788/821/788 784/817/784
f 786/819/786 788/821/788 783/816/783
f 787/820/787 784/817/784 788/821/788
f 429/445/429 792/825/792 789/822/789
f 791/824/791 793/826/793 789/822/789
f 790/823/790 789/822/789 793/826/793
f 795/828/795 801/834/801 796/829/796
f 798/831/798 801/834/801 795/828/795
f 800/833/800 796/829/796 801/834/801
f 802/835/802 806/839/806 803/836/803
f 805/838/805 803/836/803 806/839/806
f 807/840/807 804/837/804 803/836/803
f 808/841/808 810/843/810 534/550/534
f 809/842/809 811/844/811 810/843/810
f 535/551/535 534/550/534 810/843/810
f 812/845/812 815/848/815 813/846/813
f 664/689/664 817/850/817 815/848/815
f 816/849/816 813/846/813 815/848/815
f 818/851/818 822/855/822 819/852/819
f 821/854/821 819/852/819 822/855/822
f 823/856/823 820/853/820 819/852/819
f 824/857/824 828/861/828 825/858/825
f 827/860/827 825/858/825 828/861/828
f 830/863/830 826/859/826 825/858/825
f 831/864/831 833/866/833 344/352/344
f 832/865/832 834/867/834 833/866/833
f 346/354/346 344/352/344 833/866/833
f 835/868/835 840/873/840 836/869/836
f 837/870/837 840/873/840 835/868/835
f 839/872/839 836/869/836 840/873/840
f 841/874/841 843/876/843 842/875/842
f 537/553/537 845/878/845 843/876/843
f 844/877/844 842/875/842 843/876/843
f 846/879/846 851/884/851 847/880/847
f 848/881/848 851/884/851 846/879/846
f 850/883/850 847/880/847 851/884/851
f 852/885/852 856/889/856 853/886/853
f 855/888/855 853/886/853 856/889/856
f 646/671/646 854/887/854 853/886/853
f 657/682/657 861/894/861 858/891/858
f 860/893/860 858/891/858 861/894/861
f 710/735/710 859/892/859 858/891/858
f 863/896/863 867/900/867 864/897/864
f 866/899/866 869/902/869 867/900/867
f 868/901/868 864/897/864 867/900/867
f 870/903/870 873/906/873 871/904/871
f 872/905/872 874/907/874 873/906/873
f 466/482/466 871/904/871 873/906/873
f 875/908/875 879/912/879 876/909/876
f 878/911/878 879/912/879 875/908/875
f 29/29/29 876/909/876 879/912/879
f 880/913/880 883/916/883 881/914/881
f 207/211/207 209/213/209 883/916/883
f 881/914/881 883/916/883 209/213/209
f 884/917/884 887/920/887 885/918/885
f 848/881/848 887/920/887 884/917/884
f 849/882/849 885/918/885 887/920/887
f 888/921/888 892/925/892 889/922/889
f 891/924/891 889/922/889 892/925/892
f 409/421/409 890/923/890 889/922/889
f 116/116/116 896/929/896 893/926/893
f 895/928/895 893/926/893 896/929/896
f 894/927/894 893/926/893 895/928/895
f 628/652/628 778/933/778 898/931/898
f 899/932/899 898/931/898 778/933/778
f 622/646/622 624/648/624 898/931/898
f 779/935/779 901/938/901 900/936/900
f 781/814/781 902/939/902 901/938/901
f 554/570/554 900/936/900 901/938/901
f 903/940/903 907/944/907 904/941/904
f 906/943/906 904/941/904 907/944/907
f 908/945/908 905/942/905 904/941/904
f 909/946/909 911/948/911 551/567/551
f 910/947/910 912/949/912 911/948/911
f 353/361/353 551/567/551 911/948/911
f 913/950/913 918/955/918 914/951/914
f 916/953/916 918/955/918 913/950/913
f 270/278/270 914/951/914 918/955/918
f 68/68/68 921/958/921 919/956/919
f 174/174/174 919/956/919 921/958/921
f 920/957/920 919/956/919 174/174/174
f 922/959/922 926/963/926 923/960/923
f 925/962/925 923/960/923 926/963/926
f 927/964/927 924/961/924 923/960/923
f 928/965/928 932/969/932 929/966/929
f 931/968/931 932/969/932 928/965/928
f 362/370/362 929/966/929 932/969/932
f 622/646/622 899/973/899 933/970/933
f 935/972/935 933/970/933 899/973/899
f 936/975/936 934/971/934 933/970/933
f 900/976/900 2877/3032/2877 937/977/937
f 555/571/555 2877/3032/2877 900/976/900
f 937/977/937 2877/3032/2877 555/571/555
f 938/979/938 941/982/941 939/980/939
f 308/316/308 943/984/943 941/982/941
f 942/983/942 939/980/939 941/982/941
f 944/985/944 948/989/948 945/986/945
f 947/988/947 945/986/945 948/989/948
f 949/990/949 946/987/946 945/986/945
f 950/991/950 2878/3033/2878 951/992/951
f 952/993/952 2878/3033/2878 950/991/950
f 951/992/951 2878/3033/2878 952/993/952
f 953/994/953 957/998/957 954/995/954
f 956/997/956 959/1000/959 957/998/957
f 958/999/958 954/995/954 957/998/957
f 960/1001/960 962/1003/962 961/1002/961
f 726/751/726 964/1005/964 962/1003/962
f 963/1004/963 961/1002/961 962/1003/962
f 965/1006/965 969/1010/969 966/1007/966
f 968/1009/968 966/1007/966 969/1010/969
f 768/797/768 967/1008/967 966/1007/966
f 971/1012/971 975/1016/975 972/1013/972
f 974/1015/974 972/1013/972 975/1016/975
f 977/1018/977 973/1014/973 972/1013/972
f 978/1019/978 980/1021/980 979/1020/979
f 824/857/824 981/1022/981 980/1021/980
f 459/475/459 979/1020/979 980/1021/980
f 982/1023/982 986/1027/986 983/1024/983
f 985/1026/985 987/1028/987 986/1027/986
f 473/489/473 983/1024/983 986/1027/986
f 988/1029/988 993/1034/993 989/1030/989
f 991/1032/991 993/1034/993 988/1029/988
f 639/664/639 989/1030/989 993/1034/993
f 994/1035/994 996/1037/996 995/1036/995
f 465/481/465 998/1039/998 996/1037/996
f 997/1038/997 995/1036/995 996/1037/996
f 999/1040/999 1002/1043/1002 1000/1041/1000
f 544/560/544 1002/1043/1002 999/1040/999
f 548/564/548 1000/1041/1000 1002/1043/1002
f 1003/1044/1003 1007/1048/1007 1004/1045/1004
f 1006/1047/1006 1004/1045/1004 1007/1048/1007
f 888/921/888 1005/1046/1005 1004/1045/1004
f 525/541/525 1012/1053/1012 1009/1050/1009
f 1011/1052/1011 1009/1050/1009 1012/1053/1012
f 291/299/291 1010/1051/1010 1009/1050/1009
f 1013/1054/1013 1017/1058/1017 1014/1055/1014
f 1016/1057/1016 1014/1055/1014 1017/1058/1017
f 818/851/818 1015/1056/1015 1014/1055/1014
f 1018/1059/1018 1021/1062/1021 1019/1060/1019
f 16/16/16 1019/1060/1019 1021/1062/1021
f 21/21/21 1020/1061/1020 1019/1060/1019
f 1022/1063/1022 1026/1067/1026 1023/1064/1023
f 1025/1066/1025 1026/1067/1026 1022/1063/1022
f 696/721/696 1023/1064/1023 1026/1067/1026
f 359/367/359 1029/1070/1029 1027/1068/1027
f 1028/1069/1028 1027/1068/1027 1029/1070/1029
f 728/753/728 730/755/730 1027/1068/1027
f 1031/1072/1031 1034/1075/1034 1032/1073/1032
f 1033/1074/1033 1034/1075/1034 1031/1072/1031
f 143/143/143 1032/1073/1032 1034/1075/1034
f 1035/1076/1035 1039/1080/1039 1036/1077/1036
f 1038/1079/1038 1041/1082/1041 1039/1080/1039
f 1040/1081/1040 1036/1077/1036 1039/1080/1039
f 1042/1083/1042 1046/1087/1046 1043/1084/1043
f 1044/1085/1044 1046/1087/1046 1042/1083/1042
f 797/830/797 1043/1084/1043 1046/1087/1046
f 936/975/936 935/1091/935 1047/1088/1047
f 1049/1090/1049 1047/1088/1047 935/1091/935
f 369/377/369 1048/1089/1048 1047/1088/1047
f 937/1093/937 1051/1096/1051 1050/1094/1050
f 552/568/552 1053/1098/1053 1051/1096/1051
f 1052/1097/1052 1050/1094/1050 1051/1096/1051
f 1054/1099/1054 1056/1101/1056 1055/1100/1055
f 885/918/885 1056/1101/1056 1054/1099/1054
f 849/882/849 1055/1100/1055 1056/1101/1056
f 1057/1102/1057 1059/1104/1059 1058/1103/1058
f 1003/1044/1003 1061/1106/1061 1059/1104/1059
f 1060/1105/1060 1058/1103/1058 1059/1104/1059
f 1062/1107/1062 1066/1111/1066 1063/1108/1063
f 1065/1110/1065 1066/1111/1066 1062/1107/1062
f 604/624/604 1063/1108/1063 1066/1111/1066
f 1067/1112/1067 1069/1114/1069 540/556/540
f 1068/1113/1068 1070/1115/1070 1069/1114/1069
f 542/558/542 540/556/540 1069/1114/1069
f 1071/1116/1071 1075/1120/1075 1072/1117/1072
f 1074/1119/1074 1072/1117/1072 1075/1120/1075
f 1077/1122/1077 1073/1118/1073 1072/1117/1072
f 1078/1123/1078 1081/1126/1081 1079/1124/1079
f 852/885/852 1083/1128/1083 1081/1126/1081
f 1082/1127/1082 1079/1124/1079 1081/1126/1081
f 1050/1129/1050 1085/1132/1085 1084/1130/1084
f 1052/1097/1052 1087/1134/1087 1085/1132/1085
f 1086/1133/1086 1084/1130/1084 1085/1132/1085
f 1088/1135/1088 1093/1140/1093 1089/1136/1089
f 1091/1138/1091 1093/1140/1093 1088/1135/1088
f 1092/1139/1092 1089/1136/1089 1093/1140/1093
f 1094/1141/1094 1097/1144/1097 1095/1142/1095
f 1096/1143/1096 1098/1145/1098 1097/1144/1097
f 714/739/714 1095/1142/1095 1097/1144/1097
f 1099/1146/1099 1100/1147/1100 267/275/267
f 143/143/143 1101/1148/1101 1100/1147/1100
f 268/276/268 267/275/267 1100/1147/1100
f 1102/1149/1102 1105/1152/1105 1103/1150/1103
f 794/827/794 793/826/793 1105/1152/1105
f 791/824/791 1103/1150/1103 1105/1152/1105
f 1106/1153/1106 1109/1156/1109 1107/1154/1107
f 1108/1155/1108 1109/1156/1109 1106/1153/1106
f 990/1031/990 1107/1154/1107 1109/1156/1109
f 1110/1157/1110 1114/1161/1114 1111/1158/1111
f 1113/1160/1113 1115/1162/1115 1114/1161/1114
f 832/865/832 1111/1158/1111 1114/1161/1114
f 503/519/503 1119/1166/1119 1116/1163/1116
f 1118/1165/1118 1116/1163/1116 1119/1166/1119
f 22/22/22 1117/1164/1117 1116/1163/1116
f 1121/1168/1121 1123/1170/1123 1122/1169/1122
f 706/731/706 1125/1172/1125 1123/1170/1123
f 1124/1171/1124 1122/1169/1122 1123/1170/1123
f 1126/1173/1126 1130/1177/1130 1127/1174/1127
f 1129/1176/1129 1127/1174/1127 1130/1177/1130
f 1132/1179/1132 1128/1175/1128 1127/1174/1127
f 1133/1180/1133 1136/1183/1136 1134/1181/1134
f 505/521/505 1137/1185/1137 1136/1183/1136
f 129/1184/129 1134/1181/1134 1136/1183/1136
f 1138/1186/1138 1141/1189/1141 1139/1187/1139
f 1080/1125/1080 1143/1191/1143 1141/1189/1141
f 1142/1190/1142 1139/1187/1139 1141/1189/1141
f 1144/1192/1144 1147/1195/1147 1145/1193/1145
f 1146/1194/1146 1147/1195/1147 1144/1192/1144
f 1064/1109/1064 1145/1193/1145 1147/1195/1147
f 1148/1196/1148 1152/1200/1152 1149/1197/1149
f 1151/1199/1151 1149/1197/1149 1152/1200/1152
f 1154/1202/1154 1150/1198/1150 1149/1197/1149
f 1155/1203/1155 1160/1208/1160 1156/1204/1156
f 1157/1205/1157 1160/1208/1160 1155/1203/1155
f 1159/1207/1159 1156/1204/1156 1160/1208/1160
f 369/377/369 1049/1212/1049 1161/1209/1161
f 1163/1211/1163 1161/1209/1161 1049/1212/1049
f 188/188/188 1162/1210/1162 1161/1209/1161
f 1164/1214/1164 1166/1217/1166 1165/1215/1165
f 298/1216/298 1167/1218/1167 1166/1217/1166
f 1124/1171/1124 1165/1215/1165 1166/1217/1166
f 1168/1219/1168 1172/1223/1172 1169/1220/1169
f 1171/1222/1171 1172/1223/1172 1168/1219/1168
f 337/345/337 1169/1220/1169 1172/1223/1172
f 1173/1224/1173 1176/1227/1176 1174/1225/1174
f 601/621/601 1178/1229/1178 1176/1227/1176
f 1177/1228/1177 1174/1225/1174 1176/1227/1176
f 604/624/604 1182/1233/1182 1179/1230/1179
f 1181/1232/1181 1179/1230/1179 1182/1233/1182
f 1183/1234/1183 1180/1231/1180 1179/1230/1179
f 1184/1235/1184 1188/1239/1188 1185/1236/1185
f 1187/1238/1187 1185/1236/1185 1188/1239/1188
f 1186/1237/1186 1185/1236/1185 1187/1238/1187
f 1190/1241/1190 1195/1246/1195 1191/1242/1191
f 1193/1244/1193 1195/1246/1195 1190/1241/1190
f 1194/1245/1194 1191/1242/1191 1195/1246/1195
f 188/188/188 1163/1250/1163 1196/1247/1196
f 1198/1249/1198 1196/1247/1196 1163/1250/1163
f 1199/1252/1199 1197/1248/1197 1196/1247/1196
f 1084/1253/1084 1201/1256/1201 1200/1254/1200
f 1086/1133/1086 1203/1258/1203 1201/1256/1201
f 1202/1257/1202 1200/1254/1200 1201/1256/1201
f 1204/1259/1204 1207/1262/1207 1205/1260/1205
f 1206/1261/1206 1207/1262/1207 1204/1259/1204
f 74/74/74 1205/1260/1205 1207/1262/1207
f 1086/1133/1086 1210/1265/1210 1208/1263/1208
f 1209/1264/1209 1208/1263/1208 1210/1265/1210
f 1202/1257/1202 1203/1258/1203 1208/1263/1208
f 1211/1266/1211 1213/1268/1213 1212/1267/1212
f 800/833/800 1215/1270/1215 1213/1268/1213
f 1214/1269/1214 1212/1267/1212 1213/1268/1213
f 1216/1271/1216 1220/1275/1220 1217/1272/1217
f 1219/1274/1219 1217/1272/1217 1220/1275/1220
f 329/337/329 1218/1273/1218 1217/1272/1217
f 352/360/352 1225/1280/1225 1222/1277/1222
f 1224/1279/1224 1222/1277/1222 1225/1280/1225
f 1170/1221/1170 1223/1278/1223 1222/1277/1222
f 872/905/872 1229/1284/1229 1226/1281/1226
f 1228/1283/1228 1226/1281/1226 1229/1284/1229
f 34/34/34 1227/1282/1227 1226/1281/1226
f 1230/1285/1230 1232/1287/1232 1231/1286/1231
f 832/865/832 1115/1162/1115 1232/1287/1232
f 1113/1160/1113 1231/1286/1231 1232/1287/1232
f 1233/1288/1233 1235/1290/1235 1234/1289/1234
f 1077/1122/1077 1236/1291/1236 1235/1290/1235
f 347/355/347 1234/1289/1234 1235/1290/1235
f 1237/1292/1237 1239/1294/1239 1238/1293/1238
f 781/814/781 782/815/782 1239/1294/1239
f 746/775/746 1238/1293/1238 1239/1294/1239
f 1240/1295/1240 1243/1298/1243 1241/1296/1241
f 1242/1297/1242 1244/1299/1244 1243/1298/1243
f 282/290/282 1241/1296/1241 1243/1298/1243
f 1245/1300/1245 1247/1302/1247 1246/1301/1246
f 1030/1071/1030 1248/1303/1248 1247/1302/1247
f 1246/1301/1246 1247/1302/1247 1248/1303/1248
f 1249/1304/1249 1252/1307/1252 1250/1305/1250
f 847/880/847 1252/1307/1252 1249/1304/1249
f 850/883/850 1250/1305/1250 1252/1307/1252
f 1253/1308/1253 1255/1310/1255 1254/1309/1254
f 152/152/152 1256/1311/1256 1255/1310/1255
f 985/1026/985 1254/1309/1254 1255/1310/1255
f 1257/1312/1257 1259/1314/1259 1258/1313/1258
f 976/1017/976 1260/1315/1260 1259/1314/1259
f 471/487/471 1258/1313/1258 1259/1314/1259
f 1261/1316/1261 1265/1320/1265 1262/1317/1262
f 1264/1319/1264 1262/1317/1262 1265/1320/1265
f 1266/1321/1266 1263/1318/1263 1262/1317/1262
f 1267/1322/1267 1268/1323/1268 1129/1176/1129
f 487/503/487 1269/1324/1269 1268/1323/1268
f 1132/1179/1132 1129/1176/1129 1268/1323/1268
f 1270/1325/1270 1274/1329/1274 1271/1326/1271
f 1272/1327/1272 1274/1329/1274 1270/1325/1270
f 183/183/183 1271/1326/1271 1274/1329/1274
f 1275/1330/1275 1276/1331/1276 398/410/398
f 371/379/371 372/380/372 1276/1331/1276
f 190/190/190 398/410/398 1276/1331/1276
f 1277/1332/1277 1280/1335/1280 1278/1333/1278
f 1279/1334/1279 1280/1335/1280 1277/1332/1277
f 127/127/127 1278/1333/1278 1280/1335/1280
f 1281/1336/1281 1285/1340/1285 1282/1337/1282
f 1284/1339/1284 1282/1337/1282 1285/1340/1285
f 1286/1341/1286 1283/1338/1283 1282/1337/1282
f 1287/1342/1287 1292/1347/1292 1288/1343/1288
f 1290/1345/1290 1292/1347/1292 1287/1342/1287
f 1291/1346/1291 1288/1343/1288 1292/1347/1292
f 1199/1252/1199 1198/1351/1198 1293/1348/1293
f 1295/1350/1295 1293/1348/1293 1198/1351/1198
f 1296/1353/1296 1294/1349/1294 1293/1348/1293
f 1200/1354/1200 1300/1359/1300 1297/1355/1297
f 1298/1357/1298 1300/1359/1300 1200/1354/1200
f 1299/1358/1299 1297/1355/1297 1300/1359/1300
f 1301/1360/1301 1304/1363/1304 1302/1361/1302
f 1303/1362/1303 1304/1363/1304 1301/1360/1301
f 375/383/375 1302/1361/1302 1304/1363/1304
f 1305/1364/1305 1309/1368/1309 1306/1365/1306
f 1308/1367/1308 1309/1368/1309 1305/1364/1305
f 11/11/11 1306/1365/1306 1309/1368/1309
f 1310/1369/1310 1311/1370/1311 805/838/805
f 984/1025/984 1312/1371/1312 1311/1370/1311
f 807/840/807 805/838/805 1311/1370/1311
f 1313/1372/1313 1316/1375/1316 1314/1373/1314
f 1315/1374/1315 1316/1375/1316 1313/1372/1313
f 181/181/181 1314/1373/1314 1316/1375/1316
f 240/244/240 1320/1379/1320 1317/1376/1317
f 1319/1378/1319 1317/1376/1317 1320/1379/1320
f 1321/1380/1321 1318/1377/1318 1317/1376/1317
f 1092/1139/1092 1325/1384/1325 1322/1381/1322
f 1324/1383/1324 1322/1381/1322 1325/1384/1325
f 1327/1386/1327 1323/1382/1323 1322/1381/1322
f 1296/1353/1296 1295/1390/1295 1328/1387/1328
f 1330/1389/1330 1328/1387/1328 1295/1390/1295
f 1154/1202/1154 1329/1388/1329 1328/1387/1328
f 1297/1392/1297 1332/1395/1332 1331/1393/1331
f 1299/1358/1299 1334/1397/1334 1332/1395/1332
f 1333/1396/1333 1331/1393/1331 1332/1395/1332
f 1335/1398/1335 1339/1402/1339 1336/1399/1336
f 1337/1400/1337 1339/1402/1339 1335/1398/1335
f 1338/1401/1338 1336/1399/1336 1339/1402/1339
f 1340/1403/1340 1344/1407/1344 1341/1404/1341
f 1343/1406/1343 1345/1408/1345 1344/1407/1344
f 454/470/454 1341/1404/1341 1344/1407/1344
f 1346/1409/1346 1349/1413/1349 1347/1410/1347
f 1348/1412/1348 1349/1413/1349 1346/1409/1346
f 404/416/404 1347/1410/1347 1349/1413/1349
f 1350/1414/1350 1354/1418/1354 1351/1415/1351
f 1353/1417/1353 1351/1415/1351 1354/1418/1354
f 1355/1419/1355 1352/1416/1352 1351/1415/1351
f 1356/1420/1356 1359/1423/1359 1357/1421/1357
f 1358/1422/1358 1360/1424/1360 1359/1423/1359
f 592/612/592 1357/1421/1357 1359/1423/1359
f 1361/1425/1361 1363/1427/1363 1362/1426/1362
f 512/528/512 1364/1428/1364 1363/1427/1363
f 689/714/689 1362/1426/1362 1363/1427/1363
f 1365/1429/1365 1367/1431/1367 1366/1430/1366
f 970/1011/970 1369/1433/1369 1367/1431/1367
f 1368/1432/1368 1366/1430/1366 1367/1431/1367
f 216/220/216 1373/1437/1373 1370/1434/1370
f 1372/1436/1372 1370/1434/1370 1373/1437/1373
f 1261/1316/1261 1371/1435/1371 1370/1434/1370
f 719/744/719 1376/1440/1376 1374/1438/1374
f 813/846/813 1374/1438/1374 1376/1440/1376
f 816/849/816 1375/1439/1375 1374/1438/1374
f 1377/1441/1377 1380/1444/1380 1378/1442/1378
f 1379/1443/1379 1380/1444/1380 1377/1441/1377
f 1242/1297/1242 1378/1442/1378 1380/1444/1380
f 1112/1159/1112 1384/1448/1384 1381/1445/1381
f 1383/1447/1383 1381/1445/1381 1384/1448/1384
f 1382/1446/1382 1381/1445/1381 1383/1447/1383
f 1387/1451/1387 1389/1453/1389 1388/1452/1388
f 592/612/592 1390/1454/1390 1389/1453/1389
f 217/221/217 1388/1452/1388 1389/1453/1389
f 1391/1455/1391 1394/1458/1394 1392/1456/1392
f 323/331/323 1395/1459/1395 1394/1458/1394
f 451/467/451 1392/1456/1392 1394/1458/1394
f 28/28/28 1399/1463/1399 1396/1460/1396
f 1398/1462/1398 1396/1460/1396 1399/1463/1399
f 1013/1054/1013 1397/1461/1397 1396/1460/1396
f 1400/1464/1400 1403/1467/1403 1401/1465/1401
f 1402/1466/1402 1405/1469/1405 1403/1467/1403
f 1404/1468/1404 1401/1465/1401 1403/1467/1403
f 1030/1071/1030 1408/1472/1408 1406/1470/1406
f 1407/1471/1407 1406/1470/1406 1408/1472/1408
f 965/1006/965 1248/1303/1248 1406/1470/1406
f 283/291/283 1412/1476/1412 1409/1473/1409
f 1411/1475/1411 1409/1473/1409 1412/1476/1412
f 1071/1116/1071 1410/1474/1410 1409/1473/1409
f 794/827/794 1416/1480/1416 1413/1477/1413
f 1415/1479/1415 1413/1477/1413 1416/1480/1416
f 1414/1478/1414 1413/1477/1413 1415/1479/1415
f 1417/1481/1417 1420/1484/1420 1418/1482/1418
f 1419/1483/1419 1420/1484/1420 1417/1481/1417
f 1326/1385/1326 1418/1482/1418 1420/1484/1420
f 614/638/614 1422/1486/1422 1421/1485/1421
f 1238/1293/1238 1421/1485/1421 1422/1486/1422
f 746/775/746 747/776/747 1421/1485/1421
f 1423/1487/1423 1427/1491/1427 1424/1488/1424
f 1426/1490/1426 1427/1491/1427 1423/1487/1423
f 1289/1344/1289 1424/1488/1424 1427/1491/1427
f 1154/1202/1154 1330/1494/1330 1428/1492/1428
f 1429/1493/1429 1428/1492/1428 1330/1494/1330
f 1148/1196/1148 1150/1198/1150 1428/1492/1428
f 1331/1496/1331 1431/1499/1431 1430/1497/1430
f 1333/1396/1333 1432/1500/1432 1431/1499/1431
f 1040/1081/1040 1430/1497/1430 1431/1499/1431
f 1433/1501/1433 1436/1504/1436 1434/1502/1434
f 1435/1503/1435 1436/1504/1436 1433/1501/1433
f 305/313/305 1434/1502/1434 1436/1504/1436
f 1437/1505/1437 1440/1508/1440 1438/1506/1438
f 224/228/224 1442/1510/1442 1440/1508/1440
f 1441/1509/1441 1438/1506/1438 1440/1508/1440
f 1443/1511/1443 1445/1513/1445 1444/1512/1444
f 120/120/120 1446/1514/1446 1445/1513/1445
f 1441/1509/1441 1444/1512/1444 1445/1513/1445
f 1447/1515/1447 1450/1518/1450 1448/1516/1448
f 1449/1517/1449 1450/1518/1450 1447/1515/1447
f 930/967/930 1448/1516/1448 1450/1518/1450
f 1451/1519/1451 1454/1522/1454 1452/1520/1452
f 395/407/395 1456/1524/1456 1454/1522/1454
f 1455/1523/1455 1452/1520/1452 1454/1522/1454
f 1457/1525/1457 1461/1529/1461 1458/1526/1458
f 1459/1527/1459 1461/1529/1461 1457/1525/1457
f 1460/1528/1460 1458/1526/1458 1461/1529/1461
f 1148/1196/1148 1429/1533/1429 1462/1530/1462
f 1464/1532/1464 1462/1530/1462 1429/1533/1429
f 1465/1535/1465 1463/1531/1463 1462/1530/1462
f 1430/1536/1430 1467/1539/1467 1466/1537/1466
f 1040/1081/1040 1041/1082/1041 1467/1539/1467
f 1038/1079/1038 1466/1537/1466 1467/1539/1467
f 1468/1540/1468 1470/1542/1470 1469/1541/1469
f 269/277/269 1470/1542/1470 1468/1540/1468
f 270/278/270 1469/1541/1469 1470/1542/1470
f 1471/1543/1471 1475/1547/1475 1472/1544/1472
f 1474/1546/1474 1476/1548/1476 1475/1547/1475
f 635/659/635 1472/1544/1472 1475/1547/1475
f 1477/1549/1477 1481/1553/1481 1478/1550/1478
f 1479/1551/1479 1481/1553/1481 1477/1549/1477
f 574/594/574 1478/1550/1478 1481/1553/1481
f 1482/1554/1482 1483/1555/1483 954/995/954
f 1385/1449/1385 1484/1556/1484 1483/1555/1483
f 955/996/955 954/995/954 1483/1555/1483
f 1485/1557/1485 1487/1559/1487 1236/1291/1236
f 1486/1558/1486 1487/1559/1487 1485/1557/1485
f 347/355/347 1236/1291/1236 1487/1559/1487
f 976/1017/976 1490/1562/1490 1488/1560/1488
f 1489/1561/1489 1488/1560/1488 1490/1562/1490
f 1260/1315/1260 1488/1560/1488 1489/1561/1489
f 1491/1563/1491 1492/1566/1492 297/1564/297
f 1124/1171/1124 1167/1218/1167 1492/1566/1492
f 298/1216/298 297/1564/297 1492/1566/1492
f 1493/1567/1493 1495/1569/1495 1494/1568/1494
f 696/721/696 1497/1571/1497 1495/1569/1495
f 1496/1570/1496 1494/1568/1494 1495/1569/1495
f 1498/1572/1498 1500/1574/1500 1499/1573/1499
f 341/349/341 1501/1575/1501 1500/1574/1500
f 163/163/163 1499/1573/1499 1500/1574/1500
f 1502/1576/1502 1505/1579/1505 1503/1577/1503
f 364/372/364 1506/1580/1506 1505/1579/1505
f 319/327/319 1503/1577/1503 1505/1579/1505
f 1507/1581/1507 1510/1584/1510 1508/1582/1508
f 273/281/273 1508/1582/1508 1510/1584/1510
f 276/284/276 1509/1583/1509 1508/1582/1508
f 645/670/645 1514/1588/1514 1511/1585/1511
f 1513/1587/1513 1511/1585/1511 1514/1588/1514
f 458/474/458 1512/1586/1512 1511/1585/1511
f 149/149/149 1519/1593/1519 1516/1590/1516
f 1518/1592/1518 1516/1590/1516 1519/1593/1519
f 1521/1595/1521 1517/1591/1517 1516/1590/1516
f 1522/1596/1522 1524/1598/1524 1523/1597/1523
f 1393/1457/1393 1525/1599/1525 1524/1598/1524
f 1520/1594/1520 1523/1597/1523 1524/1598/1524
f 710/735/710 1529/1603/1529 1526/1600/1526
f 1528/1602/1528 1526/1600/1526 1529/1603/1529
f 1135/1605/1135 1527/1601/1527 1526/1600/1526
f 1530/1606/1530 1531/1607/1531 1518/1592/1518
f 451/467/451 1532/1608/1532 1531/1607/1531
f 1521/1595/1521 1518/1592/1518 1531/1607/1531
f 1533/1609/1533 1536/1612/1536 1534/1610/1534
f 321/329/321 1537/1613/1537 1536/1612/1536
f 1358/1422/1358 1534/1610/1534 1536/1612/1536
f 1538/1614/1538 1541/1617/1541 1539/1615/1539
f 1465/1535/1465 1543/1619/1543 1541/1617/1541
f 1542/1618/1542 1539/1615/1539 1541/1617/1541
f 1544/1620/1544 1548/1624/1548 1545/1621/1545
f 1546/1622/1546 1548/1624/1548 1544/1620/1544
f 1547/1623/1547 1545/1621/1545 1548/1624/1548
f 77/77/77 1552/1628/1552 1549/1625/1549
f 1551/1627/1551 1549/1625/1549 1552/1628/1552
f 1281/1336/1281 1550/1626/1550 1549/1625/1549
f 1553/1629/1553 1556/1632/1556 1554/1630/1554
f 1555/1631/1555 1556/1632/1556 1553/1629/1553
f 785/818/785 1554/1630/1554 1556/1632/1556
f 1465/1535/1465 1464/1635/1464 1557/1633/1557
f 1558/1634/1558 1557/1633/1557 1464/1635/1464
f 1542/1618/1542 1543/1619/1543 1557/1633/1557
f 1466/1637/1466 1561/1641/1561 1559/1638/1559
f 1560/1640/1560 1561/1641/1561 1466/1637/1466
f 1342/1405/1342 1559/1638/1559 1561/1641/1561
f 197/197/197 1565/1645/1565 1562/1642/1562
f 1564/1644/1564 1562/1642/1562 1565/1645/1565
f 245/249/245 1563/1643/1563 1562/1642/1562
f 1566/1646/1566 1569/1649/1569 1567/1647/1567
f 1151/1199/1151 1567/1647/1567 1569/1649/1569
f 1153/1201/1153 1568/1648/1568 1567/1647/1567
f 1570/1650/1570 1575/1655/1575 1571/1651/1571
f 1573/1653/1573 1575/1655/1575 1570/1650/1570
f 886/919/886 1571/1651/1571 1575/1655/1575
f 1576/1656/1576 1580/1660/1580 1577/1657/1577
f 1579/1659/1579 1580/1660/1580 1576/1656/1576
f 446/462/446 1577/1657/1577 1580/1660/1580
f 206/210/206 1583/1663/1583 1581/1661/1581
f 1582/1662/1582 1581/1661/1581 1583/1663/1583
f 254/262/254 253/261/253 1581/1661/1581
f 1584/1664/1584 1588/1668/1588 1585/1665/1585
f 1586/1666/1586 1588/1668/1588 1584/1664/1584
f 774/803/774 1585/1665/1585 1588/1668/1588
f 1542/1618/1542 1558/1672/1558 1589/1669/1589
f 1591/1671/1591 1589/1669/1589 1558/1672/1558
f 1592/1674/1592 1590/1670/1590 1589/1669/1589
f 1559/1675/1559 1594/1678/1594 1593/1676/1593
f 1342/1405/1342 1595/1679/1595 1594/1678/1594
f 1060/1105/1060 1593/1676/1593 1594/1678/1594
f 1596/1680/1596 1600/1684/1600 1597/1681/1597
f 1599/1683/1599 1600/1684/1600 1596/1680/1596
f 903/940/903 1597/1681/1597 1600/1684/1600
f 1601/1685/1601 1602/1686/1602 1319/1378/1319
f 944/985/944 1603/1687/1603 1602/1686/1602
f 1321/1380/1321 1319/1378/1319 1602/1686/1602
f 1604/1688/1604 1607/1691/1607 1605/1689/1605
f 1606/1690/1606 1607/1691/1607 1604/1688/1604
f 307/315/307 1605/1689/1605 1607/1691/1607
f 1608/1692/1608 1609/1693/1609 4/4/4
f 1037/1078/1037 1610/1694/1610 1609/1693/1609
f 7/7/7 4/4/4 1609/1693/1609
f 1611/1695/1611 1613/1697/1613 1612/1696/1612
f 839/872/839 1614/1698/1614 1613/1697/1613
f 1480/1552/1480 1612/1696/1612 1613/1697/1613
f 213/217/213 1618/1702/1618 1615/1699/1615
f 1617/1701/1617 1615/1699/1615 1618/1702/1618
f 1104/1151/1104 1616/1700/1616 1615/1699/1615
f 1619/1703/1619 1623/1707/1623 1620/1704/1620
f 1621/1705/1621 1623/1707/1623 1619/1703/1619
f 1622/1706/1622 1620/1704/1620 1623/1707/1623
f 1624/1708/1624 1627/1711/1627 1625/1709/1625
f 1626/1710/1626 1627/1711/1627 1624/1708/1624
f 700/725/700 1625/1709/1625 1627/1711/1627
f 537/553/537 1630/1714/1630 1628/1712/1628
f 1629/1713/1629 1628/1712/1628 1630/1714/1630
f 844/877/844 845/878/845 1628/1712/1628
f 1631/1715/1631 1635/1719/1635 1632/1716/1632
f 1634/1718/1634 1632/1716/1632 1635/1719/1635
f 277/285/277 1633/1717/1633 1632/1716/1632
f 1636/1720/1636 1637/1721/1637 995/1036/995
f 1321/1380/1321 1603/1687/1603 1637/1721/1637
f 944/985/944 995/1036/995 1637/1721/1637
f 1638/1722/1638 1640/1724/1640 1639/1723/1639
f 712/737/712 1641/1725/1641 1640/1724/1640
f 1273/1328/1273 1639/1723/1639 1640/1724/1640
f 1104/1151/1104 1645/1729/1645 1642/1726/1642
f 1644/1728/1644 1642/1726/1642 1645/1729/1645
f 1018/1059/1018 1643/1727/1643 1642/1726/1642
f 318/326/318 1649/1733/1649 1646/1730/1646
f 1648/1732/1648 1646/1730/1646 1649/1733/1649
f 1504/1578/1504 1647/1731/1647 1646/1730/1646
f 1651/1735/1651 1653/1737/1653 1234/1289/1234
f 1652/1736/1652 1653/1737/1653 1651/1735/1651
f 148/148/148 1234/1289/1234 1653/1737/1653
f 1654/1738/1654 1656/1740/1656 1655/1739/1655
f 27/27/27 1657/1741/1657 1656/1740/1656
f 1120/1167/1120 1655/1739/1655 1656/1740/1656
f 865/898/865 1661/1745/1661 1658/1742/1658
f 1660/1744/1660 1658/1742/1658 1661/1745/1661
f 299/307/299 1659/1743/1659 1658/1742/1658
f 1662/1746/1662 1665/1749/1665 1663/1747/1663
f 754/783/754 1666/1750/1666 1665/1749/1665
f 627/651/627 1663/1747/1663 1665/1749/1665
f 1667/1751/1667 1672/1756/1672 1668/1752/1668
f 1669/1753/1669 1672/1756/1672 1667/1751/1667
f 1671/1755/1671 1668/1752/1668 1672/1756/1672
f 1673/1757/1673 1675/1759/1675 1674/1758/1674
f 1199/1252/1199 1294/1349/1294 1675/1759/1675
f 1296/1353/1296 1674/1758/1674 1675/1759/1675
f 1676/1760/1676 1679/1763/1679 1677/1761/1677
f 1678/1762/1678 1679/1763/1679 1676/1760/1676
f 558/574/558 1677/1761/1677 1679/1763/1679
f 1592/1674/1592 1591/1767/1591 1680/1764/1680
f 1682/1766/1682 1680/1764/1680 1591/1767/1591
f 1681/1765/1681 1680/1764/1680 1682/1766/1682
f 1593/1769/1593 1684/1772/1684 1683/1770/1683
f 1060/1105/1060 1061/1106/1061 1684/1772/1684
f 1003/1044/1003 1683/1770/1683 1684/1772/1684
f 1685/1773/1685 1688/1776/1688 1686/1774/1686
f 1687/1775/1687 1688/1776/1688 1685/1773/1685
f 1578/1658/1578 1686/1774/1686 1688/1776/1688
f 1689/1777/1689 1690/1778/1690 1187/1238/1187
f 371/379/371 1691/1779/1691 1690/1778/1690
f 1189/1240/1189 1187/1238/1187 1690/1778/1690
f 1692/1780/1692 1695/1783/1695 1693/1781/1693
f 1694/1782/1694 1695/1783/1695 1692/1780/1692
f 590/610/590 1693/1781/1693 1695/1783/1695
f 509/525/509 1699/1787/1699 1696/1784/1696
f 1698/1786/1698 1696/1784/1696 1699/1787/1699
f 1700/1788/1700 1697/1785/1697 1696/1784/1696
f 1701/1789/1701 1703/1791/1703 1702/1790/1702
f 882/915/882 1704/1792/1704 1703/1791/1703
f 791/824/791 1702/1790/1702 1703/1791/1703
f 1705/1793/1705 1709/1797/1709 1706/1794/1706
f 1707/1795/1707 1709/1797/1709 1705/1793/1705
f 1708/1796/1708 1706/1794/1706 1709/1797/1709
f 600/620/600 1682/1801/1682 1710/1798/1710
f 1712/1800/1712 1710/1798/1710 1682/1801/1682
f 1713/1803/1713 1711/1799/1711 1710/1798/1710
f 1683/1804/1683 1715/1807/1715 1714/1805/1714
f 1003/1044/1003 1005/1046/1005 1715/1807/1715
f 888/921/888 1714/1805/1714 1715/1807/1715
f 1327/1386/1327 1719/1811/1719 1716/1808/1716
f 1718/1810/1718 1716/1808/1716 1719/1811/1719
f 1720/1812/1720 1717/1809/1717 1716/1808/1716
f 1721/1813/1721 1722/1814/1722 598/618/598
f 1177/1228/1177 1178/1229/1178 1722/1814/1722
f 601/621/601 598/618/598 1722/1814/1722
f 1723/1815/1723 1726/1818/1726 1724/1816/1724
f 951/992/951 1726/1818/1726 1723/1815/1723
f 420/432/420 1724/1816/1724 1726/1818/1726
f 1727/1819/1727 1729/1821/1729 1728/1820/1728
f 353/361/353 912/949/912 1729/1821/1729
f 910/947/910 1728/1820/1728 1729/1821/1729
f 1730/1822/1730 1734/1826/1734 1731/1823/1731
f 1733/1825/1733 1731/1823/1731 1734/1826/1734
f 865/898/865 1732/1824/1732 1731/1823/1731
f 1735/1827/1735 1736/1828/1736 649/674/649
f 165/165/165 1737/1829/1737 1736/1828/1736
f 524/540/524 649/674/649 1736/1828/1736
f 1738/1830/1738 1742/1834/1742 1739/1831/1739
f 1741/1833/1741 1739/1831/1739 1742/1834/1742
f 522/538/522 1740/1832/1740 1739/1831/1739
f 1743/1835/1743 1745/1837/1745 1744/1836/1744
f 461/477/461 1747/1839/1747 1745/1837/1745
f 1746/1838/1746 1744/1836/1744 1745/1837/1745
f 329/337/329 1750/1842/1750 1748/1840/1748
f 1749/1841/1749 1748/1840/1748 1750/1842/1750
f 1216/1271/1216 1218/1273/1218 1748/1840/1748
f 1751/1843/1751 1754/1846/1754 1752/1844/1752
f 1753/1845/1753 1754/1846/1754 1751/1843/1751
f 138/138/138 1752/1844/1752 1754/1846/1754
f 1664/1748/1664 1758/1850/1758 1755/1847/1755
f 1757/1849/1757 1755/1847/1755 1758/1850/1758
f 857/890/857 1756/1848/1756 1755/1847/1755
f 1759/1851/1759 1763/1855/1763 1760/1852/1760
f 1761/1853/1761 1763/1855/1763 1759/1851/1759
f 1762/1854/1762 1760/1852/1760 1763/1855/1763
f 1764/1856/1764 1768/1860/1768 1765/1857/1765
f 1767/1859/1767 1768/1860/1768 1764/1856/1764
f 1082/1127/1082 1765/1857/1765 1768/1860/1768
f 1769/1861/1769 1771/1863/1771 1770/1862/1770
f 874/907/874 1771/1863/1771 1769/1861/1769
f 872/905/872 1770/1862/1770 1771/1863/1771
f 1772/1864/1772 1774/1866/1774 1629/1713/1629
f 1773/1865/1773 1775/1867/1775 1774/1866/1774
f 844/877/844 1629/1713/1629 1774/1866/1774
f 1776/1868/1776 1779/1871/1779 1777/1869/1777
f 1778/1870/1778 1780/1872/1780 1779/1871/1779
f 809/842/809 1777/1869/1777 1779/1871/1779
f 1781/1873/1781 1783/1875/1783 1782/1874/1782
f 1216/1271/1216 1785/1877/1785 1783/1875/1783
f 1784/1876/1784 1782/1874/1782 1783/1875/1783
f 1786/1878/1786 1789/1881/1789 1787/1879/1787
f 1788/1880/1788 1789/1881/1789 1786/1878/1786
f 48/48/48 1787/1879/1787 1789/1881/1789
f 1790/1882/1790 1792/1884/1792 1791/1883/1791
f 1140/1188/1140 1793/1885/1793 1792/1884/1792
f 579/599/579 1791/1883/1791 1792/1884/1792
f 1794/1886/1794 1797/1889/1797 1795/1887/1795
f 1796/1888/1796 1797/1889/1797 1794/1886/1794
f 256/264/256 1795/1887/1795 1797/1889/1797
f 1713/1803/1713 1712/1893/1712 1798/1890/1798
f 1800/1892/1800 1798/1890/1798 1712/1893/1712
f 1473/1545/1473 1799/1891/1799 1798/1890/1798
f 1714/1895/1714 1802/1898/1802 1801/1896/1801
f 888/921/888 890/923/890 1802/1898/1802
f 409/421/409 1801/1896/1801 1802/1898/1802
f 1803/1899/1803 1806/1902/1806 1804/1900/1804
f 1805/1901/1805 1806/1902/1806 1803/1899/1803
f 444/460/444 1804/1900/1804 1806/1902/1806
f 1807/1903/1807 1809/1905/1809 1808/1904/1808
f 635/659/635 1810/1906/1810 1809/1905/1809
f 1177/1228/1177 1808/1904/1808 1809/1905/1809
f 1811/1907/1811 1814/1910/1814 1812/1908/1812
f 1813/1909/1813 1814/1910/1814 1811/1907/1811
f 115/115/115 1812/1908/1812 1814/1910/1814
f 1131/1178/1131 1818/1914/1818 1815/1911/1815
f 1817/1913/1817 1815/1911/1815 1818/1914/1818
f 484/500/484 1816/1912/1816 1815/1911/1815
f 477/493/477 1822/1918/1822 1819/1915/1819
f 1821/1917/1821 1819/1915/1819 1822/1918/1822
f 1631/1715/1631 1820/1916/1820 1819/1915/1819
f 1823/1919/1823 1827/1923/1827 1824/1920/1824
f 1826/1922/1826 1824/1920/1824 1827/1923/1827
f 976/1017/976 1825/1921/1825 1824/1920/1824
f 1800/1924/1800 1831/1929/1831 1828/1925/1828
f 1829/1926/1829 1831/1929/1831 1800/1924/1800
f 1830/1928/1830 1828/1925/1828 1831/1929/1831
f 1801/1930/1801 1833/1933/1833 1832/1931/1832
f 409/421/409 411/423/411 1833/1933/1833
f 415/427/415 1832/1931/1832 1833/1933/1833
f 1834/1934/1834 1838/1940/1838 1835/1935/1835
f 1836/1937/1836 1838/1940/1838 1834/1934/1834
f 1045/1939/1045 1835/1935/1835 1838/1940/1838
f 1385/1449/1385 1841/1943/1841 1839/1941/1839
f 1840/1942/1840 1839/1941/1839 1841/1943/1841
f 955/996/955 1484/1556/1484 1839/1941/1839
f 1842/1944/1842 1846/1949/1846 1843/1945/1843
f 1844/1946/1844 1846/1949/1846 1842/1944/1842
f 799/1948/799 1843/1945/1843 1846/1949/1846
f 956/997/956 1850/1953/1850 1847/1950/1847
f 1849/1952/1849 1847/1950/1847 1850/1953/1850
f 1131/1178/1131 1848/1951/1848 1847/1950/1847
f 299/307/299 1853/1956/1853 1851/1954/1851
f 1852/1955/1852 1851/1954/1851 1853/1956/1853
f 301/309/301 302/310/302 1851/1954/1851
f 1854/1957/1854 1856/1959/1856 1855/1958/1855
f 1650/1734/1650 1857/1960/1857 1856/1959/1856
f 1113/1160/1113 1855/1958/1855 1856/1959/1856
f 1393/1457/1393 1860/1963/1860 1858/1961/1858
f 336/344/336 1858/1961/1858 1860/1963/1860
f 339/347/339 1859/1962/1859 1858/1961/1858
f 1861/1964/1861 1865/1968/1865 1862/1965/1862
f 1863/1966/1863 1865/1968/1865 1861/1964/1861
f 671/696/671 1862/1965/1862 1865/1968/1865
f 1866/1969/1866 1868/1971/1868 1867/1970/1867
f 1120/1167/1120 1869/1972/1869 1868/1971/1868
f 287/295/287 1867/1970/1867 1868/1971/1868
f 1870/1973/1870 1873/1976/1873 1871/1974/1871
f 1872/1975/1872 1873/1976/1873 1870/1973/1870
f 477/493/477 1871/1974/1871 1873/1976/1873
f 465/481/465 1876/1979/1876 1874/1977/1874
f 495/511/495 1874/1977/1874 1876/1979/1876
f 1875/1978/1875 1874/1977/1874 495/511/495
f 1877/1980/1877 1880/1983/1880 1878/1981/1878
f 1879/1982/1879 1880/1983/1880 1877/1980/1877
f 737/762/737 1878/1981/1878 1880/1983/1880
f 69/69/69 1884/1987/1884 1881/1984/1881
f 1883/1986/1883 1881/1984/1881 1884/1987/1884
f 1885/1988/1885 1882/1985/1882 1881/1984/1881
f 1886/1989/1886 1889/1992/1889 1887/1990/1887
f 1888/1991/1888 1889/1992/1889 1886/1989/1886
f 1192/1243/1192 1887/1990/1887 1889/1992/1889
f 1890/1993/1890 1893/1996/1893 1891/1994/1891
f 1892/1995/1892 1894/1997/1894 1893/1996/1893
f 970/1011/970 1891/1994/1891 1893/1996/1893
f 1895/1998/1895 1897/2000/1897 1896/1999/1896
f 862/895/862 1898/2001/1898 1897/2000/1897
f 485/501/485 1896/1999/1896 1897/2000/1897
f 301/1565/301 1902/2005/1902 1899/2002/1899
f 1901/2004/1901 1899/2002/1899 1902/2005/1902
f 922/959/922 1900/2003/1900 1899/2002/1899
f 882/915/882 1904/2007/1904 1903/2006/1903
f 1103/1150/1103 1903/2006/1903 1904/2007/1904
f 1704/1792/1704 1903/2006/1903 1103/1150/1103
f 1905/2008/1905 1907/2010/1907 1906/2009/1906
f 761/790/761 1908/2011/1908 1907/2010/1907
f 1670/1754/1670 1906/2009/1906 1907/2010/1907
f 426/440/426 564/580/564 1909/2012/1909
f 566/584/566 1791/1883/1791 1909/2012/1909
f 577/597/577 1909/2012/1909 1791/1883/1791
f 1910/2013/1910 1913/2016/1913 1911/2014/1911
f 1912/2015/1912 1913/2016/1913 1910/2013/1910
f 433/449/433 1911/2014/1911 1913/2016/1913
f 1830/2017/1830 1829/2021/1829 1914/2018/1914
f 1916/2020/1916 1914/2018/1914 1829/2021/1829
f 1915/2019/1915 1914/2018/1914 1916/2020/1916
f 1832/2023/1832 1918/2027/1918 1917/2024/1917
f 415/2026/415 1919/2028/1919 1918/2027/1918
f 63/63/63 1917/2024/1917 1918/2027/1918
f 1920/2029/1920 1921/2030/1921 1564/1644/1564
f 606/626/606 1922/2031/1922 1921/2030/1921
f 1564/1644/1564 1921/2030/1921 1922/2031/1922
f 1923/2032/1923 1924/2033/1924 5/5/5
f 527/543/527 529/545/529 1924/2033/1924
f 6/6/6 5/5/5 1924/2033/1924
f 1925/2034/1925 1929/2038/1929 1926/2035/1926
f 1928/2037/1928 1929/2038/1929 1925/2034/1925
f 546/562/546 1926/2035/1926 1929/2038/1929
f 1930/2039/1930 1932/2041/1932 1931/2040/1931
f 1184/1235/1184 1186/1237/1186 1932/2041/1932
f 1189/1240/1189 1931/2040/1931 1932/2041/1932
f 1933/2042/1933 1937/2046/1937 1934/2043/1934
f 1935/2044/1935 1937/2046/1937 1933/2042/1933
f 684/709/684 1934/2043/1934 1937/2046/1937
f 1938/2047/1938 1940/2049/1940 1785/1877/1785
f 1939/2048/1939 1940/2049/1940 1938/2047/1938
f 1784/1876/1784 1785/1877/1785 1940/2049/1940
f 1941/2050/1941 1943/2052/1943 1942/2051/1942
f 1746/1838/1746 1944/2053/1944 1943/2052/1943
f 1402/1466/1402 1942/2051/1942 1943/2052/1943
f 1945/2054/1945 1948/2057/1948 1946/2055/1946
f 1947/2056/1947 1948/2057/1948 1945/2054/1945
f 1837/1938/1837 1946/2055/1946 1948/2057/1948
f 1474/2058/1474 1951/2061/1951 1949/2059/1949
f 98/98/98 1949/2059/1949 1951/2061/1951
f 102/102/102 1950/2060/1950 1949/2059/1949
f 1952/2062/1952 1955/2065/1955 1953/2063/1953
f 1954/2064/1954 1955/2065/1955 1952/2062/1952
f 95/95/95 1953/2063/1953 1955/2065/1955
f 1343/1406/1343 1957/2067/1957 1956/2066/1956
f 450/466/450 1956/2066/1956 1957/2067/1957
f 454/470/454 1345/1408/1345 1956/2066/1956
f 1958/2068/1958 1961/2071/1961 1959/2069/1959
f 1960/2070/1960 1961/2071/1961 1958/2068/1958
f 660/685/660 1959/2069/1959 1961/2071/1961
f 542/558/542 1964/2074/1964 1962/2072/1962
f 1963/2073/1963 1962/2072/1962 1964/2074/1964
f 537/553/537 539/555/539 1962/2072/1962
f 169/169/169 1968/2078/1968 1965/2075/1965
f 1967/2077/1967 1965/2075/1965 1968/2078/1968
f 106/106/106 1966/2076/1966 1965/2075/1965
f 1504/1578/1504 1971/2081/1971 1969/2079/1969
f 1862/1965/1862 1969/2079/1969 1971/2081/1971
f 1970/2080/1970 1969/2079/1969 1862/1965/1862
f 1972/2082/1972 1974/2084/1974 1973/2083/1973
f 1823/1919/1823 1975/2085/1975 1974/2084/1974
f 510/526/510 1973/2083/1973 1974/2084/1974
f 660/685/660 1979/2089/1979 1976/2086/1976
f 1978/2088/1978 1976/2086/1976 1979/2089/1979
f 1024/1065/1024 1977/2087/1977 1976/2086/1976
f 223/227/223 1983/2093/1983 1980/2090/1980
f 1982/2092/1982 1980/2090/1980 1983/2093/1983
f 802/835/802 1981/2091/1981 1980/2090/1980
f 1984/2094/1984 1987/2097/1987 1985/2095/1985
f 1986/2096/1986 1987/2097/1987 1984/2094/1984
f 721/746/721 1985/2095/1985 1987/2097/1987
f 1988/2098/1988 1989/2101/1989 412/2099/412
f 63/63/63 1919/2028/1919 1989/2101/1989
f 415/2026/415 412/2099/412 1989/2101/1989
f 1990/2102/1990 1991/2103/1991 1706/1794/1706
f 1092/1139/1092 1323/1382/1323 1991/2103/1991
f 1327/1386/1327 1706/1794/1706 1991/2103/1991
f 1916/2104/1916 2879/3034/2879 1992/2105/1992
f 1993/2106/1993 2879/3034/2879 1916/2104/1916
f 1992/2105/1992 2879/3034/2879 1993/2106/1993
f 1917/2108/1917 1995/2111/1995 1994/2109/1994
f 63/63/63 65/65/65 1995/2111/1995
f 1994/2109/1994 1995/2111/1995 65/65/65
f 175/175/175 1999/2115/1999 1996/2112/1996
f 1998/2114/1998 1996/2112/1996 1999/2115/1999
f 38/38/38 1997/2113/1997 1996/2112/1996
f 2000/2116/2000 2002/2118/2002 1497/1571/1497
f 2001/2117/2001 2002/2118/2002 2000/2116/2000
f 1496/1570/1496 1497/1571/1497 2002/2118/2002
f 2003/2119/2003 2004/2120/2004 1931/2040/1931
f 162/162/162 2005/2121/2005 2004/2120/2004
f 651/676/651 1931/2040/1931 2004/2120/2004
f 2006/2122/2006 2009/2125/2009 2007/2123/2007
f 2008/2124/2008 2009/2125/2009 2006/2122/2006
f 231/235/231 2007/2123/2007 2009/2125/2009
f 1342/1405/1342 2011/2127/2011 2010/2126/2010
f 1058/1103/1058 2010/2126/2010 2011/2127/2011
f 1060/1105/1060 1595/1679/1595 2010/2126/2010
f 2012/2128/2012 2014/2130/2014 1469/1541/1469
f 2013/2129/2013 2014/2130/2014 2012/2128/2012
f 194/194/194 1469/1541/1469 2014/2130/2014
f 438/454/438 1993/2134/1993 2015/2131/2015
f 2017/2133/2017 2015/2131/2015 1993/2134/1993
f 121/121/121 2016/2132/2016 2015/2131/2015
f 1994/2136/1994 2019/2139/2019 2018/2137/2018
f 69/69/69 1882/1985/1882 2019/2139/2019
f 1885/1988/1885 2018/2137/2018 2019/2139/2019
f 2020/2140/2020 2023/2143/2023 2021/2141/2021
f 2022/2142/2022 2023/2143/2023 2020/2140/2020
f 619/643/619 2021/2141/2021 2023/2143/2023
f 2024/2144/2024 2026/2146/2026 2025/2145/2025
f 41/41/41 42/42/42 2026/2146/2026
f 39/39/39 2025/2145/2025 2026/2146/2026
f 2027/2147/2027 2030/2150/2030 2028/2148/2028
f 2029/2149/2029 2030/2150/2030 2027/2147/2027
f 1845/1947/1845 2028/2148/2028 2030/2150/2030
f 2031/2151/2031 2032/2152/2032 634/658/634
f 1177/1228/1177 1810/1906/1810 2032/2152/2032
f 635/659/635 634/658/634 2032/2152/2032
f 2033/2153/2033 2035/2155/2035 2034/2154/2034
f 963/1004/963 2036/2156/2036 2035/2155/2035
f 406/418/406 2034/2154/2034 2035/2155/2035
f 707/732/707 2040/2160/2040 2037/2157/2037
f 2039/2159/2039 2037/2157/2037 2040/2160/2040
f 175/175/175 2038/2158/2038 2037/2157/2037
f 2041/2161/2041 2043/2163/2043 2042/2162/2042
f 1404/1468/1404 2044/2164/2044 2043/2163/2043
f 706/731/706 2042/2162/2042 2043/2163/2043
f 2045/2165/2045 2047/2167/2047 2046/2166/2046
f 1083/1128/1083 2047/2167/2047 2045/2165/2045
f 852/885/852 2046/2166/2046 2047/2167/2047
f 2048/2168/2048 2051/2171/2051 2049/2169/2049
f 177/177/177 178/178/178 2051/2171/2051
f 41/41/41 2049/2169/2049 2051/2171/2051
f 2052/2172/2052 2054/2174/2054 736/761/736
f 2053/2173/2053 2054/2174/2054 2052/2172/2052
f 738/763/738 736/761/736 2054/2174/2054
f 2055/2175/2055 2056/2177/2056 311/319/311
f 680/2176/680 2057/2178/2057 2056/2177/2056
f 312/320/312 311/319/311 2056/2177/2056
f 2058/2179/2058 2060/2181/2060 2059/2180/2059
f 183/183/183 2061/2182/2061 2060/2181/2060
f 672/697/672 2059/2180/2059 2060/2181/2060
f 38/38/38 2065/2186/2065 2062/2183/2062
f 2064/2185/2064 2062/2183/2062 2065/2186/2065
f 1068/1113/1068 2063/2184/2063 2062/2183/2062
f 2066/2187/2066 2068/2189/2068 2067/2188/2067
f 1368/1432/1368 2069/2190/2069 2068/2189/2068
f 478/494/478 2067/2188/2067 2068/2189/2068
f 2070/2191/2070 2071/2192/2071 1621/1705/1621
f 212/216/212 2072/2193/2072 2071/2192/2071
f 1622/1706/1622 1621/1705/1621 2071/2192/2071
f 358/366/358 2076/2197/2076 2073/2194/2073
f 2075/2196/2075 2073/2194/2073 2076/2197/2076
f 1030/1071/1030 2074/2195/2074 2073/2194/2073
f 337/345/337 2080/2201/2080 2077/2198/2077
f 2079/2200/2079 2077/2198/2077 2080/2201/2080
f 1730/1822/1730 2078/2199/2078 2077/2198/2077
f 2081/2202/2081 2083/2204/2083 2082/2203/2082
f 1507/1581/1507 2084/2205/2084 2083/2204/2083
f 286/294/286 2082/2203/2082 2083/2204/2083
f 2085/2206/2085 2088/2209/2088 2086/2207/2086
f 2087/2208/2087 2088/2209/2088 2085/2206/2085
f 1587/1667/1587 2086/2207/2086 2088/2209/2088
f 429/445/429 2091/2212/2091 2089/2210/2089
f 2090/2211/2090 2089/2210/2089 2091/2212/2091
f 569/589/569 570/590/570 2089/2210/2089
f 2092/2213/2092 2095/2216/2095 2093/2214/2093
f 2094/2215/2094 2095/2216/2095 2092/2213/2092
f 940/981/940 2093/2214/2093 2095/2216/2095
f 2017/2217/2017 2880/3035/2880 124/124/124
f 2096/2218/2096 2880/3035/2880 2017/2217/2017
f 124/124/124 2880/3035/2880 2096/2218/2096
f 2018/2220/2018 2098/2223/2098 2097/2221/2097
f 1885/1988/1885 2099/2224/2099 2098/2223/2098
f 2050/2170/2050 2097/2221/2097 2098/2223/2098
f 2100/2225/2100 2103/2228/2103 2101/2226/2101
f 2102/2227/2102 2103/2228/2103 2100/2225/2100
f 1425/1489/1425 2101/2226/2101 2103/2228/2103
f 2104/2229/2104 2106/2231/2106 2105/2230/2105
f 1480/1552/1480 2107/2232/2107 2106/2231/2106
f 726/751/726 2105/2230/2105 2106/2231/2106
f 2108/2233/2108 2109/2234/2109 842/875/842
f 1350/1414/1350 2110/2235/2110 2109/2234/2109
f 264/272/264 842/875/842 2109/2234/2109
f 2111/2236/2111 2113/2238/2113 2112/2237/2112
f 644/669/644 2114/2239/2114 2113/2238/2113
f 992/1033/992 2112/2237/2112 2113/2238/2113
f 2115/2240/2115 2116/2241/2116 1438/1506/1438
f 123/123/123 2117/2242/2117 2116/2241/2116
f 1439/1507/1439 1438/1506/1438 2116/2241/2116
f 2118/2243/2118 2121/2246/2121 2119/2244/2119
f 2120/2245/2120 2121/2246/2121 2118/2243/2118
f 545/561/545 2119/2244/2119 2121/2246/2121
f 123/123/123 2096/2249/2096 2122/2247/2122
f 2123/2248/2123 2122/2247/2122 2096/2249/2096
f 1439/1507/1439 2117/2242/2117 2122/2247/2122
f 2097/2251/2097 2126/2255/2126 2124/2252/2124
f 2125/2254/2125 2126/2255/2126 2097/2251/2097
f 390/402/390 2124/2252/2124 2126/2255/2126
f 2127/2256/2127 2131/2260/2131 2128/2257/2128
f 2129/2258/2129 2131/2260/2131 2127/2256/2127
f 758/787/758 2128/2257/2128 2131/2260/2131
f 2132/2261/2132 2133/2262/2133 1539/1615/1539
f 595/615/595 2134/2263/2134 2133/2262/2133
f 1540/1616/1540 1539/1615/1539 2133/2262/2133
f 2135/2264/2135 2138/2267/2138 2136/2265/2136
f 2137/2266/2137 2138/2267/2138 2135/2264/2135
f 1572/1652/1572 2136/2265/2136 2138/2267/2138
f 769/798/769 2141/2270/2141 2139/2268/2139
f 1923/2032/1923 2139/2268/2139 2141/2270/2141
f 1/1/1 2140/2269/2140 2139/2268/2139
f 2142/2271/2142 2144/2273/2144 2143/2272/2143
f 219/223/219 2145/2274/2145 2144/2273/2144
f 1936/2045/1936 2143/2272/2143 2144/2273/2144
f 18/18/18 2149/2278/2149 2146/2275/2146
f 2148/2277/2148 2146/2275/2146 2149/2278/2149
f 719/744/719 2147/2276/2147 2146/2275/2146
f 1135/1182/1135 2153/2282/2153 2150/2279/2150
f 2152/2281/2152 2150/2279/2150 2153/2282/2153
f 503/519/503 2151/2280/2151 2150/2279/2150
f 1864/1967/1864 2157/2286/2157 2154/2283/2154
f 2156/2285/2156 2154/2283/2154 2157/2286/2157
f 652/677/652 2155/2284/2155 2154/2283/2154
f 1784/1876/1784 2161/2290/2161 2158/2287/2158
f 2160/2289/2160 2158/2287/2158 2161/2290/2161
f 680/705/680 2159/2288/2159 2158/2287/2158
f 2162/2291/2162 2165/2294/2165 2163/2292/2163
f 2164/2293/2164 2165/2294/2165 2162/2291/2162
f 644/669/644 2163/2292/2163 2165/2294/2165
f 2166/2295/2166 2168/2297/2168 2167/2296/2167
f 1221/1276/1221 2169/2298/2169 2168/2297/2168
f 452/468/452 2167/2296/2167 2168/2297/2168
f 2170/2299/2170 2173/2302/2173 2171/2300/2171
f 2172/2301/2172 2173/2302/2173 2170/2299/2170
f 516/532/516 2171/2300/2171 2173/2302/2173
f 2174/2303/2174 2175/2304/2175 1228/1283/1228
f 1082/1127/1082 1767/1859/1767 2175/2304/2175
f 34/34/34 1228/1283/1228 2175/2304/2175
f 2176/2305/2176 2177/2306/2177 2171/2300/2171
f 1494/1568/1494 2177/2306/2177 2176/2305/2176
f 1496/1570/1496 2171/2300/2171 2177/2306/2177
f 2178/2307/2178 2180/2309/2180 2179/2308/2179
f 868/901/868 2181/2310/2181 2180/2309/2180
f 328/336/328 2179/2308/2179 2180/2309/2180
f 1068/1113/1068 2184/2313/2184 2182/2311/2182
f 2183/2312/2183 2182/2311/2182 2184/2313/2184
f 542/558/542 1070/1115/1070 2182/2311/2182
f 2185/2314/2185 2187/2316/2187 2186/2315/2186
f 685/710/685 2188/2317/2188 2187/2316/2187
f 1778/1870/1778 2186/2315/2186 2187/2316/2187
f 2189/2318/2189 2190/2319/2190 717/742/717
f 910/947/910 2191/2320/2191 2190/2319/2190
f 720/745/720 717/742/717 2190/2319/2190
f 2192/2321/2192 2194/2323/2194 2193/2322/2193
f 1762/1854/1762 2195/2324/2195 2194/2323/2194
f 759/788/759 2193/2322/2193 2194/2323/2194
f 1052/1097/1052 2198/2327/2198 2196/2325/2196
f 2197/2326/2197 2196/2325/2196 2198/2327/2198
f 1086/1133/1086 1087/1134/1087 2196/2325/2196
f 2199/2328/2199 2202/2331/2202 2200/2329/2200
f 2201/2330/2201 2202/2331/2202 2199/2328/2199
f 1927/2036/1927 2200/2329/2200 2202/2331/2202
f 1439/1507/1439 2123/2335/2123 2203/2332/2203
f 2205/2334/2205 2203/2332/2203 2123/2335/2123
f 1286/1341/1286 2204/2333/2204 2203/2332/2203
f 2124/2337/2124 2207/2340/2207 2206/2338/2206
f 392/404/392 2207/2340/2207 2124/2337/2124
f 396/408/396 2206/2338/2206 2207/2340/2207
f 2208/2341/2208 2211/2344/2211 2209/2342/2209
f 2210/2343/2210 2211/2344/2211 2208/2341/2208
f 1090/1137/1090 2209/2342/2209 2211/2344/2211
f 2212/2345/2212 2213/2346/2213 1036/1077/1036
f 7/7/7 1610/1694/1610 2213/2346/2213
f 1037/1078/1037 1036/1077/1036 2213/2346/2213
f 2214/2347/2214 2215/2348/2215 1415/1479/1415
f 714/739/714 1098/1145/1098 2215/2348/2215
f 1415/1479/1415 2215/2348/2215 1098/1145/1098
f 2216/2349/2216 2219/2352/2219 2217/2350/2217
f 2218/2351/2218 2219/2352/2219 2216/2349/2216
f 1076/1121/1076 2217/2350/2217 2219/2352/2219
f 1/1/1 2221/2354/2221 2220/2353/2220
f 1209/1264/1209 2220/2353/2220 2221/2354/2221
f 769/798/769 2140/2269/2140 2220/2353/2220
f 2222/2355/2222 2227/2360/2227 2223/2356/2223
f 2224/2357/2224 2227/2360/2227 2222/2355/2222
f 2226/2359/2226 2223/2356/2223 2227/2360/2227
f 1286/1341/1286 2205/2363/2205 2228/2361/2228
f 2229/2362/2229 2228/2361/2228 2205/2363/2205
f 1281/1336/1281 1283/1338/1283 2228/2361/2228
f 2206/2365/2206 2231/2368/2231 2230/2366/2230
f 396/408/396 2232/2369/2232 2231/2368/2231
f 1453/1521/1453 2230/2366/2230 2231/2368/2231
f 2233/2370/2233 2235/2372/2235 2234/2371/2234
f 1586/1666/1586 2235/2372/2235 2233/2370/2233
f 1587/1667/1587 2234/2371/2234 2235/2372/2235
f 628/652/628 2237/2374/2237 2236/2373/2236
f 753/782/753 2236/2373/2236 2237/2374/2237
f 743/770/743 777/806/777 2236/2373/2236
f 2238/2375/2238 2241/2378/2241 2239/2376/2239
f 2240/2377/2240 2241/2378/2241 2238/2375/2238
f 1515/1589/1515 2239/2376/2239 2241/2378/2241
f 497/513/497 2244/2381/2244 2242/2379/2242
f 1139/1187/1139 2242/2379/2242 2244/2381/2244
f 1142/1190/1142 2243/2380/2243 2242/2379/2242
f 458/474/458 2247/2384/2247 2245/2382/2245
f 9/9/9 2245/2382/2245 2247/2384/2247
f 13/13/13 2246/2383/2246 2245/2382/2245
f 1650/1734/1650 2251/2388/2251 2248/2385/2248
f 2250/2387/2250 2248/2385/2248 2251/2388/2251
f 1126/1173/1126 2249/2386/2249 2248/2385/2248
f 1266/1321/1266 2255/2392/2255 2252/2389/2252
f 2254/2391/2254 2252/2389/2252 2255/2392/2255
f 2253/2390/2253 2252/2389/2252 2254/2391/2254
f 2256/2393/2256 2259/2396/2259 2257/2394/2257
f 2258/2395/2258 2259/2396/2259 2256/2393/2256
f 1892/1995/1892 2257/2394/2257 2259/2396/2259
f 2260/2397/2260 2262/2399/2262 2261/2398/2261
f 289/1604/289 2263/2400/2263 2262/2399/2262
f 862/895/862 2261/2398/2261 2262/2399/2262
f 2264/2401/2264 2266/2403/2266 2265/2402/2265
f 1250/1305/1250 2266/2403/2266 2264/2401/2264
f 850/883/850 2265/2402/2265 2266/2403/2266
f 823/856/823 2270/2407/2270 2267/2404/2267
f 2269/2406/2269 2267/2404/2267 2270/2407/2270
f 971/1012/971 2268/2405/2268 2267/2404/2267
f 1037/1078/1037 2274/2411/2274 2271/2408/2271
f 2273/2410/2273 2271/2408/2271 2274/2411/2274
f 1343/1406/1343 2272/2409/2272 2271/2408/2271
f 2275/2412/2275 2276/2413/2276 1489/1561/1489
f 473/489/473 474/490/474 2276/2413/2276
f 471/487/471 1489/1561/1489 2276/2413/2276
f 1773/1865/1773 2280/2417/2280 2277/2414/2277
f 2279/2416/2279 2277/2414/2277 2280/2417/2280
f 207/211/207 2278/2415/2278 2277/2414/2277
f 2281/2418/2281 2282/2419/2282 968/1009/968
f 527/543/527 2283/2420/2283 2282/2419/2282
f 768/797/768 968/1009/968 2282/2419/2282
f 2284/2421/2284 2286/2423/2286 2285/2422/2285
f 971/1012/971 973/1014/973 2286/2423/2286
f 977/1018/977 2285/2422/2285 2286/2423/2286
f 2287/2424/2287 2289/2426/2289 2288/2425/2288
f 1112/1159/1112 2290/2427/2290 2289/2426/2289
f 53/53/53 2288/2425/2288 2289/2426/2289
f 2291/2428/2291 2293/2430/2293 2234/2371/2234
f 2292/2429/2292 2293/2430/2293 2291/2428/2291
f 1725/1817/1725 2234/2371/2234 2293/2430/2293
f 2294/2431/2294 2296/2433/2296 2295/2432/2295
f 1333/1396/1333 1334/1397/1334 2296/2433/2296
f 1299/1358/1299 2295/2432/2295 2296/2433/2296
f 2297/2434/2297 2300/2437/2300 2298/2435/2298
f 2299/2436/2299 2300/2437/2300 2297/2434/2297
f 750/779/750 2298/2435/2298 2300/2437/2300
f 1281/1336/1281 2229/2440/2229 2301/2438/2301
f 81/2439/81 2301/2438/2301 2229/2440/2229
f 1550/1626/1550 2301/2438/2301 81/2439/81
f 2230/2442/2230 2302/2445/2302 84/2443/84
f 1453/1521/1453 2303/2446/2303 2302/2445/2302
f 87/87/87 84/2443/84 2302/2445/2302
f 2304/2447/2304 2307/2450/2307 2305/2448/2305
f 2306/2449/2306 2307/2450/2307 2304/2447/2304
f 2225/2358/2225 2305/2448/2305 2307/2450/2307
f 2308/2451/2308 2310/2453/2310 2309/2452/2309
f 206/210/206 205/209/205 2310/2453/2310
f 89/89/89 2309/2452/2309 2310/2453/2310
f 2311/2454/2311 2314/2457/2314 2312/2455/2312
f 2313/2456/2313 2314/2457/2314 2311/2454/2311
f 10/10/10 2312/2455/2312 2314/2457/2314
f 2315/2458/2315 2316/2459/2316 1452/1520/1452
f 87/87/87 2303/2446/2303 2316/2459/2316
f 1453/1521/1453 1452/1520/1452 2316/2459/2316
f 46/46/46 2317/2460/2317 1958/2068/1958
f 48/48/48 1788/1880/1788 2317/2460/2317
f 1671/1755/1671 1958/2068/1958 2317/2460/2317
f 451/467/451 1395/1459/1395 2318/2461/2318
f 323/331/323 2167/2296/2167 2318/2461/2318
f 449/465/449 2318/2461/2318 2167/2296/2167
f 2319/2462/2319 2320/2463/2320 345/353/345
f 56/56/56 2320/2463/2320 2319/2462/2319
f 53/53/53 345/353/345 2320/2463/2320
f 1/1/1 3/3/3 2321/2464/2321
f 7/7/7 2322/2465/2322 2321/2464/2321
f 2294/2431/2294 2321/2464/2321 2322/2465/2322
f 1566/1646/1566 1568/1648/1568 2323/2466/2323
f 1153/1201/1153 2324/2467/2324 2323/2466/2323
f 2287/2424/2287 2323/2466/2323 2324/2467/2324
f 1411/1475/1411 2325/2468/2325 1075/1120/1075
f 1242/1297/1242 1379/1443/1379 2325/2468/2325
f 1076/1121/1076 1075/1120/1075 2325/2468/2325
f 2326/2469/2326 2327/2470/2327 2251/2388/2251
f 958/999/958 959/1000/959 2327/2470/2327
f 956/997/956 2251/2388/2251 2327/2470/2327
f 2328/2471/2328 2329/2472/2329 582/602/582
f 2145/2274/2145 2329/2472/2329 2328/2471/2328
f 219/223/219 582/602/582 2329/2472/2329
f 625/649/625 2330/2473/2330 2237/2374/2237
f 627/651/627 1666/1750/1666 2330/2473/2330
f 754/783/754 2237/2374/2237 2330/2473/2330
f 655/680/655 2331/2474/2331 861/894/861
f 485/501/485 1898/2001/1898 2331/2474/2331
f 862/895/862 861/894/861 2331/2474/2331
f 499/515/499 500/516/500 2332/2475/2332
f 2333/2476/2333 2332/2475/2332 500/516/500
f 870/903/870 2332/2475/2332 2333/2476/2333
f 2333/2476/2333 2334/2477/2334 1229/1284/1229
f 497/513/497 2243/2380/2243 2334/2477/2334
f 1142/1190/1142 1229/1284/1229 2334/2477/2334
f 2335/2478/2335 2336/2479/2336 1552/1628/1552
f 235/239/235 2337/2480/2337 2336/2479/2336
f 226/230/226 1552/1628/1552 2336/2479/2336
f 882/915/882 2339/2482/2339 2338/2481/2338
f 1355/1419/1355 1353/1417/1353 2338/2481/2338
f 880/913/880 2338/2481/2338 1353/1417/1353
f 258/266/258 2340/2483/2340 1042/1083/1042
f 261/269/261 1835/2484/1835 2340/2483/2340
f 1042/1083/1042 2340/2483/2340 1835/2484/1835
f 35/35/35 2342/2486/2342 2341/2485/2341
f 1766/1858/1766 1777/1869/1777 2341/2485/2341
f 808/841/808 2341/2485/2341 1777/1869/1777
f 855/888/855 2343/2487/2343 650/675/650
f 857/890/857 2344/2488/2344 2343/2487/2343
f 651/676/651 650/675/650 2343/2487/2343
f 931/968/931 2345/2489/2345 360/368/360
f 319/327/319 1506/1580/1506 2345/2489/2345
f 360/368/360 2345/2489/2345 1506/1580/1506
f 1251/1306/1251 2347/2491/2347 2346/2490/2346
f 977/1018/977 974/1015/974 2346/2490/2346
f 1257/1312/1257 2346/2490/2346 974/1015/974
f 645/670/645 1512/1586/1512 2348/2492/2348
f 458/474/458 457/473/457 2348/2492/2348
f 1743/1835/1743 2348/2492/2348 457/473/457
f 2349/2493/2349 2350/2494/2350 772/801/772
f 2130/2259/2130 2351/2495/2351 2350/2494/2350
f 772/801/772 2350/2494/2350 2351/2495/2351
f 749/778/749 2352/2496/2352 1786/1878/1786
f 750/779/750 1668/1752/1668 2352/2496/2352
f 1786/1878/1786 2352/2496/2352 1668/1752/1668
f 1044/1085/1044 2353/2497/2353 795/828/795
f 1045/1086/1045 1843/2498/1843 2353/2497/2353
f 795/828/795 2353/2497/2353 1843/2498/1843
f 2354/2499/2354 2355/2500/2355 1249/1304/1249
f 169/169/169 168/168/168 2355/2500/2355
f 1249/1304/1249 2355/2500/2355 168/168/168
f 2183/2312/2183 2356/2501/2356 1964/2074/1964
f 461/477/461 462/478/462 2356/2501/2356
f 459/475/459 1964/2074/1964 2356/2501/2356
f 1118/1165/1118 2357/2502/2357 26/26/26
f 1120/1167/1120 1657/1741/1657 2357/2502/2357
f 27/27/27 26/26/26 2357/2502/2357
f 120/120/120 2359/2504/2359 2358/2503/2358
f 439/455/439 2360/2505/2360 2358/2503/2358
f 118/118/118 2358/2503/2358 2360/2505/2360
f 2079/2200/2079 2361/2506/2361 1734/1826/1734
f 231/235/231 2008/2124/2008 2361/2506/2361
f 1214/1269/1214 1734/1826/1734 2361/2506/2361
f 2335/2478/2335 2362/2507/2362 239/243/239
f 77/77/77 79/79/79 2362/2507/2362
f 83/83/83 239/243/239 2362/2507/2362
f 1175/1226/1175 2364/2509/2364 2363/2508/2363
f 637/662/637 2261/2398/2261 2363/2508/2363
f 1895/1998/1895 2363/2508/2363 2261/2398/2261
f 1939/2048/1939 2365/2510/2365 2161/2290/2161
f 866/899/866 2366/2511/2366 2365/2510/2365
f 298/306/298 2161/2290/2161 2365/2510/2365
f 2306/2449/2306 2367/2512/2367 2311/2454/2311
f 917/954/917 2368/2513/2368 2367/2512/2367
f 2311/2454/2311 2367/2512/2367 2368/2513/2368
f 2369/2514/2369 2370/2515/2370 1827/1923/1827
f 223/227/223 1981/2091/1981 2370/2515/2370
f 802/835/802 1827/1923/1827 2370/2515/2370
f 2137/2266/2137 2371/2516/2371 1570/1650/1570
f 838/871/838 2372/2517/2372 2371/2516/2371
f 1570/1650/1570 2371/2516/2371 2372/2517/2372
f 1998/2114/1998 2373/2518/2373 2065/2186/2065
f 1402/1466/1402 1944/2053/1944 2373/2518/2373
f 2065/2186/2065 2373/2518/2373 1944/2053/1944
f 2268/2405/2268 2374/2519/2374 835/868/835
f 971/1012/971 2375/2520/2375 2374/2519/2374
f 835/868/835 2374/2519/2374 2375/2520/2375
f 881/914/881 2376/2521/2376 1904/2007/1904
f 213/217/213 1616/1700/1616 2376/2521/2376
f 1104/1151/1104 1904/2007/1904 2376/2521/2376
f 468/484/468 2377/2522/2377 150/150/150
f 466/482/466 2378/2523/2378 2377/2522/2377
f 150/150/150 2377/2522/2377 2378/2523/2378
f 522/538/522 521/537/521 2379/2524/2379
f 525/541/525 1934/2043/1934 2379/2524/2379
f 681/706/681 2379/2524/2379 1934/2043/1934
f 1441/1509/1441 1446/1514/1446 2380/2525/2380
f 120/120/120 119/119/119 2380/2525/2380
f 2115/2240/2115 2380/2525/2380 119/119/119
f 1336/1399/1336 2381/2526/2381 1803/1899/1803
f 1338/1401/1338 1686/1774/1686 2381/2526/2381
f 1803/1899/1803 2381/2526/2381 1686/1774/1686
f 2155/2284/2155 2382/2527/2382 2058/2179/2058
f 652/677/652 1271/1326/1271 2382/2527/2382
f 2058/2179/2058 2382/2527/2382 1271/1326/1271
f 2383/2528/2383 2384/2529/2384 718/743/718
f 18/18/18 2147/2276/2147 2384/2529/2384
f 719/744/719 718/743/718 2384/2529/2384
f 1479/1551/1479 2385/2530/2385 1544/1620/1544
f 1480/1552/1480 1614/1698/1614 2385/2530/2385
f 839/872/839 1544/1620/1544 2385/2530/2385
f 2386/2531/2386 2387/2532/2387 1596/1680/1596
f 1547/1623/1547 2136/2265/2136 2387/2532/2387
f 1596/1680/1596 2387/2532/2387 2136/2265/2136
f 1011/1052/1011 2388/2533/2388 295/303/295
f 165/165/165 166/166/166 2388/2533/2388
f 163/163/163 295/303/295 2388/2533/2388
f 1879/1982/1879 2389/2534/2389 2052/2172/2052
f 535/551/535 811/844/811 2389/2534/2389
f 2052/2172/2052 2389/2534/2389 811/844/811
f 301/1565/301 1900/2003/1900 2390/2535/2390
f 922/959/922 1122/1169/1122 2390/2535/2390
f 1491/1563/1491 2390/2535/2390 1122/1169/1122
f 1555/1631/1555 2391/2536/2391 783/816/783
f 584/604/584 583/603/583 2391/2536/2391
f 783/816/783 2391/2536/2391 583/603/583
f 635/659/635 1476/1548/1476 2392/2537/2392
f 1474/1546/1474 2082/2538/2082 2392/2537/2392
f 633/657/633 2392/2537/2392 2082/2538/2082
f 720/745/720 2191/2320/2191 2393/2539/2393
f 910/947/910 2394/2540/2394 2393/2539/2393
f 1237/1292/1237 2393/2539/2393 2394/2540/2394
f 2395/2541/2395 2396/2542/2396 1624/1708/1624
f 43/43/43 45/45/45 2396/2542/2396
f 1624/1708/1624 2396/2542/2396 45/45/45
f 591/611/591 2397/2543/2397 1417/1481/1417
f 592/612/592 1360/1424/1360 2397/2543/2397
f 1417/1481/1417 2397/2543/2397 1360/1424/1360
f 314/322/314 2399/2545/2399 2398/2544/2398
f 414/2100/414 678/2546/678 2398/2544/2398
f 2055/2175/2055 2398/2544/2398 678/2546/678
f 112/112/112 2400/2547/2400 748/777/748
f 116/116/116 2298/2435/2298 2400/2547/2400
f 748/777/748 2400/2547/2400 2298/2435/2298
f 1261/1316/1261 1263/1318/1263 2401/2548/2401
f 1266/1321/1266 1357/1421/1357 2401/2548/2401
f 1387/1451/1387 2401/2548/2401 1357/1421/1357
f 2210/2343/2210 2402/2549/2402 1088/1135/1088
f 590/610/590 589/609/589 2402/2549/2402
f 1088/1135/1088 2402/2549/2402 589/609/589
f 2313/2456/2313 2403/2550/2403 8/8/8
f 1307/1366/1307 1306/1365/1306 2403/2550/2403
f 8/8/8 2403/2550/2403 1306/1365/1306
f 2404/2551/2404 2405/2552/2405 1220/1275/1220
f 1008/1049/1008 2406/2553/2406 2405/2552/2405
f 1221/1276/1221 1220/1275/1220 2405/2552/2405
f 1554/1630/1554 2407/2554/2407 2020/2140/2020
f 785/818/785 2119/2244/2119 2407/2554/2407
f 2020/2140/2020 2407/2554/2407 2119/2244/2119
f 374/382/374 2408/2555/2408 386/398/386
f 72/72/72 71/71/71 2408/2555/2408
f 386/398/386 2408/2555/2408 71/71/71
f 1730/1822/1730 1732/1824/1732 2409/2556/2409
f 865/898/865 864/897/864 2409/2556/2409
f 2178/2307/2178 2409/2556/2409 864/897/864
f 414/2100/414 2399/2545/2399 2410/2557/2410
f 314/322/314 2411/2558/2411 2410/2557/2410
f 1988/2098/1988 2410/2557/2410 2411/2558/2411
f 1165/1215/1165 2412/2559/2412 705/730/705
f 1125/1172/1125 2412/2559/2412 1165/1215/1165
f 706/731/706 705/730/705 2412/2559/2412
f 465/481/465 1875/1978/1875 2413/2560/2413
f 499/515/499 871/904/871 2413/2560/2413
f 463/479/463 2413/2560/2413 871/904/871
f 1664/1748/1664 2415/2562/2415 2414/2561/2414
f 1080/1125/1080 2416/2563/2416 2414/2561/2414
f 1662/1746/1662 2414/2561/2414 2416/2563/2416
f 264/272/264 2110/2235/2110 2417/2564/2417
f 1350/1414/1350 2309/2452/2309 2417/2564/2417
f 262/270/262 2417/2564/2417 2309/2452/2309
f 2197/2326/2197 2418/2565/2418 1210/1265/1210
f 763/792/763 765/794/765 2418/2565/2418
f 769/798/769 1210/1265/1210 2418/2565/2418
f 1888/1991/1888 2419/2566/2419 1190/1241/1190
f 404/416/404 403/415/403 2419/2566/2419
f 1190/1241/1190 2419/2566/2419 403/415/403
f 1386/1450/1386 2421/2568/2421 2420/2567/2420
f 958/999/958 2326/2469/2326 2420/2567/2420
f 1854/1957/1854 2420/2567/2420 2326/2469/2326
f 1585/1665/1585 2422/2569/2422 2127/2256/2127
f 774/803/774 2351/2495/2351 2422/2569/2422
f 2127/2256/2127 2422/2569/2422 2351/2495/2351
f 2423/2570/2423 2424/2571/2424 327/335/327
f 339/347/339 340/348/340 2424/2571/2424
f 328/336/328 327/335/327 2424/2571/2424
f 2425/2572/2425 2426/2573/2426 1876/1979/1876
f 949/990/949 2427/2574/2427 2426/2573/2426
f 496/512/496 1876/1979/1876 2426/2573/2426
f 222/226/222 2428/2575/2428 1983/2093/1983
f 226/230/226 2337/2480/2337 2428/2575/2428
f 235/239/235 1983/2093/1983 2428/2575/2428
f 2429/2576/2429 2430/2577/2430 828/861/828
f 11/11/11 1308/1367/1308 2430/2577/2430
f 828/861/828 2430/2577/2430 1308/1367/1308
f 2431/2578/2431 2432/2579/2432 1583/1663/1583
f 1355/1419/1355 2339/2482/2339 2432/2579/2432
f 882/915/882 1583/1663/1583 2432/2579/2432
f 821/854/821 2433/2580/2433 2270/2407/2270
f 510/526/510 1975/2085/1975 2433/2580/2433
f 2270/2407/2270 2433/2580/2433 1975/2085/1975
f 530/546/530 2434/2581/2434 147/147/147
f 532/548/532 2435/2582/2435 2434/2581/2434
f 148/148/148 147/147/147 2434/2581/2434
f 1453/1521/1453 2232/2369/2232 2436/2583/2436
f 396/408/396 393/405/393 2436/2583/2436
f 1451/1519/1451 2436/2583/2436 393/405/393
f 318/326/318 1647/1731/1647 2437/2584/2437
f 1504/1578/1504 1503/1577/1503 2437/2584/2437
f 316/324/316 2437/2584/2437 1503/1577/1503
f 1037/1078/1037 2272/2409/2272 2438/2585/2438
f 1343/1406/1343 2439/2586/2439 2438/2585/2438
f 1035/1076/1035 2438/2585/2438 2439/2586/2439
f 816/849/816 817/850/817 2440/2587/2440
f 664/689/664 2441/2588/2441 2440/2587/2440
f 1727/1819/1727 2440/2587/2440 2441/2588/2441
f 1707/1795/1707 2442/2589/2442 2216/2349/2216
f 940/981/940 939/980/939 2442/2589/2442
f 2216/2349/2216 2442/2589/2442 939/980/939
f 1108/1155/1108 2443/2590/2443 988/1029/988
f 446/462/446 1579/1659/1579 2443/2590/2443
f 988/1029/988 2443/2590/2443 1579/1659/1579
f 17/17/17 663/688/663 2444/2591/2444
f 661/686/661 2445/2592/2445 2444/2591/2444
f 15/15/15 2444/2591/2444 2445/2592/2445
f 2224/2357/2224 2446/2593/2446 2238/2375/2238
f 2225/2358/2225 2312/2455/2312 2446/2593/2446
f 2238/2375/2238 2446/2593/2446 2312/2455/2312
f 2447/2594/2447 2448/2595/2448 2198/2327/2198
f 728/753/728 2449/2596/2449 2448/2595/2448
f 763/792/763 2198/2327/2198 2448/2595/2448
f 787/820/787 2209/2342/2209 2450/2597/2450
f 1090/1137/1090 1156/1204/1156 2450/2597/2450
f 2199/2328/2199 2450/2597/2450 1156/1204/1156
f 509/525/509 2452/2599/2452 2451/2598/2451
f 137/137/137 135/135/135 2451/2598/2451
f 1443/1511/1443 2451/2598/2451 135/135/135
f 1231/1286/1231 2453/2600/2453 1649/1733/1649
f 1113/1160/1113 1857/1960/1857 2453/2600/2453
f 1650/1734/1650 1649/1733/1649 2453/2600/2453
f 1796/1888/1796 2454/2601/2454 260/268/260
f 127/127/127 126/126/126 2454/2601/2454
f 260/268/260 2454/2601/2454 126/126/126
f 1749/1841/1749 2455/2602/2455 1938/2047/1938
f 868/901/868 869/902/869 2455/2602/2455
f 866/899/866 1938/2047/1938 2455/2602/2455
f 1474/2058/1474 1950/2060/1950 2456/2603/2456
f 102/102/102 2457/2604/2457 2456/2603/2456
f 2081/2202/2081 2456/2603/2456 2457/2604/2457
f 293/301/293 2458/2605/2458 2142/2271/2142
f 216/220/216 215/219/215 2458/2605/2458
f 2142/2271/2142 2458/2605/2458 215/219/215
f 891/924/891 2459/2606/2459 413/425/413
f 675/700/675 677/702/677 2459/2606/2459
f 414/426/414 413/425/413 2459/2606/2459
f 1171/1222/1171 2460/2607/2460 2080/2201/2080
f 233/237/233 234/238/234 2460/2607/2460
f 231/235/231 2080/2201/2080 2460/2607/2460
f 417/429/417 2461/2608/2461 616/640/616
f 421/433/421 2021/2141/2021 2461/2608/2461
f 616/640/616 2461/2608/2461 2021/2141/2021
f 515/531/515 2462/2609/2462 2176/2305/2176
f 518/534/518 2463/2610/2463 2462/2609/2462
f 2176/2305/2176 2462/2609/2462 2463/2610/2463
f 429/445/429 430/446/430 2464/2611/2464
f 384/396/384 1702/1790/1702 2464/2611/2464
f 792/825/792 2464/2611/2464 1702/1790/1702
f 1813/1909/1813 2465/2612/2465 1877/1980/1877
f 877/910/877 2466/2613/2466 2465/2612/2465
f 1877/1980/1877 2465/2612/2465 2466/2613/2466
f 1089/1136/1089 2467/2614/2467 1155/1203/1155
f 1092/1139/1092 2468/2615/2468 2467/2614/2467
f 1155/1203/1155 2467/2614/2467 2468/2615/2468
f 824/857/824 826/859/826 2469/2616/2469
f 2470/2617/2470 2469/2616/2469 826/859/826
f 1772/1864/1772 2469/2616/2469 2470/2617/2470
f 1393/1457/1393 1859/1962/1859 2471/2618/2471
f 339/347/339 2423/2570/2423 2471/2618/2471
f 1391/1455/1391 2471/2618/2471 2423/2570/2423
f 202/204/202 249/253/249 2472/2619/2472
f 251/257/251 2473/2620/2473 2472/2619/2472
f 1601/1685/1601 2472/2619/2472 2473/2620/2473
f 2474/2621/2474 2475/2622/2475 1007/1048/1007
f 1221/1276/1221 2406/2553/2406 2475/2622/2475
f 1008/1049/1008 1007/1048/1007 2475/2622/2475
f 246/250/246 244/248/244 2476/2623/2476
f 245/249/245 1922/2031/1922 2476/2623/2476
f 1910/2013/1910 2476/2623/2476 1922/2031/1922
f 52/52/52 2478/2625/2478 2477/2624/2477
f 1566/1646/1566 2288/2425/2288 2477/2624/2477
f 50/50/50 2477/2624/2477 2288/2425/2288
f 1551/1627/1551 2479/2626/2479 1285/1340/1285
f 226/230/226 227/231/227 2479/2626/2479
f 224/228/224 1285/1340/1285 2479/2626/2479
f 652/677/652 654/679/654 2480/2627/2480
f 657/682/657 1639/1723/1639 2480/2627/2480
f 1270/1325/1270 2480/2627/2480 1639/1723/1639
f 1513/1587/1513 2481/2628/2481 2247/2384/2247
f 1515/1589/1515 2240/2377/2240 2481/2628/2481
f 10/10/10 2247/2384/2247 2481/2628/2481
f 970/1011/970 1894/1997/1894 2482/2629/2482
f 1892/1995/1892 2483/2630/2483 2482/2629/2482
f 2281/2418/2281 2482/2629/2482 2483/2630/2483
f 1617/1701/1617 2484/2631/2484 1645/1729/1645
f 332/340/332 1625/1709/1625 2484/2631/2484
f 700/725/700 1645/1729/1645 2484/2631/2484
f 280/288/280 2485/2632/2485 1412/1476/1412
f 282/290/282 1244/1299/1244 2485/2632/2485
f 1242/1297/1242 1412/1476/1412 2485/2632/2485
f 323/331/323 325/333/325 2486/2633/2486
f 1219/1274/1219 2486/2633/2486 325/333/325
f 2166/2295/2166 2486/2633/2486 1219/1274/1219
f 523/539/523 2487/2634/2487 1012/1053/1012
f 524/540/524 1737/1829/1737 2487/2634/2487
f 165/165/165 1012/1053/1012 2487/2634/2487
f 2075/2196/2075 2488/2635/2488 1408/1472/1408
f 478/494/478 2069/2190/2069 2488/2635/2488
f 1368/1432/1368 1408/1472/1408 2488/2635/2488
f 1852/2636/1852 2489/2637/2489 1902/2005/1902
f 799/1948/799 1844/1946/1844 2489/2637/2489
f 1845/1947/1845 1902/2005/1902 2489/2637/2489
f 2490/2638/2490 2491/2639/2491 241/245/241
f 197/197/197 1563/1643/1563 2491/2639/2491
f 241/245/241 2491/2639/2491 1563/1643/1563
f 2492/2640/2492 2493/2641/2493 1377/1441/1377
f 1708/1796/1708 2217/2350/2217 2493/2641/2493
f 1377/1441/1377 2493/2641/2493 2217/2350/2217
f 1435/1503/1435 2494/2642/2494 303/311/303
f 1291/1346/1291 1605/1689/1605 2494/2642/2494
f 303/311/303 2494/2642/2494 1605/1689/1605
f 419/431/419 2495/2643/2495 1553/1629/1553
f 420/432/420 952/993/952 2495/2643/2495
f 1553/1629/1553 2495/2643/2495 952/993/952
f 1805/1901/1805 2496/2644/2496 442/458/442
f 1578/1658/1578 1577/1657/1577 2496/2644/2496
f 442/458/442 2496/2644/2496 1577/1657/1577
f 2279/2416/2279 2497/2645/2497 211/215/211
f 1622/1706/1622 2072/2193/2072 2497/2645/2497
f 212/216/212 211/215/211 2497/2645/2497
f 2411/2558/2411 2498/2646/2498 67/67/67
f 315/323/315 2498/2646/2498 2411/2558/2411
f 68/68/68 67/67/67 2498/2646/2498
f 405/417/405 2499/2647/2499 1984/2094/1984
f 406/418/406 2036/2156/2036 2499/2647/2499
f 1984/2094/1984 2499/2647/2499 2036/2156/2036
f 376/384/376 2500/2648/2500 94/94/94
f 184/184/184 1953/2063/1953 2500/2648/2500
f 94/94/94 2500/2648/2500 1953/2063/1953
f 433/449/433 432/448/432 2501/2649/2501
f 435/451/435 1787/1879/1787 2501/2649/2501
f 629/653/629 2501/2649/2501 1787/1879/1787
f 2502/2650/2502 2503/2651/2503 1152/1200/1152
f 1385/1449/1385 2504/2652/2504 2503/2651/2503
f 1153/1201/1153 1152/1200/1152 2503/2651/2503
f 675/700/675 2506/2654/2506 2505/2653/2505
f 1008/1049/1008 2404/2551/2404 2505/2653/2505
f 1781/1873/1781 2505/2653/2505 2404/2551/2404
f 242/246/242 2507/2655/2507 1099/1146/1099
f 246/250/246 1032/1073/1032 2507/2655/2507
f 1099/1146/1099 2507/2655/2507 1032/1073/1032
f 132/132/132 134/134/134 2508/2656/2508
f 137/137/137 1362/1426/1362 2508/2656/2508
f 687/712/687 2508/2656/2508 1362/1426/1362
f 2447/2594/2447 2509/2657/2509 732/757/732
f 1052/1097/1052 1053/1098/1053 2509/2657/2509
f 552/568/552 732/757/732 2509/2657/2509
f 2039/2159/2039 2510/2658/2510 1999/2115/1999
f 1404/1468/1404 1405/1469/1405 2510/2658/2510
f 1402/1466/1402 1999/2115/1999 2510/2658/2510
f 958/999/958 2421/2568/2421 2511/2659/2511
f 1386/1450/1386 1383/1447/1383 2511/2659/2511
f 1482/1554/1482 2511/2659/2511 1383/1447/1383
f 667/692/667 2512/2660/2512 2076/2197/2076
f 480/496/480 481/497/481 2512/2660/2512
f 478/494/478 2076/2197/2076 2512/2660/2512
f 2513/2661/2513 2514/2662/2514 136/136/136
f 2359/2504/2359 2514/2662/2514 2513/2661/2513
f 120/120/120 136/136/136 2514/2662/2514
f 1191/1242/1191 2515/2663/2515 1945/2054/1945
f 1194/1245/1194 1804/1900/1804 2515/2663/2515
f 1945/2054/1945 2515/2663/2515 1804/1900/1804
f 1753/1845/1753 2516/2664/2516 142/142/142
f 268/276/268 1101/1148/1101 2516/2664/2516
f 143/143/143 142/142/142 2516/2664/2516
f 585/605/585 2517/2665/2517 1692/1780/1692
f 219/223/219 220/224/220 2517/2665/2517
f 217/221/217 1692/1780/1692 2517/2665/2517
f 283/291/283 1410/1474/1410 2518/2666/2518
f 1071/1116/1071 2257/2394/2257 2518/2666/2518
f 1890/1993/1890 2518/2666/2518 2257/2394/2257
f 6/6/6 145/145/145 2519/2667/2519
f 2520/2668/2520 2519/2667/2519 145/145/145
f 1608/1692/1608 2519/2667/2519 2520/2668/2520
f 2483/2630/2483 2521/2669/2521 531/547/531
f 2258/2395/2258 2521/2669/2521 2483/2630/2483
f 532/548/532 531/547/531 2521/2669/2521
f 1181/1232/1181 2522/2670/2522 1811/1907/1811
f 492/508/492 2523/2671/2523 2522/2670/2522
f 1811/1907/1811 2522/2670/2522 2523/2671/2523
f 2524/2672/2524 2525/2673/2525 1354/1418/1354
f 1773/1865/1773 2278/2415/2278 2525/2673/2525
f 207/211/207 1354/1418/1354 2525/2673/2525
f 452/468/452 2169/2298/2169 2526/2674/2526
f 2474/2621/2474 2526/2674/2526 2169/2298/2169
f 1057/1102/1057 2526/2674/2526 2474/2621/2474
f 1095/1142/1095 2527/2675/2527 1422/1486/1422
f 714/739/714 716/741/716 2527/2675/2527
f 720/745/720 1422/1486/1422 2527/2675/2527
f 1324/1383/1324 2528/2676/2528 1719/1811/1719
f 1326/1385/1326 1448/1516/1448 2528/2676/2528
f 1719/1811/1719 2528/2676/2528 1448/1516/1448
f 1504/1578/1504 1970/2080/1970 2529/2677/2529
f 671/696/671 670/695/670 2529/2677/2529
f 1502/1576/1502 2529/2677/2529 670/695/670
f 1967/2077/1967 2530/2678/2530 159/159/159
f 985/1026/985 1256/1311/1256 2530/2678/2530
f 152/152/152 159/159/159 2530/2678/2530
f 2531/2679/2531 2532/2680/2532 668/693/668
f 518/534/518 519/535/519 2532/2680/2532
f 480/496/480 668/693/668 2532/2680/2532
f 2102/2227/2102 2533/2681/2533 1423/1487/1423
f 362/370/362 361/369/361 2533/2681/2533
f 1423/1487/1423 2533/2681/2533 361/369/361
f 1327/1386/1327 1717/1809/1717 2534/2682/2534
f 1720/1812/1720 2093/2214/2093 2534/2682/2534
f 1705/1793/1705 2534/2682/2534 2093/2214/2093
f 2535/2683/2535 2536/2684/2536 2233/2370/2233
f 418/430/418 773/802/773 2536/2684/2536
f 2233/2370/2233 2536/2684/2536 773/802/773
f 509/525/509 1697/1785/1697 2537/2685/2537
f 1700/1788/1700 1973/2083/1973 2537/2685/2537
f 507/523/507 2537/2685/2537 1973/2083/1973
f 2538/2686/2538 2539/2687/2539 1188/1239/1188
f 622/646/622 934/971/934 2539/2687/2539
f 936/975/936 1188/1239/1188 2539/2687/2539
f 2540/2688/2540 2541/2689/2541 1493/1567/1493
f 697/722/697 694/719/694 2541/2689/2541
f 1493/1567/1493 2541/2689/2541 694/719/694
f 2542/2690/2542 2543/2691/2543 2157/2286/2157
f 1132/1179/1132 1269/1324/1269 2543/2691/2543
f 487/503/487 2157/2286/2157 2543/2691/2543
f 1140/1188/1140 2545/2693/2545 2544/2692/2544
f 754/783/754 2416/2563/2416 2544/2692/2544
f 1138/1186/1138 2544/2692/2544 2416/2563/2416
f 936/975/936 1048/1089/1048 2546/2694/2546
f 369/377/369 368/376/368 2546/2694/2546
f 1689/1777/1689 2546/2694/2546 368/376/368
f 106/106/106 158/158/158 2547/2695/2547
f 155/155/155 490/506/490 2547/2695/2547
f 104/104/104 2547/2695/2547 490/506/490
f 1663/1747/1663 2549/2697/2549 1758/1850/1758
f 2548/2696/2548 2549/2697/2549 1663/1747/1663
f 1184/1235/1184 1758/1850/1758 2549/2697/2549
f 754/783/754 2545/2693/2545 2550/2698/2550
f 1140/1188/1140 2551/2699/2551 2550/2698/2550
f 752/781/752 2550/2698/2550 2551/2699/2551
f 350/358/350 2552/2700/2552 1225/1280/1225
f 308/316/308 306/314/306 2552/2700/2552
f 1225/1280/1225 2552/2700/2552 306/314/306
f 554/570/554 902/939/902 2553/2701/2553
f 781/814/781 2394/2540/2394 2553/2701/2553
f 909/946/909 2553/2701/2553 2394/2540/2394
f 2492/2640/2492 2554/2702/2554 1990/2102/1990
f 1158/1206/1158 2468/2615/2468 2554/2702/2554
f 1990/2102/1990 2554/2702/2554 2468/2615/2468
f 2555/2703/2555 2556/2704/2556 733/758/733
f 897/930/897 895/928/895 2556/2704/2556
f 733/758/733 2556/2704/2556 895/928/895
f 1546/1622/1546 2557/2705/2557 2135/2264/2135
f 839/872/839 837/870/837 2557/2705/2557
f 838/871/838 2135/2264/2135 2557/2705/2557
f 1016/1057/1016 2558/2706/2558 822/855/822
f 512/528/512 513/529/513 2558/2706/2558
f 510/526/510 822/855/822 2558/2706/2558
f 2324/2467/2324 2559/2707/2559 1384/1448/1384
f 1153/1201/1153 2504/2652/2504 2559/2707/2559
f 1385/1449/1385 1384/1448/1384 2559/2707/2559
f 484/500/484 2561/2709/2561 2560/2708/2560
f 1175/1226/1175 1896/1999/1896 2560/2708/2560
f 482/498/482 2560/2708/2560 1896/1999/1896
f 600/620/600 1711/1799/1711 2562/2710/2562
f 1713/1803/1713 1808/1904/1808 2562/2710/2562
f 1721/1813/1721 2562/2710/2562 1808/1904/1808
f 1091/1138/1091 2563/2711/2563 1325/1384/1325
f 593/613/593 1418/1482/1418 2563/2711/2563
f 1325/1384/1325 2563/2711/2563 1418/1482/1418
f 175/175/175 1997/2113/1997 2564/2712/2564
f 38/38/38 37/37/37 2564/2712/2564
f 173/173/173 2564/2712/2564 37/37/37
f 369/377/369 1162/1210/1162 2565/2713/2565
f 188/188/188 187/187/187 2565/2713/2565
f 367/375/367 2565/2713/2565 187/187/187
f 865/898/865 1659/1743/1659 2566/2714/2566
f 299/307/299 2567/2715/2567 2566/2714/2566
f 863/896/863 2566/2714/2566 2567/2715/2567
f 138/138/138 140/140/140 2568/2716/2568
f 57/57/57 331/339/331 2568/2716/2568
f 2070/2191/2070 2568/2716/2568 331/339/331
f 1350/1414/1350 1352/1416/1352 2569/2717/2569
f 1355/1419/1355 2431/2578/2431 2569/2717/2569
f 2308/2451/2308 2569/2717/2569 2431/2578/2431
f 641/666/641 2881/3036/2881 1941/2050/1941
f 1744/1836/1744 2881/3036/2881 641/666/641
f 1941/2050/1941 2881/3036/2881 1744/1836/1744
f 1426/1490/1426 2570/2718/2570 1301/1360/1301
f 365/373/365 1314/1373/1314 2570/2718/2570
f 1301/1360/1301 2570/2718/2570 1314/1373/1314
f 477/493/477 1820/1916/1820 2571/2719/2571
f 1631/1715/1631 2067/2188/2067 2571/2719/2571
f 475/491/475 2571/2719/2571 2067/2188/2067
f 2172/2301/2172 2572/2720/2572 1870/1973/1870
f 1762/1854/1762 1761/1853/1761 2572/2720/2572
f 1870/1973/1870 2572/2720/2572 1761/1853/1761
f 137/137/137 2452/2599/2452 2573/2721/2573
f 509/525/509 508/524/508 2573/2721/2573
f 1361/1425/1361 2573/2721/2573 508/524/508
f 261/1936/261 1887/1990/1887 2574/2722/2574
f 1192/1243/1192 1946/2055/1946 2574/2722/2574
f 1834/1934/1834 2574/2722/2574 1946/2055/1946
f 878/911/878 2575/2723/2575 1769/1861/1769
f 154/154/154 2378/2523/2378 2575/2723/2575
f 1769/1861/1769 2575/2723/2575 2378/2523/2378
f 1189/1240/1189 1691/1779/1691 2576/2724/2576
f 371/379/371 2577/2725/2577 2576/2724/2576
f 2003/2119/2003 2576/2724/2576 2577/2725/2577
f 516/532/516 1871/1974/1871 2578/2726/2578
f 477/493/477 476/492/476 2578/2726/2578
f 514/530/514 2578/2726/2578 476/492/476
f 1507/1581/1507 1509/1583/1509 2579/2727/2579
f 276/284/276 1655/1739/1655 2579/2727/2579
f 1866/1969/1866 2579/2727/2579 1655/1739/1655
f 458/474/458 2246/2383/2246 2580/2728/2580
f 13/13/13 979/1020/979 2580/2728/2580
f 456/472/456 2580/2728/2580 979/1020/979
f 2581/2729/2581 2582/2730/2582 1860/1963/1860
f 1170/1221/1170 1169/1220/1169 2582/2730/2582
f 1860/1963/1860 2582/2730/2582 1169/1220/1169
f 21/21/21 20/20/20 2583/2731/2583
f 2383/2528/2383 2583/2731/2583 20/20/20
f 2214/2347/2214 2583/2731/2583 2383/2528/2383
f 1459/1527/1459 2584/2732/2584 1905/2008/1905
f 758/787/758 757/786/757 2584/2732/2584
f 1905/2008/1905 2584/2732/2584 757/786/757
f 1694/1782/1694 2585/2733/2585 588/608/588
f 217/221/217 1390/1454/1390 2585/2733/2585
f 588/608/588 2585/2733/2585 1390/1454/1390
f 925/962/925 2586/2734/2586 1106/1153/1106
f 447/463/447 445/461/445 2586/2734/2586
f 1106/1153/1106 2586/2734/2586 445/461/445
f 259/2735/259 2587/2736/2587 1886/1989/1886
f 130/1411/130 1347/1410/1347 2587/2736/2587
f 1886/1989/1886 2587/2736/2587 1347/1410/1347
f 1713/1803/1713 1799/1891/1799 2588/2737/2588
f 1473/1545/1473 1472/1544/1472 2588/2737/2588
f 1807/1903/1807 2588/2737/2588 1472/1544/1472
f 155/155/155 153/153/153 2589/2738/2589
f 154/154/154 2590/2739/2590 2589/2738/2589
f 489/505/489 2589/2738/2589 2590/2739/2590
f 2342/2486/2342 2591/2740/2591 1764/1856/1764
f 35/35/35 32/32/32 2591/2740/2591
f 1764/1856/1764 2591/2740/2591 32/32/32
f 2354/2499/2354 2592/2741/2592 469/485/469
f 1251/1306/1251 1258/1313/1258 2592/2741/2592
f 469/485/469 2592/2741/2592 1258/1313/1258
f 1911/2014/1911 2593/2742/2593 1031/1072/1031
f 433/449/433 630/654/630 2593/2742/2593
f 1031/1072/1031 2593/2742/2593 630/654/630
f 2156/2285/2156 2594/2743/2594 656/681/656
f 487/503/487 488/504/488 2594/2743/2594
f 485/501/485 656/681/656 2594/2743/2594
f 1599/1683/1599 2595/2744/2595 907/944/907
f 1572/1652/1572 1571/1651/1571 2595/2744/2595
f 907/944/907 2595/2744/2595 1571/1651/1571
f 353/361/353 355/363/355 2596/2745/2596
f 731/756/731 2596/2745/2596 355/363/355
f 550/566/550 2596/2745/2596 731/756/731
f 1674/1758/1674 2597/2746/2597 1569/1649/1569
f 1296/1353/1296 1329/1388/1329 2597/2746/2597
f 1154/1202/1154 1569/1649/1569 2597/2746/2597
f 1528/2747/1528 2598/2748/2598 2153/2282/2153
f 289/297/289 290/298/290 2598/2748/2598
f 287/295/287 2153/2282/2153 2598/2748/2598
f 470/486/470 2599/2749/2599 1968/2078/1968
f 473/489/473 987/1028/987 2599/2749/2599
f 1968/2078/1968 2599/2749/2599 987/1028/987
f 1687/1775/1687 2600/2750/2600 1576/1656/1576
f 561/577/561 2112/2237/2112 2600/2750/2600
f 1576/1656/1576 2600/2750/2600 2112/2237/2112
f 1444/1512/1444 2601/2751/2601 1699/1787/1699
f 1441/1509/1441 1442/1510/1442 2601/2751/2601
f 224/228/224 1699/1787/1699 2601/2751/2601
f 719/744/719 1375/1439/1375 2602/2752/2602
f 816/849/816 1728/1820/1728 2602/2752/2602
f 2189/2318/2189 2602/2752/2602 1728/1820/1728
f 1398/1462/1398 2603/2753/2603 1017/1058/1017
f 689/714/689 1364/1428/1364 2603/2753/2603
f 512/528/512 1017/1058/1017 2603/2753/2603
f 1566/1646/1566 2478/2625/2478 2604/2754/2604
f 52/52/52 2605/2755/2605 2604/2754/2604
f 1673/1757/1673 2604/2754/2604 2605/2755/2605
f 1264/1319/1264 2606/2756/2606 2255/2392/2255
f 346/354/346 834/867/834 2606/2756/2606
f 832/865/832 2255/2392/2255 2606/2756/2606
f 2001/2117/2001 2607/2757/2607 2170/2299/2170
f 759/788/759 2195/2324/2195 2607/2757/2607
f 2170/2299/2170 2607/2757/2607 2195/2324/2195
f 277/285/277 279/287/279 2608/2758/2608
f 283/291/283 1891/1994/1891 2608/2758/2608
f 1365/1429/1365 2608/2758/2608 1891/1994/1891
f 2053/2173/2053 2609/2759/2609 2085/2206/2085
f 809/842/809 1780/1872/1780 2609/2759/2609
f 1778/1870/1778 2085/2206/2085 2609/2759/2609
f 2610/2760/2610 2611/2761/2611 1850/1953/1850
f 1540/1616/1540 2134/2263/2134 2611/2761/2611
f 595/615/595 1850/1953/1850 2611/2761/2611
f 1678/1762/1678 2612/2762/2612 571/591/571
f 727/752/727 1478/1550/1478 2612/2762/2612
f 571/591/571 2612/2762/2612 1478/1550/1478
f 99/99/99 1992/2105/1992 2613/2763/2613
f 438/454/438 437/453/437 2613/2763/2613
f 97/97/97 2613/2763/2613 437/453/437
f 240/244/240 1318/1377/1318 2614/2764/2614
f 1321/1380/1321 2615/2765/2615 2614/2764/2614
f 1310/1369/1310 2614/2764/2614 2615/2765/2615
f 1142/1190/1142 1143/1191/1143 2616/2766/2616
f 1080/1125/1080 1079/1124/1079 2616/2766/2616
f 2174/2303/2174 2616/2766/2616 1079/1124/1079
f 704/729/704 2617/2767/2617 2040/2160/2040
f 706/731/706 2044/2164/2044 2617/2767/2617
f 2040/2160/2040 2617/2767/2617 2044/2164/2044
f 991/1032/991 2618/2768/2618 643/668/643
f 992/1033/992 2114/2239/2114 2618/2768/2618
f 643/668/643 2618/2768/2618 2114/2239/2114
f 651/676/651 2005/2121/2005 2619/2769/2619
f 162/162/162 161/161/161 2619/2769/2619
f 1735/1827/1735 2619/2769/2619 161/161/161
f 1407/1471/1407 2620/2770/2620 969/1010/969
f 1368/1432/1368 1369/1433/1369 2620/2770/2620
f 970/1011/970 969/1010/969 2620/2770/2620
f 162/162/162 2622/2772/2622 2621/2771/2621
f 400/412/400 1499/1573/1499 2621/2771/2621
f 160/160/160 2621/2771/2621 1499/1573/1499
f 1348/1412/1348 2623/2773/2623 402/414/402
f 505/521/505 506/522/506 2623/2773/2623
f 406/418/406 402/414/402 2623/2773/2623
f 997/1038/997 2625/2775/2625 2624/2774/2624
f 984/1025/984 2615/2765/2615 2624/2774/2624
f 1636/1720/1636 2624/2774/2624 2615/2765/2615
f 905/942/905 2626/2776/2626 2304/2447/2304
f 908/945/908 2627/2777/2627 2626/2776/2626
f 2304/2447/2304 2626/2776/2626 2627/2777/2627
f 1455/1523/1455 2629/2779/2629 2628/2778/2628
f 264/272/264 263/271/263 2628/2778/2628
f 2315/2458/2315 2628/2778/2628 263/271/263
f 955/996/955 2631/2781/2631 2630/2780/2630
f 1540/1616/1540 2610/2760/2610 2630/2780/2630
f 953/994/953 2630/2780/2630 2610/2760/2610
f 294/302/294 2632/2782/2632 1373/1437/1373
f 163/163/163 1501/1575/1501 2632/2782/2632
f 1373/1437/1373 2632/2782/2632 1501/1575/1501
f 1960/2070/1960 2633/2783/2633 1979/2089/1979
f 1669/1753/1669 2633/2783/2633 1960/2070/1960
f 1670/1754/1670 1979/2089/1979 2633/2783/2633
f 298/306/298 2366/2511/2366 2634/2784/2634
f 866/899/866 2567/2715/2567 2634/2784/2634
f 296/304/296 2634/2784/2634 2567/2715/2567
f 763/792/763 2449/2596/2449 2635/2785/2635
f 728/753/728 1028/1069/1028 2635/2785/2635
f 1245/1300/1245 2635/2785/2635 1028/1069/1028
f 637/662/637 2364/2509/2364 2636/2786/2636
f 1175/1226/1175 1174/1225/1174 2636/2786/2636
f 2031/2151/2031 2636/2786/2636 1174/1225/1174
f 671/696/671 1863/1966/1863 2637/2787/2637
f 1864/1967/1864 2059/2180/2059 2637/2787/2637
f 669/694/669 2637/2787/2637 2059/2180/2059
f 146/146/146 2638/2788/2638 1519/1593/1519
f 148/148/148 1652/1736/1652 2638/2788/2638
f 1520/1594/1520 1519/1593/1519 2638/2788/2638
f 13/13/13 14/14/14 2639/2789/2639
f 11/11/11 2429/2576/2429 2639/2789/2639
f 978/1019/978 2639/2789/2639 2429/2576/2429
f 2640/2790/2640 2642/2792/2642 1751/1843/1751
f 2641/2791/2641 2642/2792/2642 2640/2790/2640
f 268/276/268 1751/1843/1751 2642/2792/2642
f 1372/1436/1372 2643/2793/2643 1265/1320/1265
f 341/349/341 343/351/343 2643/2793/2643
f 346/354/346 1265/1320/1265 2643/2793/2643
f 1644/1728/1644 2644/2794/2644 1021/1062/1021
f 700/725/700 699/724/699 2644/2794/2644
f 17/17/17 1021/1062/1021 2644/2794/2644
f 2025/2145/2025 2645/2795/2645 394/406/394
f 39/39/39 2646/2796/2646 2645/2795/2645
f 395/407/395 394/406/394 2645/2795/2645
f 2647/2797/2647 2648/2798/2648 599/619/599
f 1592/1674/1592 1681/1765/1681 2648/2798/2648
f 600/620/600 599/619/599 2648/2798/2648
f 1836/1937/1836 2649/2799/2649 1842/1944/1842
f 1837/1938/1837 2028/2148/2028 2649/2799/2649
f 1842/1944/1842 2649/2799/2649 2028/2148/2028
f 2120/2245/2120 2650/2800/2650 543/559/543
f 1927/2036/1927 1926/2035/1926 2650/2800/2650
f 543/559/543 2650/2800/2650 1926/2035/1926
f 614/638/614 615/639/615 2651/2801/2651
f 569/589/569 2090/2211/2090 2651/2801/2651
f 1094/1141/1094 2651/2801/2651 2090/2211/2090
f 1131/1178/1131 1816/1912/1816 2652/2802/2652
f 484/500/484 483/499/483 2652/2802/2652
f 1267/1322/1267 2652/2802/2652 483/499/483
f 2641/2791/2641 2653/2803/2653 266/274/266
f 915/952/915 914/951/914 2653/2803/2653
f 266/274/266 2653/2803/2653 914/951/914
f 503/519/503 1117/1164/1117 2654/2804/2654
f 22/22/22 2034/2154/2034 2654/2804/2654
f 501/517/501 2654/2804/2654 2034/2154/2034
f 642/667/642 2655/2805/2655 1514/1588/1514
f 644/669/644 2164/2293/2164 2655/2805/2655
f 1514/1588/1514 2655/2805/2655 2164/2293/2164
f 2013/2129/2013 2656/2806/2656 1054/1099/1054
f 908/945/908 906/943/906 2656/2806/2656
f 1054/1099/1054 2656/2806/2656 906/943/906
f 210/214/210 2657/2807/2657 1618/1702/1618
f 212/216/212 334/342/334 2657/2807/2657
f 332/340/332 1618/1702/1618 2657/2807/2657
f 1648/1732/1648 2658/2808/2658 1971/2081/1971
f 1650/1734/1650 2249/2386/2249 2658/2808/2658
f 1126/1173/1126 1971/2081/1971 2658/2808/2658
f 2427/2574/2427 2659/2809/2659 770/799/770
f 949/990/949 947/988/947 2659/2809/2659
f 770/799/770 2659/2809/2659 947/988/947
f 400/412/400 2622/2772/2622 2660/2810/2660
f 162/162/162 2577/2725/2577 2660/2810/2660
f 1275/1330/1275 2660/2810/2660 2577/2725/2577
f 148/148/148 2435/2582/2435 2661/2811/2661
f 532/548/532 2662/2812/2662 2661/2811/2661
f 1233/1288/1233 2661/2811/2661 2662/2812/2662
f 1740/1832/1740 2663/2813/2663 2185/2314/2185
f 522/538/522 682/707/682 2663/2813/2663
f 2185/2314/2185 2663/2813/2663 682/707/682
f 188/188/188 1197/1248/1197 2664/2814/2664
f 1199/1252/1199 2605/2755/2605 2664/2814/2664
f 186/186/186 2664/2814/2664 2605/2755/2605
f 318/326/318 2666/2816/2666 2665/2815/2665
f 1535/1611/1535 2254/2391/2254 2665/2815/2665
f 1230/1285/1230 2665/2815/2665 2254/2391/2254
f 2087/2208/2087 2667/2817/2667 2291/2428/2291
f 1778/1870/1778 2188/2317/2188 2667/2817/2667
f 2291/2428/2291 2667/2817/2667 2188/2317/2188
f 2668/2818/2668 2669/2819/2669 1416/1480/1416
f 1018/1059/1018 1020/1061/1020 2669/2819/2669
f 21/21/21 1416/1480/1416 2669/2819/2669
f 1439/1507/1439 2204/2333/2204 2670/2820/2670
f 1286/1341/1286 1284/1339/1284 2670/2820/2670
f 1437/1505/1437 2670/2820/2670 1284/1339/1284
f 2671/2821/2671 2672/2822/2672 695/720/695
f 1024/1065/1024 1023/1064/1023 2672/2822/2672
f 695/720/695 2672/2822/2672 1023/1064/1023
f 984/1025/984 2625/2775/2625 2673/2823/2673
f 997/1038/997 1254/1309/1254 2673/2823/2673
f 982/1023/982 2673/2823/2673 1254/1309/1254
f 352/360/352 1223/1278/1223 2674/2824/2674
f 1170/1221/1170 2581/2729/2581 2674/2824/2674
f 1522/1596/1522 2674/2824/2674 2581/2729/2581
f 1520/1594/1520 1525/1599/1525 2675/2825/2675
f 1393/1457/1393 1392/1456/1392 2675/2825/2675
f 1530/1606/1530 2675/2825/2675 1392/1456/1392
f 2676/2826/2676 2677/2827/2677 999/1040/999
f 619/643/619 2022/2142/2022 2677/2827/2677
f 999/1040/999 2677/2827/2677 2022/2142/2022
f 2152/2281/2152 2678/2828/2678 1119/1166/1119
f 287/295/287 1869/1972/1869 2678/2828/2678
f 1120/1167/1120 1119/1166/1119 2678/2828/2678
f 2520/2668/2520 2679/2829/2679 2274/2411/2274
f 149/149/149 1517/1591/1517 2679/2829/2679
f 1521/1595/1521 2274/2411/2274 2679/2829/2679
f 1631/1715/1631 1633/1717/1633 2680/2830/2680
f 277/285/277 1366/1430/1366 2680/2830/2680
f 2066/2187/2066 2680/2830/2680 1366/1430/1366
f 264/272/264 2629/2779/2629 2681/2831/2681
f 1455/1523/1455 2682/2832/2682 2681/2831/2681
f 841/874/841 2681/2831/2681 2682/2832/2682
f 1770/1862/1770 2683/2833/2683 33/33/33
f 872/905/872 1227/1282/1227 2683/2833/2683
f 34/34/34 33/33/33 2683/2833/2683
f 1977/2087/1977 2882/3037/2882 658/683/658
f 2671/2821/2671 2882/3037/2882 1977/2087/1977
f 658/683/658 2882/3037/2882 2671/2821/2671
f 24/24/24 2684/2834/2684 2033/2153/2033
f 28/28/28 961/1002/961 2684/2834/2684
f 2033/2153/2033 2684/2834/2684 961/1002/961
f 1954/2064/1954 2685/2835/2685 1277/1332/1277
f 1273/1328/1273 1641/1725/1641 2685/2835/2685
f 1277/1332/1277 2685/2835/2685 1641/1725/1641
f 2441/2588/2441 2686/2836/2686 357/365/357
f 664/689/664 666/691/666 2686/2836/2686
f 358/366/358 357/365/357 2686/2836/2686
f 1071/1116/1071 1073/1118/1073 2687/2837/2687
f 1077/1122/1077 2662/2812/2662 2687/2837/2687
f 2256/2393/2256 2687/2837/2687 2662/2812/2662
f 637/662/637 638/663/638 2688/2838/2688
f 286/660/286 285/2839/285 2688/2838/2688
f 2260/2397/2260 2688/2838/2688 285/2839/285
f 651/676/651 2344/2488/2344 2689/2840/2689
f 857/890/857 1757/1849/1757 2689/2840/2689
f 1930/2039/1930 2689/2840/2689 1757/1849/1757
f 1371/1435/1371 2690/2841/2690 214/218/214
f 1261/1316/1261 1388/1452/1388 2690/2841/2690
f 214/218/214 2690/2841/2690 1388/1452/1388
f 356/364/356 2691/2842/2691 1029/1070/1029
f 358/366/358 2074/2195/2074 2691/2842/2691
f 1030/1071/1030 1029/1070/1029 2691/2842/2691
f 1947/2056/1947 2692/2843/2692 2027/2147/2027
f 444/460/444 443/459/443 2692/2843/2692
f 2027/2147/2027 2692/2843/2692 443/459/443
f 182/182/182 2693/2844/2693 1952/2062/1952
f 183/183/183 1272/1327/1272 2693/2844/2693
f 1273/1328/1273 1952/2062/1952 2693/2844/2693
f 1626/1710/1626 2694/2845/2694 698/723/698
f 49/49/49 1959/2069/1959 2694/2845/2694
f 698/723/698 2694/2845/2694 1959/2069/1959
f 2050/2170/2050 2099/2224/2099 2695/2846/2695
f 1885/1988/1885 1883/1986/1883 2695/2846/2695
f 2048/2168/2048 2695/2846/2695 1883/1986/1883
f 814/847/814 2463/2610/2463 2696/2847/2696
f 518/534/518 2531/2679/2531 2696/2847/2696
f 812/845/812 2696/2847/2696 2531/2679/2531
f 710/735/710 1527/1601/1527 2697/2848/2697
f 1135/1605/1135 1134/2849/1134 2697/2848/2697
f 708/733/708 2697/2848/2697 1134/2849/1134
f 388/400/388 2698/2850/2698 228/232/228
f 75/75/75 2007/2123/2007 2698/2850/2698
f 228/232/228 2698/2850/2698 2007/2123/2007
f 1342/1405/1342 1560/1640/1560 2699/2851/2699
f 1038/1079/1038 2439/2586/2439 2699/2851/2699
f 1340/1403/1340 2699/2851/2699 2439/2586/2439
f 1206/1261/1206 2700/2852/2700 1211/1266/1211
f 797/830/797 796/829/796 2700/2852/2700
f 1211/1266/1211 2700/2852/2700 796/829/796
f 286/294/286 2084/2205/2084 2701/2853/2701
f 1507/1581/1507 1867/1970/1867 2701/2853/2701
f 284/292/284 2701/2853/2701 1867/1970/1867
f 2702/2854/2702 2704/2856/2704 2703/2855/2703
f 560/576/560 2705/2857/2705 2704/2856/2704
f 2703/2855/2703 2704/2856/2704 2705/2857/2705
f 1246/1301/1246 2706/2858/2706 767/796/767
f 965/1006/965 967/1008/967 2706/2858/2706
f 768/797/768 767/796/767 2706/2858/2706
f 1573/1653/1573 2707/2859/2707 884/917/884
f 1574/1654/1574 2265/2402/2265 2707/2859/2707
f 884/917/884 2707/2859/2707 2265/2402/2265
f 1010/1051/1010 2708/2860/2708 1933/2042/1933
f 291/299/291 2143/2272/2143 2708/2860/2708
f 1933/2042/1933 2708/2860/2708 2143/2272/2143
f 1224/1279/1224 2709/2861/2709 1168/1219/1168
f 307/315/307 1606/1690/1606 2709/2861/2709
f 1168/1219/1168 2709/2861/2709 1606/1690/1606
f 860/893/860 2710/2862/2710 1529/1603/1529
f 862/895/862 2263/2400/2263 2710/2862/2710
f 289/1604/289 1529/1603/1529 2710/2862/2710
f 195/195/195 2711/2863/2711 1565/1645/1565
f 196/196/196 1145/1193/1145 2711/2863/2711
f 1565/1645/1565 2711/2863/2711 1145/1193/1145
f 2712/2864/2712 2713/2865/2713 1144/1192/1144
f 171/171/171 170/170/170 2713/2865/2713
f 1144/1192/1144 2713/2865/2713 170/170/170
f 1006/1047/1006 2714/2866/2714 892/925/892
f 1008/1049/1008 2506/2654/2506 2714/2866/2714
f 675/700/675 892/925/892 2714/2866/2714
f 997/1038/997 998/1039/998 2715/2867/2715
f 465/481/465 464/480/464 2715/2867/2715
f 1253/1308/1253 2715/2867/2715 464/480/464
f 734/759/734 2716/2868/2716 1584/1664/1584
f 738/763/738 2086/2207/2086 2716/2868/2716
f 1584/1664/1584 2716/2868/2716 2086/2207/2086
f 724/749/724 2717/2869/2717 1477/1549/1477
f 726/751/726 2107/2232/2107 2717/2869/2717
f 1477/1549/1477 2717/2869/2717 2107/2232/2107
f 1700/1788/1700 2719/2871/2719 2718/2870/2718
f 223/227/223 2369/2514/2369 2718/2870/2718
f 1972/2082/1972 2718/2870/2718 2369/2514/2369
f 1055/1100/1055 2720/2872/2720 192/192/192
f 849/882/849 2721/2873/2721 2720/2872/2720
f 192/192/192 2720/2872/2720 2721/2873/2721
f 2299/2436/2299 2722/2874/2722 1667/1751/1667
f 1460/1528/1460 1906/2009/1906 2722/2874/2722
f 1667/1751/1667 2722/2874/2722 1906/2009/1906
f 2523/2671/2523 2723/2875/2723 875/908/875
f 492/508/492 2590/2739/2590 2723/2875/2723
f 875/908/875 2723/2875/2723 2590/2739/2590
f 1963/2073/1963 2724/2876/2724 1630/1714/1630
f 459/475/459 981/1022/981 2724/2876/2724
f 824/857/824 1630/1714/1630 2724/2876/2724
f 276/284/276 275/283/275 2725/2877/2725
f 132/132/132 688/713/688 2725/2877/2725
f 1654/1738/1654 2725/2877/2725 688/713/688
f 128/2878/128 2726/2879/2726 1346/1409/1346
f 129/1184/129 1137/1185/1137 2726/2879/2726
f 505/521/505 1346/1409/1346 2726/2879/2726
f 1193/1244/1193 2727/2880/2727 1335/1398/1335
f 407/419/407 1985/2095/1985 2727/2880/2727
f 1335/1398/1335 2727/2880/2727 1985/2095/1985
f 1782/1874/1782 2728/2881/2728 679/704/679
f 1784/1876/1784 2159/2288/2159 2728/2881/2728
f 680/705/680 679/704/679 2728/2881/2728
f 766/795/766 2729/2882/2729 2141/2270/2141
f 768/797/768 2283/2420/2283 2729/2882/2729
f 527/543/527 2141/2270/2141 2729/2882/2729
f 1302/1361/1302 2730/2883/2730 1287/1342/1287
f 375/383/375 387/399/387 2730/2883/2730
f 1287/1342/1287 2730/2883/2730 387/399/387
f 193/193/193 2731/2884/2731 1468/1540/1468
f 197/197/197 2490/2638/2490 2731/2884/2731
f 1468/1540/1468 2731/2884/2731 2490/2638/2490
f 60/60/60 2732/2885/2732 47/47/47
f 62/62/62 632/656/632 2732/2885/2732
f 48/48/48 47/47/47 2732/2885/2732
f 1015/1056/1015 2733/2886/2733 2104/2229/2104
f 818/851/818 1612/1696/1612 2733/2886/2733
f 2104/2229/2104 2733/2886/2733 1612/1696/1612
f 1912/2015/1912 2734/2887/2734 431/447/431
f 606/626/606 605/625/605 2734/2887/2734
f 431/447/431 2734/2887/2734 605/625/605
f 73/73/73 2735/2888/2735 2006/2122/2006
f 74/74/74 1212/1267/1212 2735/2888/2735
f 2006/2122/2006 2735/2888/2735 1212/1267/1212
f 944/985/944 946/987/946 2736/2889/2736
f 949/990/949 2425/2572/2425 2736/2889/2736
f 994/1035/994 2736/2889/2736 2425/2572/2425
f 1449/1517/1449 2737/2890/2737 928/965/928
f 321/329/321 322/330/322 2737/2890/2737
f 928/965/928 2737/2890/2737 322/330/322
f 141/141/141 2738/2891/2738 61/61/61
f 143/143/143 1033/1074/1033 2738/2891/2738
f 61/61/61 2738/2891/2738 1033/1074/1033
f 2502/2650/2502 2739/2892/2739 1841/1943/1841
f 1148/1196/1148 1463/1531/1463 2739/2892/2739
f 1465/1535/1465 1841/1943/1841 2739/2892/2739
f 1315/1374/1315 2740/2893/2740 179/179/179
f 672/697/672 2061/2182/2061 2740/2893/2740
f 183/183/183 179/179/179 2740/2893/2740
f 190/190/190 191/191/191 2741/2894/2741
f 52/52/52 51/51/51 2741/2894/2741
f 397/409/397 2741/2894/2741 51/51/51
f 347/355/347 349/357/349 2742/2895/2742
f 352/360/352 1523/1597/1523 2742/2895/2742
f 1651/1735/1651 2742/2895/2742 1523/1597/1523
f 2064/2185/2064 2743/2896/2743 2184/2313/2184
f 1746/1838/1746 1747/1839/1747 2743/2896/2743
f 461/477/461 2184/2313/2184 2743/2896/2743
f 1338/1401/1338 1677/1761/1677 2744/2897/2744
f 558/574/558 557/573/557 2744/2897/2744
f 1685/1773/1685 2744/2897/2744 557/573/557
f 2745/2898/2745 2746/2899/2746 921/958/921
f 707/732/707 2038/2158/2038 2746/2899/2746
f 175/175/175 921/958/921 2746/2899/2746
f 1634/1718/1634 2747/2900/2747 281/289/281
f 546/562/546 1928/2037/1928 2747/2900/2747
f 282/290/282 281/289/281 2747/2900/2747
f 2748/2901/2748 2749/2902/2749 856/889/856
f 1664/1748/1664 1756/1848/1756 2749/2902/2749
f 857/890/857 856/889/856 2749/2902/2749
f 1486/1558/1486 2750/2903/2750 351/359/351
f 942/983/942 943/984/943 2750/2903/2750
f 308/316/308 351/359/351 2750/2903/2750
f 1175/1226/1175 2561/2709/2561 2751/2904/2751
f 484/500/484 1817/1913/1817 2751/2904/2751
f 1173/1224/1173 2751/2904/2751 1817/1913/1817
f 223/227/223 2719/2871/2719 2752/2905/2752
f 1700/1788/1700 1698/1786/1698 2752/2905/2752
f 221/225/221 2752/2905/2752 1698/1786/1698
f 1104/1151/1104 1643/1727/1643 2753/2906/2753
f 2668/2818/2668 2753/2906/2753 1643/1727/1643
f 1102/1149/1102 2753/2906/2753 2668/2818/2668
f 1025/1066/1025 2754/2907/2754 2000/2116/2000
f 761/790/761 762/791/762 2754/2907/2754
f 759/788/759 2000/2116/2000 2754/2907/2754
f 784/817/784 2755/2908/2755 2118/2243/2118
f 787/820/787 2200/2329/2200 2755/2908/2755
f 2118/2243/2118 2755/2908/2755 2200/2329/2200
f 2457/2604/2457 2756/2909/2756 1510/1584/1510
f 102/102/102 103/103/103 2756/2909/2756
f 100/100/100 1510/1584/1510 2756/2909/2756
f 844/877/844 1775/1867/1775 2757/2910/2757
f 1773/1865/1773 2524/2672/2524 2757/2910/2757
f 2108/2233/2108 2757/2910/2757 2524/2672/2524
f 1290/1345/1290 2758/2911/2758 1604/1688/1604
f 230/234/230 229/233/229 2758/2911/2758
f 1604/1688/1604 2758/2911/2758 229/233/229
f 1146/1194/1146 2759/2912/2759 1062/1107/1062
f 109/109/109 110/110/110 2759/2912/2759
f 1062/1107/1062 2759/2912/2759 110/110/110
f 1733/1825/1733 2760/2913/2760 1661/1745/1661
f 1214/1269/1214 1215/1270/1215 2760/2913/2760
f 1661/1745/1661 2760/2913/2760 1215/1270/1215
f 1540/1616/1540 2631/2781/2631 2761/2914/2761
f 955/996/955 1840/1942/1840 2761/2914/2761
f 1538/1614/1538 2761/2914/2761 1840/1942/1840
f 1966/2076/1966 2762/2915/2762 167/167/167
f 106/106/106 105/105/105 2762/2915/2762
f 167/167/167 2762/2915/2762 105/105/105
f 1542/1618/1542 1590/1670/1590 2763/2916/2763
f 1592/1674/1592 2647/2797/2647 2763/2916/2763
f 2132/2261/2132 2763/2916/2763 2647/2797/2647
f 2094/2215/2094 2764/2917/2764 938/979/938
f 305/313/305 304/312/304 2764/2917/2764
f 938/979/938 2764/2917/2764 304/312/304
f 894/927/894 2765/2918/2765 2297/2434/2297
f 897/930/897 1458/1526/1458 2765/2918/2765
f 2297/2434/2297 2765/2918/2765 1458/1526/1458
f 1157/1205/1157 2766/2919/2766 1240/1295/1240
f 1158/1206/1158 1378/1442/1378 2766/2919/2766
f 1240/1295/1240 2766/2919/2766 1378/1442/1378
f 2148/2277/2148 2767/2920/2767 1376/1440/1376
f 697/722/697 2540/2688/2540 2767/2920/2767
f 814/847/814 1376/1440/1376 2767/2920/2767
f 100/100/100 441/457/441 2768/2921/2768
f 439/455/439 2513/2661/2513 2768/2921/2768
f 272/280/272 2768/2921/2768 2513/2661/2513
f 1978/2088/1978 2769/2922/2769 1022/1063/1022
f 1670/1754/1670 1908/2011/1908 2769/2922/2769
f 1022/1063/1022 2769/2922/2769 1908/2011/1908
f 2535/2683/2535 2770/2923/2770 416/428/416
f 1725/1817/1725 1724/1816/1724 2770/2923/2770
f 416/428/416 2770/2923/2770 1724/1816/1724
f 238/242/238 2771/2924/2771 1320/1379/1320
f 83/83/83 200/200/200 2771/2924/2771
f 202/204/202 1320/1379/1320 2771/2924/2771
f 390/402/390 2125/2254/2125 2772/2925/2772
f 2050/2170/2050 2049/2169/2049 2772/2925/2772
f 2024/2144/2024 2772/2925/2772 2049/2169/2049
f 922/959/922 924/961/924 2773/2926/2773
f 927/964/927 2042/2162/2042 2773/2926/2773
f 1121/1168/1121 2773/2926/2773 2042/2162/2042
f 2285/2422/2285 2774/2927/2774 2264/2401/2264
f 977/1018/977 2347/2491/2347 2774/2927/2774
f 1251/1306/1251 2264/2401/2264 2774/2927/2774
f 496/512/496 581/601/581 2775/2928/2775
f 579/599/579 2776/2929/2776 2775/2928/2775
f 494/510/494 2775/2928/2775 2776/2929/2776
f 2349/2493/2349 2777/2930/2777 2192/2321/2192
f 620/644/620 1760/1852/1760 2777/2930/2777
f 2192/2321/2192 2777/2930/2777 1760/1852/1760
f 2778/2931/2778 2779/2932/2779 111/111/111
f 1183/1234/1183 1812/1908/1812 2779/2932/2779
f 111/111/111 2779/2932/2779 1812/1908/1812
f 66/66/66 2780/2933/2780 1884/1987/1884
f 68/68/68 920/957/920 2780/2933/2780
f 177/177/177 1884/1987/1884 2780/2933/2780
f 337/345/337 2078/2199/2078 2781/2934/2781
f 1730/1822/1730 2179/2308/2179 2781/2934/2781
f 335/343/335 2781/2934/2781 2179/2308/2179
f 990/1031/990 989/1030/989 2782/2935/2782
f 639/664/639 1942/2051/1942 2782/2935/2782
f 1400/1464/1400 2782/2935/2782 1942/2051/1942
f 2295/2432/2295 2783/2936/2783 2221/2354/2221
f 1299/1358/1299 1298/1357/1298 2783/2936/2783
f 1202/1257/1202 2221/2354/2221 2783/2936/2783
f 363/371/363 2784/2937/2784 1313/1372/1313
f 364/372/364 674/699/674 2784/2937/2784
f 1313/1372/1313 2784/2937/2784 674/699/674
f 559/575/559 2785/2938/2785 2111/2236/2111
f 560/576/560 2163/2292/2163 2785/2938/2785
f 2111/2236/2111 2785/2938/2785 2163/2292/2163
f 1795/1887/1795 2786/2939/2786 1204/1259/1204
f 256/264/256 1043/1084/1043 2786/2939/2786
f 1204/1259/1204 2786/2939/2786 1043/1084/1043
f 2250/2387/2250 2787/2940/2787 1130/1177/1130
f 956/997/956 1848/1951/1848 2787/2940/2787
f 1131/1178/1131 1130/1177/1130 2787/2940/2787
f 2788/2941/2788 2789/2942/2789 1305/1364/1305
f 915/952/915 2640/2790/2640 2789/2942/2789
f 1305/1364/1305 2789/2942/2789 2640/2790/2640
f 1741/1833/1741 2790/2943/2790 520/536/520
f 646/671/646 648/673/648 2790/2943/2790
f 524/540/524 520/536/520 2790/2943/2790
f 1872/1975/1872 2791/2944/2791 1822/1918/1822
f 1001/1042/1001 1000/1041/1000 2791/2944/2791
f 548/564/548 1822/1918/1822 2791/2944/2791
f 312/320/312 2057/2178/2057 2792/2945/2792
f 680/2176/680 2160/2946/2160 2792/2945/2792
f 1164/1214/1164 2792/2945/2792 2160/2946/2160
f 1535/1611/1535 2666/2816/2666 2793/2947/2793
f 318/326/318 317/325/317 2793/2947/2793
f 1533/1609/1533 2793/2947/2793 317/325/317
f 38/38/38 2063/2184/2063 2794/2948/2794
f 1068/1113/1068 2795/2949/2795 2794/2948/2794
f 36/36/36 2794/2948/2794 2795/2949/2795
f 1598/1682/1598 1597/1681/1597 2796/2950/2796
f 903/940/903 2305/2448/2305 2796/2950/2796
f 2222/2355/2222 2796/2950/2796 2305/2448/2305
f 1901/2004/1901 2797/2951/2797 926/963/926
f 1845/1947/1845 2029/2149/2029 2797/2951/2797
f 447/463/447 926/963/926 2797/2951/2797
f 604/624/604 1180/1231/1180 2798/2952/2798
f 1183/1234/1183 2778/2931/2778 2798/2952/2798
f 602/622/602 2798/2952/2798 2778/2931/2778
f 1473/1545/1473 1828/1925/1828 2799/2953/2799
f 1830/1928/1830 2800/2954/2800 2799/2953/2799
f 1471/1543/1471 2799/2953/2799 2800/2954/2800
f 2801/2955/2801 2802/2956/2802 2045/2165/2045
f 1766/1858/1766 1765/1857/1765 2802/2956/2802
f 2045/2165/2045 2802/2956/2802 1765/1857/1765
f 572/592/572 2803/2957/2803 556/572/556
f 575/595/575 2705/2857/2705 2803/2957/2803
f 556/572/556 2803/2957/2803 2705/2857/2705
f 1064/1109/1064 1063/1108/1063 2804/2958/2804
f 604/624/604 603/623/603 2804/2958/2804
f 1920/2029/1920 2804/2958/2804 603/623/603
f 1279/1334/1279 2805/2959/2805 125/125/125
f 712/737/712 713/738/713 2805/2959/2805
f 125/125/125 2805/2959/2805 713/738/713
f 2129/2258/2129 2806/2960/2806 756/785/756
f 2130/2259/2130 2193/2322/2193 2806/2960/2806
f 756/785/756 2806/2960/2806 2193/2322/2193
f 1065/1110/1065 2807/2961/2807 1182/1233/1182
f 107/107/107 491/507/491 2807/2961/2807
f 1182/1233/1182 2807/2961/2807 491/507/491
f 859/892/859 2808/2962/2808 1638/1722/1638
f 710/735/710 709/734/709 2808/2962/2808
f 1638/1722/1638 2808/2962/2808 709/734/709
f 1935/2044/1935 2809/2963/2809 950/991/950
f 1936/2045/1936 2328/2471/2328 2809/2963/2809
f 950/991/950 2809/2963/2809 2328/2471/2328
f 1266/1321/1266 2253/2390/2253 2810/2964/2810
f 1535/1611/1535 1534/1610/1534 2810/2964/2810
f 1356/1420/1356 2810/2964/2810 1534/1610/1534
f 2273/2410/2273 2811/2965/2811 1957/2067/1957
f 1521/1595/1521 1532/1608/1532 2811/2965/2811
f 451/467/451 1957/2067/1957 2811/2965/2811
f 2046/2166/2046 2812/2966/2812 1742/1834/1742
f 852/885/852 854/887/854 2812/2966/2812
f 1742/1834/1742 2812/2966/2812 854/887/854
f 384/396/384 385/397/385 2813/2967/2813
f 254/262/254 1582/1662/1582 2813/2967/2813
f 1701/1789/1701 2813/2967/2813 1582/1662/1582
f 1574/1654/1574 2372/2517/2372 2814/2968/2814
f 838/871/838 2375/2520/2375 2814/2968/2814
f 2284/2421/2284 2814/2968/2814 2375/2520/2375
f 57/57/57 59/59/59 2815/2969/2815
f 43/43/43 2395/2541/2395 2815/2969/2815
f 330/338/330 2815/2969/2815 2395/2541/2395
f 573/593/573 2817/2971/2817 2816/2970/2816
f 574/594/574 1545/1621/1545 2817/2971/2817
f 2816/2970/2816 2817/2971/2817 1545/1621/1545
f 312/320/312 703/728/703 2818/2972/2818
f 707/732/707 2745/2898/2745 2818/2972/2818
f 310/318/310 2818/2972/2818 2745/2898/2745
f 1040/1081/1040 1432/1500/1432 2819/2973/2819
f 1333/1396/1333 2322/2465/2322 2819/2973/2819
f 2212/2345/2212 2819/2973/2819 2322/2465/2322
f 395/407/395 2646/2796/2646 2820/2974/2820
f 39/39/39 2795/2949/2795 2820/2974/2820
f 1067/1112/1067 2820/2974/2820 2795/2949/2795
f 1074/1119/1074 2821/2975/2821 1485/1557/1485
f 1076/1121/1076 2218/2351/2218 2821/2975/2821
f 942/983/942 1485/1557/1485 2821/2975/2821
f 618/642/618 2822/2976/2822 1759/1851/1759
f 619/643/619 2676/2826/2676 2822/2976/2822
f 1759/1851/1759 2822/2976/2822 2676/2826/2676
f 1660/1744/1660 2823/2977/2823 1853/1956/1853
f 800/833/800 798/831/798 2823/2977/2823
f 1853/1956/1853 2823/2977/2823 798/831/798
f 2538/2686/2538 2824/2978/2824 626/650/626
f 1184/1235/1184 2548/2696/2548 2824/2978/2824
f 627/651/627 626/650/626 2824/2978/2824
f 807/840/807 1312/1371/1312 2825/2979/2825
f 984/1025/984 983/1024/983 2825/2979/2825
f 2275/2412/2275 2825/2979/2825 983/1024/983
f 1826/1922/1826 2826/2980/2826 1490/1562/1490
f 802/835/802 804/837/804 2826/2980/2826
f 807/840/807 1490/1562/1490 2826/2980/2826
f 1341/1404/1341 2827/2981/2827 2011/2127/2011
f 454/470/454 455/471/455 2827/2981/2827
f 452/468/452 2011/2127/2011 2827/2981/2827
f 786/819/786 2828/2982/2828 2208/2341/2208
f 586/606/586 1693/1781/1693 2828/2982/2828
f 2208/2341/2208 2828/2982/2828 1693/1781/1693
f 1080/1125/1080 2415/2562/2415 2829/2983/2829
f 1664/1748/1664 2748/2901/2748 2829/2983/2829
f 1078/1123/1078 2829/2983/2829 2748/2901/2748
f 927/964/927 1107/1154/1107 2830/2984/2830
f 990/1031/990 1401/1465/1401 2830/2984/2830
f 2041/2161/2041 2830/2984/2830 1401/1465/1401
f 566/584/566 609/629/609 2831/2985/2831
f 611/633/611 2551/2699/2551 2831/2985/2831
f 1790/1882/1790 2831/2985/2831 2551/2699/2551
f 25/25/25 2832/2986/2832 1399/1463/1399
f 27/27/27 691/716/691 2832/2986/2832
f 689/714/689 1399/1463/1399 2832/2986/2832
f 1821/1917/1821 2833/2987/2833 1635/1719/1635
f 548/564/548 549/565/549 2833/2987/2833
f 1635/1719/1635 2833/2987/2833 549/565/549
f 790/823/790 2834/2988/2834 2091/2212/2091
f 794/827/794 1414/1478/1414 2834/2988/2834
f 1096/1143/1096 2091/2212/2091 2834/2988/2834
f 2801/2955/2801 2835/2989/2835 1776/1868/1776
f 1738/1830/1738 2186/2315/2186 2835/2989/2835
f 1776/1868/1776 2835/2989/2835 2186/2315/2186
f 2470/2617/2470 2836/2990/2836 2280/2417/2280
f 830/863/830 1620/1704/1620 2836/2990/2836
f 1622/1706/1622 2280/2417/2280 2836/2990/2836
f 53/53/53 2290/2427/2290 2837/2991/2837
f 1112/1159/1112 1111/1158/1111 2837/2991/2837
f 831/864/831 2837/2991/2837 1111/1158/1111
f 2445/2592/2445 2838/2992/2838 2149/2278/2149
f 661/686/661 693/718/693 2838/2992/2838
f 697/722/697 2149/2278/2149 2838/2992/2838
f 2776/2929/2776 2839/2993/2839 2244/2381/2244
f 579/599/579 1793/1885/1793 2839/2993/2839
f 1140/1188/1140 2244/2381/2244 2839/2993/2839
f 1112/1159/1112 1382/1446/1382 2840/2994/2840
f 1386/1450/1386 1855/1958/1855 2840/2994/2840
f 1110/1157/1110 2840/2994/2840 1855/1958/1855
f 1718/1810/1718 2841/2995/2841 2100/2225/2100
f 930/967/930 929/966/929 2841/2995/2841
f 2100/2225/2100 2841/2995/2841 929/966/929
f 1986/2096/1986 2842/2996/2842 725/750/725
f 963/1004/963 964/1005/964 2842/2996/2842
f 725/750/725 2842/2996/2842 964/1005/964
f 1849/1952/1849 2843/2997/2843 1818/1914/1818
f 595/615/595 597/617/597 2843/2997/2843
f 601/621/601 1818/1914/1818 2843/2997/2843
f 2816/2970/2816 2845/2999/2845 2844/2998/2844
f 2386/2531/2386 2845/2999/2845 2816/2970/2816
f 1598/1682/1598 2844/2998/2844 2845/2999/2845
f 114/114/114 2846/3000/2846 896/929/896
f 115/115/115 1878/1981/1878 2846/3000/2846
f 896/929/896 2846/3000/2846 1878/1981/1878
f 916/953/916 2847/3001/2847 2012/2128/2012
f 917/954/917 2627/2777/2627 2847/3001/2847
f 908/945/908 2012/2128/2012 2847/3001/2847
f 535/551/535 2466/2613/2466 2848/3002/2848
f 877/910/877 876/909/876 2848/3002/2848
f 533/549/533 2848/3002/2848 876/909/876
f 2682/2832/2682 2849/3003/2849 541/557/541
f 1455/1523/1455 1456/1524/1456 2849/3003/2849
f 395/407/395 541/557/541 2849/3003/2849
f 92/92/92 2850/3004/2850 70/70/70
f 96/96/96 1205/1260/1205 2850/3004/2850
f 70/70/70 2850/3004/2850 1205/1260/1205
f 2702/2854/2702 2851/3005/2851 2162/2291/2162
f 2226/2359/2226 2239/2376/2239 2851/3005/2851
f 2162/2291/2162 2851/3005/2851 2239/2376/2239
f 2800/3006/2800 2852/3007/2852 1951/2061/1951
f 1830/2017/1830 1915/2019/1915 2852/3007/2852
f 99/99/99 1951/2061/1951 2852/3007/2852
f 818/851/818 820/853/820 2853/3008/2853
f 823/856/823 836/869/836 2853/3008/2853
f 1611/1695/1611 2853/3008/2853 836/869/836
f 1982/2092/1982 2854/3009/2854 806/839/806
f 235/239/235 237/241/237 2854/3009/2854
f 240/244/240 806/839/806 2854/3009/2854
f 1126/1173/1126 1128/1175/1128 2855/3010/2855
f 1132/1179/1132 2542/2690/2542 2855/3010/2855
f 1861/1964/1861 2855/3010/2855 2542/2690/2542
f 827/860/827 2856/3011/2856 1619/1703/1619
f 829/862/829 1752/1844/1752 2856/3011/2856
f 1619/1703/1619 2856/3011/2856 1752/1844/1752
f 1419/1483/1419 2857/3012/2857 1447/1515/1447
f 1358/1422/1358 1537/1613/1537 2857/3012/2857
f 321/329/321 1447/1515/1447 2857/3012/2857
f 2555/2703/2555 2858/3013/2858 1457/1525/1457
f 735/760/735 2128/2257/2128 2858/3013/2858
f 1457/1525/1457 2858/3013/2858 2128/2257/2128
f 2788/2941/2788 2859/3014/2859 913/950/913
f 1307/1366/1307 2368/2513/2368 2859/3014/2859
f 913/950/913 2859/3014/2859 2368/2513/2368
f 438/454/438 2016/2132/2016 2860/3015/2860
f 121/121/121 2360/2505/2360 2860/3015/2860
f 436/452/436 2860/3015/2860 2360/2505/2360
f 2269/2406/2269 2861/3016/2861 975/1016/975
f 1823/1919/1823 1825/1921/1825 2861/3016/2861
f 975/1016/975 2861/3016/2861 1825/1921/1825
f 2292/2429/2292 2862/3017/2862 1723/1815/1723
f 685/710/685 683/708/683 2862/3017/2862
f 1723/1815/1723 2862/3017/2862 683/708/683
f 400/412/400 401/413/401 2863/3018/2863
f 55/55/55 2319/2462/2319 2863/3018/2863
f 1498/1572/1498 2863/3018/2863 2319/2462/2319
f 2473/2620/2473 2864/3019/2864 948/989/948
f 251/257/251 379/387/379 2864/3019/2864
f 381/391/381 948/989/948 2864/3019/2864
f 326/334/326 2865/3020/2865 1750/1842/1750
f 328/336/328 2181/2310/2181 2865/3020/2865
f 868/901/868 1750/1842/1750 2865/3020/2865
f 93/93/93 2866/3021/2866 1794/1886/1794
f 95/95/95 1278/1333/1278 2866/3021/2866
f 1794/1886/1794 2866/3021/2866 1278/1333/1278
f 1303/1362/1303 2867/3022/2867 373/381/373
f 181/181/181 180/180/180 2867/3022/2867
f 373/381/373 2867/3022/2867 180/180/180
f 28/28/28 1397/1461/1397 2868/3023/2868
f 1013/1054/1013 2105/2230/2105 2868/3023/2868
f 960/1001/960 2868/3023/2868 2105/2230/2105
f 2201/2330/2201 2869/3024/2869 1925/2034/1925
f 1159/1207/1159 1241/1296/1241 2869/3024/2869
f 1925/2034/1925 2869/3024/2869 1241/1296/1241
f 1337/1400/1337 2870/3025/2870 1676/1760/1676
f 721/746/721 723/748/723 2870/3025/2870
f 1676/1760/1676 2870/3025/2870 723/748/723
f 2712/2864/2712 2871/3026/2871 846/879/846
f 196/196/196 2721/2873/2721 2871/3026/2871
f 846/879/846 2871/3026/2871 2721/2873/2721
f 2101/2226/2101 2872/3027/2872 2092/2213/2092
f 1425/1489/1425 1434/1502/1434 2872/3027/2872
f 2092/2213/2092 2872/3027/2872 1434/1502/1434
f 1424/1488/1424 2873/3028/2873 1433/1501/1433
f 1289/1344/1289 1288/1343/1288 2873/3028/2873
f 1433/1501/1433 2873/3028/2873 1288/1343/1288
f 1135/1182/1135 2151/2280/2151 2874/3029/2874
f 503/519/503 502/518/502 2874/3029/2874
f 1133/1180/1133 2874/3029/2874 502/518/502
f 2703/2855/2703 2875/3030/2875 2223/2356/2223
f 2844/2998/2844 2875/3030/2875 2703/2855/2703
f 1598/1682/1598 2223/2356/2223 2875/3030/2875
