# Blender v2.92.0 OBJ File: ''
# www.blender.org
mtllib AST_5.mtl
o AST_05
v -0.506239 -0.056249 0.181142
v -0.503144 -0.060629 0.235345
v -0.515502 -0.027348 0.229091
v -0.529291 -0.078518 0.153313
v -0.526721 -0.078806 0.205466
v -0.504661 -0.091274 0.245475
v -0.538073 -0.100594 0.173557
v -0.506817 -0.110193 0.208792
v -0.514079 0.002227 0.214692
v -0.489323 -0.008490 0.261454
v -0.474748 0.020911 0.241703
v -0.509637 -0.028993 0.167029
v -0.540419 -0.055210 0.138463
v -0.566164 -0.107397 0.126146
v -0.553042 -0.145810 0.163059
v -0.533726 -0.124749 0.187012
v -0.544305 -0.159392 0.175543
v -0.545506 -0.149338 0.199787
v -0.524978 -0.137697 0.224463
v -0.498396 -0.127081 0.248178
v -0.470882 -0.116738 0.271425
v -0.490357 -0.076849 0.278326
v -0.477809 -0.045846 0.263524
v -0.564887 -0.239624 0.073941
v -0.562432 -0.181643 0.063687
v -0.567390 -0.223386 0.036993
v -0.542906 -0.244083 0.108738
v -0.569944 -0.198536 0.094738
v -0.555564 -0.144106 0.092177
v -0.555914 -0.208414 0.125102
v -0.559142 -0.160875 0.119118
v -0.540797 -0.247743 -0.018433
v -0.538461 -0.203957 0.009048
v -0.526937 -0.270638 0.057311
v -0.575918 -0.273145 0.014873
v -0.506846 -0.275291 0.130449
v -0.543925 -0.290208 0.097764
v -0.536689 -0.249122 0.145310
v -0.549886 -0.215993 0.157933
v -0.569776 -0.174145 0.145710
v -0.572412 -0.126507 0.149843
v -0.574231 -0.086361 0.103916
v -0.565760 -0.124190 0.065981
v -0.571258 -0.163531 0.032380
v -0.508365 -0.236747 0.253350
v -0.527053 -0.207253 0.225200
v -0.519613 -0.245363 0.217453
v -0.512576 -0.199113 0.258252
v -0.539919 -0.171630 0.233343
v -0.528167 -0.214024 0.188255
v -0.543145 -0.254998 0.186740
v -0.532468 -0.180087 0.195335
v -0.493574 -0.269420 0.285653
v -0.511974 -0.281616 0.252244
v -0.494535 -0.227575 0.287473
v -0.496260 -0.189388 0.290018
v -0.524897 -0.160632 0.265017
v -0.496010 -0.150442 0.289143
v -0.533158 -0.181913 0.162892
v -0.510701 -0.281940 0.170743
v -0.516544 -0.286804 0.212831
v -0.424230 0.164275 0.269658
v -0.404174 0.140869 0.328285
v -0.394797 0.183281 0.311321
v -0.459669 0.142558 0.235164
v -0.429102 0.125996 0.288737
v -0.390825 0.098081 0.325278
v -0.457211 0.107331 0.253159
v -0.414894 0.085542 0.289996
v -0.384734 0.223625 0.284316
v -0.361726 0.192827 0.354688
v -0.355160 0.249986 0.349015
v -0.461375 0.174061 0.212243
v -0.420916 0.199634 0.243873
v -0.488490 0.115415 0.197594
v -0.476193 0.083969 0.210062
v -0.440206 0.069392 0.257040
v -0.485262 0.055135 0.233094
v -0.439710 0.036256 0.267569
v -0.409113 0.046561 0.293690
v -0.375496 0.054102 0.318261
v -0.351451 0.057438 0.349017
v -0.371408 0.104097 0.363329
v -0.368435 0.146535 0.360829
v -0.523719 0.051764 0.111432
v -0.485346 0.053957 0.163903
v -0.519635 0.087779 0.158937
v -0.534843 -0.007885 0.094453
v -0.519546 0.025645 0.131748
v -0.510562 -0.002415 0.148992
v -0.504472 0.028062 0.194039
v -0.508598 0.147851 0.183901
v -0.522897 0.113796 0.134660
v -0.536712 0.040431 0.047413
v -0.523402 0.077003 0.088810
v -0.553030 -0.020103 0.028623
v -0.555195 0.018863 0.071316
v -0.576188 -0.040639 0.051088
v -0.551506 -0.029573 0.118878
v -0.421040 0.012783 0.309434
v -0.408644 -0.015384 0.350129
v -0.386833 0.016166 0.330826
v -0.464070 0.008852 0.293755
v -0.425354 -0.024469 0.316960
v -0.394656 -0.059110 0.342608
v -0.453574 -0.069957 0.295907
v -0.415582 -0.065864 0.310497
v -0.384903 0.028281 0.377550
v -0.470132 -0.027886 0.304220
v -0.472169 -0.103670 0.313644
v -0.435168 -0.102013 0.324506
v -0.393583 -0.097680 0.342594
v -0.404248 -0.087491 0.398848
v -0.399557 -0.048070 0.392313
v -0.373499 -0.016972 0.368477
v -0.428993 -0.333386 -0.146032
v -0.472784 -0.284526 -0.176813
v -0.425337 -0.321626 -0.192547
v -0.436592 -0.345624 -0.101575
v -0.453833 -0.284998 -0.123802
v -0.493175 -0.233834 -0.143216
v -0.483827 -0.317614 -0.096311
v -0.504397 -0.256660 -0.111258
v -0.364373 -0.341230 -0.187283
v -0.421558 -0.300207 -0.232683
v -0.353618 -0.335374 -0.246936
v -0.405550 -0.390966 -0.167208
v -0.415754 -0.398079 -0.117592
v -0.428561 -0.410452 -0.072459
v -0.468042 -0.377493 -0.070891
v -0.513484 -0.289888 -0.036332
v -0.536996 -0.285270 -0.084383
v -0.522653 -0.228665 -0.050066
v -0.539154 -0.212476 -0.086603
v -0.504126 -0.188254 -0.108271
v -0.503453 -0.165198 -0.140271
v -0.502063 -0.213374 -0.178282
v -0.471259 -0.260670 -0.210138
v -0.473108 -0.389552 0.024880
v -0.497671 -0.342726 -0.010865
v -0.472644 -0.383982 -0.021782
v -0.445476 -0.369301 0.065311
v -0.469144 -0.329868 0.029846
v -0.520022 -0.316967 0.044686
v -0.538851 -0.313714 -0.000170
v -0.482895 -0.346819 0.073008
v -0.431249 -0.413120 -0.023596
v -0.433005 -0.413290 0.021189
v -0.422006 -0.403407 0.063613
v -0.440196 -0.366749 0.106857
v -0.480903 -0.349292 0.116277
v -0.503819 -0.312337 0.081458
v -0.506661 -0.320240 0.124675
v -0.482768 -0.325288 -0.050588
v -0.549594 -0.166856 -0.055690
v -0.537707 -0.104434 -0.044805
v -0.544737 -0.145953 -0.083082
v -0.550878 -0.186868 -0.024869
v -0.554144 -0.124030 -0.021742
v -0.546927 -0.083063 0.016483
v -0.537865 -0.061388 -0.007414
v -0.559347 -0.144122 0.006086
v -0.532380 -0.122167 -0.108697
v -0.559401 -0.103922 0.040218
v -0.582510 -0.062982 0.077902
v -0.541664 0.002106 0.005896
v -0.527015 -0.038682 -0.031168
v -0.522570 -0.080477 -0.068587
v -0.401467 -0.345186 0.356091
v -0.425121 -0.317470 0.330471
v -0.414274 -0.351316 0.327227
v -0.417527 -0.317035 0.365294
v -0.461919 -0.295570 0.351782
v -0.455702 -0.339626 0.306673
v -0.410354 -0.347339 0.289688
v -0.470028 -0.300321 0.313203
v -0.384129 -0.342742 0.381108
v -0.384009 -0.368366 0.351942
v -0.390205 -0.373747 0.381595
v -0.387176 -0.311036 0.384542
v -0.421050 -0.281898 0.367915
v -0.408135 -0.282898 0.402379
v -0.425593 -0.245487 0.371345
v -0.439673 -0.249144 0.337260
v -0.476728 -0.259289 0.318396
v -0.475256 -0.304631 0.276085
v -0.460385 -0.341980 0.270083
v -0.410299 -0.346222 0.254619
v -0.390502 -0.374537 0.290255
v -0.383349 -0.367089 0.251944
v -0.398561 -0.382117 0.327425
v -0.428570 -0.207339 0.373179
v -0.456033 -0.174076 0.348218
v -0.445886 -0.211267 0.341593
v -0.425705 -0.171955 0.368987
v -0.446387 -0.136490 0.338472
v -0.471401 -0.180426 0.315902
v -0.469678 -0.218791 0.314578
v -0.469690 -0.142232 0.314272
v -0.400009 -0.243767 0.396523
v -0.408084 -0.206867 0.402500
v -0.405044 -0.169155 0.399490
v -0.403285 -0.135046 0.349902
v -0.378598 -0.132862 0.375243
v -0.419414 -0.353275 0.220973
v -0.468064 -0.345934 0.195331
v -0.421425 -0.355106 0.184599
v -0.455670 -0.338491 0.230057
v -0.488441 -0.314061 0.200418
v -0.443068 -0.371371 0.150022
v -0.494292 -0.315107 0.162570
v -0.475649 -0.348256 0.156456
v -0.394050 -0.377791 0.219352
v -0.495906 -0.321366 0.243897
v -0.420651 -0.403813 0.108214
v -0.432134 -0.414830 0.152310
v -0.397971 -0.378967 0.182549
v -0.203541 -0.555477 0.062873
v -0.250600 -0.522803 0.074821
v -0.238485 -0.526862 0.040729
v -0.163045 -0.550527 0.092980
v -0.219469 -0.560613 0.096588
v -0.260167 -0.521676 0.107137
v -0.182315 -0.567067 0.121933
v -0.225856 -0.535028 0.124584
v -0.218279 -0.504007 0.015568
v -0.280772 -0.522685 0.015233
v -0.261482 -0.499779 -0.014315
v -0.188028 -0.562201 0.029621
v -0.146006 -0.563236 0.066720
v -0.110028 -0.571456 0.104736
v -0.147679 -0.540146 0.143491
v -0.192865 -0.532228 0.141491
v -0.179759 -0.542434 0.178047
v -0.203565 -0.540541 0.169645
v -0.229079 -0.514906 0.154531
v -0.260517 -0.505740 0.141479
v -0.286958 -0.478716 0.127402
v -0.305256 -0.520445 0.095912
v -0.296796 -0.528099 0.055882
v -0.075985 -0.520703 0.244625
v -0.070326 -0.552383 0.197322
v -0.044369 -0.540503 0.235636
v -0.109396 -0.516470 0.254157
v -0.097616 -0.534363 0.209634
v -0.096380 -0.540722 0.156970
v -0.126384 -0.529381 0.221450
v -0.121491 -0.548428 0.176551
v -0.022194 -0.537354 0.279623
v -0.012338 -0.541646 0.220136
v 0.016390 -0.545543 0.268894
v -0.058316 -0.511105 0.283266
v -0.096070 -0.519281 0.294919
v -0.136294 -0.524821 0.302562
v -0.142748 -0.504090 0.257423
v -0.169756 -0.532756 0.198815
v -0.140823 -0.506643 0.183252
v -0.166049 -0.542991 0.163656
v -0.126976 -0.535008 0.121417
v -0.072909 -0.547319 0.138208
v -0.043717 -0.568646 0.182751
v -0.258855 -0.502899 0.255459
v -0.226477 -0.512300 0.225181
v -0.219414 -0.507927 0.261060
v -0.265863 -0.511923 0.220714
v -0.230202 -0.513360 0.189103
v -0.193023 -0.526000 0.231407
v -0.182038 -0.512607 0.263567
v -0.200679 -0.531095 0.199068
v -0.289878 -0.478982 0.285608
v -0.254269 -0.503037 0.296967
v -0.293220 -0.480885 0.245646
v -0.285475 -0.470546 0.205080
v -0.264794 -0.508511 0.181467
v -0.294708 -0.486787 0.169988
v -0.158718 -0.530336 0.230114
v -0.174323 -0.511377 0.300726
v -0.211999 -0.502918 0.298244
v -0.295458 -0.446556 -0.183095
v -0.353857 -0.414173 -0.152917
v -0.334420 -0.400961 -0.195242
v -0.250482 -0.466719 -0.150550
v -0.313244 -0.448085 -0.138580
v -0.377918 -0.440537 -0.117832
v -0.264672 -0.456184 -0.107556
v -0.316764 -0.426413 -0.082487
v -0.303230 -0.383438 -0.228045
v -0.258069 -0.411517 -0.199410
v -0.221850 -0.448287 -0.174423
v -0.204269 -0.476653 -0.111713
v -0.225518 -0.483053 -0.080972
v -0.281827 -0.466181 -0.072062
v -0.244517 -0.493274 -0.050470
v -0.293819 -0.463113 -0.026929
v -0.338388 -0.449118 -0.048996
v -0.391108 -0.448402 -0.072178
v -0.125130 -0.534061 -0.048454
v -0.186623 -0.513601 -0.054090
v -0.165018 -0.505203 -0.081592
v -0.082532 -0.536344 -0.002542
v -0.145984 -0.537866 -0.022100
v -0.205520 -0.516844 -0.022151
v -0.108431 -0.580930 0.007717
v -0.166637 -0.540887 0.006672
v -0.147537 -0.514348 -0.113665
v -0.179711 -0.468119 -0.138522
v -0.101251 -0.526950 -0.073364
v -0.055173 -0.524644 -0.027831
v -0.019304 -0.573762 0.005666
v -0.043556 -0.580870 0.028736
v -0.065495 -0.576782 0.054973
v -0.123082 -0.536047 0.045107
v -0.088114 -0.575525 0.080248
v -0.350554 -0.459935 -0.008093
v -0.393814 -0.438460 0.024460
v -0.393429 -0.442242 -0.020226
v -0.322574 -0.504199 -0.002930
v -0.377327 -0.490363 0.029737
v -0.365663 -0.465953 0.074238
v -0.380357 -0.420369 0.064604
v -0.333590 -0.505148 0.041238
v -0.348506 -0.513043 0.087584
v -0.333702 -0.482318 0.123300
v -0.375097 -0.473101 0.118844
v -0.400050 -0.440225 0.112610
v 0.159448 -0.436892 0.365450
v 0.172014 -0.461641 0.299033
v 0.185708 -0.407893 0.330956
v 0.111979 -0.440064 0.373432
v 0.123829 -0.447912 0.301739
v 0.148829 -0.504742 0.261643
v 0.101122 -0.483123 0.337071
v 0.108898 -0.494628 0.273329
v 0.186500 -0.352331 0.361063
v 0.218808 -0.398702 0.304013
v 0.242633 -0.343832 0.354335
v 0.147699 -0.370507 0.380987
v 0.114016 -0.395386 0.406956
v 0.064749 -0.398444 0.408173
v 0.069751 -0.450652 0.387104
v 0.050011 -0.471207 0.337866
v 0.071100 -0.493375 0.285618
v 0.035034 -0.499061 0.301142
v 0.049448 -0.528470 0.248127
v 0.083577 -0.529959 0.231782
v 0.116733 -0.532331 0.213852
v 0.176492 -0.494720 0.230879
v 0.144230 -0.534843 0.192650
v 0.202736 -0.456203 0.272716
v -0.018865 -0.467036 0.406930
v 0.017029 -0.495121 0.362217
v 0.025285 -0.457788 0.396810
v -0.064123 -0.477988 0.415981
v -0.029105 -0.500545 0.372687
v -0.000349 -0.521431 0.323045
v -0.073449 -0.496886 0.374422
v -0.044078 -0.515764 0.329647
v 0.024785 -0.413855 0.425554
v -0.012600 -0.436080 0.449079
v -0.058414 -0.453647 0.465017
v -0.107614 -0.444985 0.455424
v -0.110916 -0.476852 0.415515
v -0.116157 -0.486497 0.372688
v -0.081938 -0.497712 0.329672
v -0.125052 -0.507767 0.339716
v 0.050370 -0.556807 0.187612
v 0.040221 -0.560994 0.119004
v 0.076001 -0.539636 0.161832
v 0.019344 -0.561957 0.208343
v 0.012263 -0.570906 0.143450
v 0.000249 -0.569250 0.075509
v -0.015342 -0.563621 0.162441
v -0.025554 -0.571061 0.098630
v 0.104989 -0.545176 0.140948
v -0.049988 -0.565447 0.120437
v 0.024215 -0.581651 0.051283
v 0.064234 -0.560511 0.097170
v -0.364093 -0.391671 0.358293
v -0.337550 -0.416342 0.334550
v -0.333335 -0.401578 0.365134
v -0.366852 -0.398714 0.328056
v -0.346607 -0.431426 0.304139
v -0.306474 -0.431852 0.342540
v -0.283920 -0.391181 0.360580
v -0.314993 -0.449687 0.311457
v -0.359558 -0.372260 0.383146
v -0.377328 -0.411676 0.298705
v -0.378843 -0.416180 0.263897
v -0.353853 -0.440561 0.270025
v -0.313645 -0.450516 0.271660
v -0.275889 -0.455668 0.316204
v -0.273345 -0.448841 0.353312
v -0.267201 -0.430084 0.386189
v -0.301699 -0.391033 0.404641
v -0.267151 -0.407203 0.417942
v -0.339674 -0.390308 0.400569
v -0.385908 -0.424252 0.229158
v -0.363329 -0.453718 0.196634
v -0.357062 -0.445079 0.233164
v -0.391557 -0.428116 0.191180
v -0.368687 -0.461293 0.157858
v -0.330941 -0.475368 0.204751
v -0.304042 -0.437187 0.230159
v -0.338527 -0.485408 0.165595
v -0.387827 -0.424867 0.149457
v -0.237704 -0.456538 0.403768
v -0.203257 -0.495642 0.378112
v -0.195535 -0.458338 0.406677
v -0.239769 -0.469316 0.364535
v -0.205219 -0.492688 0.334089
v -0.156008 -0.474480 0.368773
v -0.154299 -0.468894 0.411359
v -0.164587 -0.494268 0.335811
v -0.230251 -0.413801 0.426500
v -0.243483 -0.477109 0.327070
v -0.157875 -0.462682 0.466466
v -0.194424 -0.430278 0.440811
v -0.066538 -0.185677 0.596221
v -0.073616 -0.240920 0.565966
v -0.040109 -0.225100 0.562375
v -0.094132 -0.144794 0.555926
v -0.098731 -0.200993 0.593398
v -0.112044 -0.253680 0.574606
v -0.125712 -0.160176 0.587943
v -0.134477 -0.215223 0.587416
v -0.010715 -0.206059 0.550133
v -0.017260 -0.266791 0.545087
v 0.018538 -0.250538 0.538979
v -0.038141 -0.166686 0.573290
v -0.070350 -0.125755 0.557779
v -0.128523 -0.109192 0.562214
v -0.151719 -0.127605 0.570036
v -0.154373 -0.176930 0.583401
v -0.172202 -0.147839 0.562047
v -0.175380 -0.185474 0.557135
v -0.162366 -0.219024 0.557534
v -0.148930 -0.255695 0.555788
v -0.138348 -0.297838 0.557897
v -0.093489 -0.294189 0.563577
v -0.055136 -0.278438 0.545565
v -0.240473 -0.062734 0.502658
v -0.199884 -0.051298 0.536367
v -0.231905 -0.029454 0.509739
v -0.258128 -0.091643 0.516874
v -0.209706 -0.081119 0.524753
v -0.164575 -0.077661 0.553804
v -0.222894 -0.109239 0.528423
v -0.183808 -0.101205 0.557484
v -0.269706 -0.010565 0.490010
v -0.231581 0.006152 0.537350
v -0.258437 0.023856 0.491076
v -0.270895 -0.048136 0.476909
v -0.278050 -0.081749 0.474447
v -0.296365 -0.115461 0.494985
v -0.263238 -0.128161 0.514943
v -0.231325 -0.140660 0.530635
v -0.191242 -0.127781 0.536372
v -0.204178 -0.152540 0.548454
v -0.142831 -0.055163 0.546452
v -0.111458 -0.086778 0.577674
v -0.168415 -0.030473 0.498371
v -0.251903 -0.239605 0.501268
v -0.229072 -0.211498 0.528791
v -0.267560 -0.203147 0.523105
v -0.228549 -0.250629 0.535839
v -0.198768 -0.218191 0.552559
v -0.231973 -0.175231 0.528905
v -0.261193 -0.164657 0.508752
v -0.200372 -0.183167 0.540672
v -0.291777 -0.273304 0.502010
v -0.298344 -0.232887 0.506814
v -0.262535 -0.284266 0.525002
v -0.216051 -0.287838 0.520226
v -0.193745 -0.257778 0.560429
v -0.185729 -0.299250 0.557469
v -0.178173 -0.162290 0.540603
v -0.282280 -0.154078 0.473151
v -0.294805 -0.191251 0.496891
v 0.171064 -0.280051 0.460289
v 0.146340 -0.335294 0.425975
v 0.176592 -0.307589 0.400418
v 0.142528 -0.235218 0.487989
v 0.130990 -0.295540 0.462012
v 0.101967 -0.346749 0.431224
v 0.101292 -0.249072 0.480029
v 0.078743 -0.298248 0.446401
v 0.213179 -0.285854 0.395143
v 0.199388 -0.254214 0.450418
v 0.173077 -0.213098 0.487024
v 0.114194 -0.194822 0.522382
v 0.083805 -0.214623 0.525474
v 0.071724 -0.270646 0.494889
v 0.047735 -0.229973 0.522980
v 0.042774 -0.293760 0.521039
v 0.043794 -0.316713 0.463191
v 0.056127 -0.357704 0.436463
v 0.040903 -0.105072 0.557930
v 0.045294 -0.165748 0.531815
v 0.080804 -0.150722 0.549384
v 0.004496 -0.063828 0.596939
v 0.021397 -0.129772 0.585271
v -0.010004 -0.146184 0.566617
v 0.020277 -0.187629 0.546827
v -0.021327 -0.084764 0.592903
v 0.140695 -0.169993 0.516338
v 0.105010 -0.126662 0.541727
v 0.030531 -0.042570 0.600128
v 0.062447 -0.080427 0.544530
v -0.016670 0.002291 0.574695
v -0.042408 -0.018646 0.586405
v -0.065563 -0.042352 0.580097
v -0.045973 -0.104035 0.568412
v 0.016150 -0.344193 0.497788
v -0.022209 -0.385853 0.467366
v 0.023213 -0.379526 0.463317
v -0.007367 -0.296511 0.502354
v -0.029064 -0.351876 0.498495
v -0.065460 -0.394672 0.474492
v -0.038480 -0.318254 0.528263
v -0.074882 -0.354821 0.494990
v -0.083629 -0.323147 0.523201
v -0.127787 -0.348150 0.563809
v -0.118121 -0.362299 0.503491
v -0.109937 -0.404507 0.482362
v -0.319503 0.139541 0.380558
v -0.288576 0.169266 0.436339
v -0.309150 0.183144 0.380364
v -0.325293 0.097224 0.379667
v -0.299367 0.129848 0.428222
v -0.260666 0.111363 0.457347
v -0.236412 0.144196 0.451510
v -0.304261 0.088820 0.419983
v -0.301563 0.227322 0.394132
v -0.343168 0.059683 0.391594
v -0.288427 0.039647 0.454898
v -0.276805 0.075682 0.456871
v -0.248789 0.059864 0.499791
v -0.229279 0.090036 0.496505
v -0.215477 0.122563 0.508185
v -0.188813 0.150906 0.506393
v -0.212979 0.176112 0.453192
v -0.271364 0.206207 0.445852
v -0.352058 -0.017848 0.398589
v -0.318685 0.013476 0.422694
v -0.356816 0.024410 0.403441
v -0.384837 -0.046479 0.431080
v -0.339161 -0.018421 0.443968
v -0.295802 0.002975 0.454633
v -0.344005 -0.057034 0.449216
v -0.295461 -0.037570 0.448862
v -0.384695 -0.090880 0.431089
v -0.306251 -0.107150 0.455633
v -0.294883 -0.074135 0.443673
v -0.293440 0.044803 0.400836
v -0.175122 0.091450 0.539057
v -0.148974 0.030862 0.547975
v -0.129624 0.057313 0.556579
v -0.208039 0.033269 0.523969
v -0.181385 0.059071 0.507862
v -0.109062 -0.002849 0.573323
v -0.080216 0.019072 0.554691
v -0.131695 -0.027998 0.571365
v -0.151648 0.119274 0.542952
v -0.167307 0.003516 0.543133
v -0.091376 -0.063891 0.587978
v -0.056020 0.041605 0.551051
v -0.097356 0.080215 0.537020
v -0.371068 -0.354995 0.409521
v -0.350876 -0.330621 0.446709
v -0.373233 -0.321840 0.419060
v -0.345979 -0.366406 0.429173
v -0.317937 -0.340319 0.463793
v -0.341287 -0.287556 0.438037
v -0.358819 -0.279448 0.404785
v -0.331148 -0.303477 0.486977
v -0.304051 -0.363947 0.430846
v -0.290936 -0.356390 0.490898
v -0.281454 -0.308130 0.483879
v -0.328693 -0.263762 0.481823
v -0.346653 -0.252260 0.442463
v -0.366359 -0.245214 0.414256
v -0.242095 -0.399788 0.471891
v -0.208756 -0.374234 0.513397
v -0.250892 -0.363553 0.500325
v -0.200518 -0.410133 0.482311
v -0.164304 -0.378974 0.520123
v -0.211749 -0.328335 0.518146
v -0.241308 -0.314165 0.486789
v -0.167832 -0.331878 0.522841
v -0.256734 -0.358788 0.428083
v -0.151788 -0.392259 0.468883
v -0.363066 -0.208451 0.410224
v -0.347682 -0.174941 0.442490
v -0.357834 -0.171639 0.404043
v -0.353752 -0.214307 0.451368
v -0.322281 -0.180821 0.472175
v -0.368222 -0.134460 0.413774
v -0.317318 -0.143985 0.466845
v -0.348894 -0.138782 0.447624
v -0.335865 -0.223951 0.492100
v -0.352252 -0.097197 0.456270
v 0.498163 0.197771 -0.066051
v 0.490128 0.245227 -0.074658
v 0.489627 0.232253 -0.042756
v 0.486809 0.163321 -0.095904
v 0.487328 0.210709 -0.095755
v 0.497935 0.256958 -0.106433
v 0.485476 0.192316 -0.140694
v 0.512012 0.229488 -0.120011
v 0.478042 0.215342 -0.013069
v 0.482041 0.269250 -0.021024
v 0.450843 0.248194 0.003092
v 0.504788 0.182065 -0.035112
v 0.516112 0.147481 -0.065043
v 0.507021 0.113585 -0.099495
v 0.497640 0.133549 -0.122662
v 0.495804 0.180258 -0.116441
v 0.509109 0.170398 -0.157337
v 0.503224 0.182694 -0.170594
v 0.499494 0.203524 -0.163688
v 0.506191 0.235171 -0.152563
v 0.497747 0.263734 -0.141012
v 0.474259 0.292498 -0.131715
v 0.474687 0.287305 -0.095143
v 0.483559 0.281677 -0.057433
v 0.518110 0.057782 -0.230904
v 0.522337 0.106927 -0.201937
v 0.500705 0.081661 -0.185626
v 0.517685 0.089648 -0.246583
v 0.524858 0.135423 -0.218149
v 0.508986 0.106596 -0.153293
v 0.530830 0.152016 -0.184326
v 0.487552 0.126804 -0.169303
v 0.506638 0.004903 -0.256570
v 0.523072 0.025507 -0.214585
v 0.480864 0.074560 -0.271500
v 0.499465 0.039277 -0.268479
v 0.478917 0.106550 -0.280408
v 0.492156 0.143192 -0.295482
v 0.509239 0.120023 -0.254693
v 0.512630 0.154706 -0.264031
v 0.516174 0.165415 -0.226851
v 0.514145 0.175968 -0.192749
v 0.507064 0.152511 -0.139848
v 0.496475 0.082671 -0.135539
v 0.529263 0.054383 -0.171296
v 0.503142 0.264579 -0.262180
v 0.515818 0.234565 -0.228046
v 0.501153 0.224530 -0.262327
v 0.489129 0.264792 -0.213687
v 0.520915 0.238886 -0.187366
v 0.518157 0.198256 -0.232005
v 0.498720 0.188635 -0.260033
v 0.533685 0.208842 -0.196365
v 0.465456 0.290275 -0.285628
v 0.479239 0.254877 -0.293214
v 0.479079 0.296368 -0.247813
v 0.484971 0.300074 -0.207713
v 0.515433 0.271446 -0.177285
v 0.478824 0.296543 -0.168395
v 0.486637 0.179602 -0.295088
v 0.486107 0.216429 -0.295830
v 0.387145 0.324276 0.173924
v 0.433829 0.303886 0.120349
v 0.409353 0.347228 0.137551
v 0.442805 0.240802 0.127759
v 0.392605 0.273232 0.145663
v 0.403674 0.353402 0.090815
v 0.449590 0.260532 0.097248
v 0.430246 0.315736 0.077933
v 0.367154 0.297046 0.204280
v 0.351011 0.369620 0.182981
v 0.335618 0.357006 0.235467
v 0.396603 0.254769 0.179760
v 0.445592 0.219999 0.157711
v 0.449722 0.197702 0.097393
v 0.441883 0.215233 0.065096
v 0.439766 0.272908 0.058638
v 0.445340 0.232803 0.033503
v 0.444435 0.287560 0.023559
v 0.412822 0.317938 0.033048
v 0.428258 0.373595 0.056761
v 0.395131 0.410531 0.059362
v 0.389282 0.403913 0.101894
v 0.374652 0.389928 0.143321
v 0.487141 0.121687 0.041665
v 0.482859 0.182839 0.045199
v 0.472282 0.160223 0.071122
v 0.504095 0.085982 0.005392
v 0.513726 0.148360 0.018081
v 0.477655 0.162485 -0.016537
v 0.463531 0.198600 0.010226
v 0.496582 0.106656 -0.020717
v 0.470774 0.180496 0.129407
v 0.483713 0.101409 0.064381
v 0.452949 0.131833 0.094618
v 0.507496 0.064342 0.028655
v 0.503686 0.047655 -0.032842
v 0.490578 0.068126 -0.056877
v 0.497078 0.126415 -0.044309
v 0.426675 0.332928 -0.000841
v 0.428193 0.388496 -0.026395
v 0.417436 0.375541 0.011088
v 0.447814 0.299971 -0.011178
v 0.432217 0.343159 -0.038861
v 0.419195 0.385221 -0.071444
v 0.458159 0.312755 -0.046723
v 0.434558 0.349689 -0.077519
v 0.414336 0.427708 0.021799
v 0.467982 0.323746 -0.082691
v 0.466412 0.328190 -0.121800
v 0.456798 0.365483 -0.114054
v 0.438471 0.401288 -0.109622
v 0.403688 0.423965 -0.068937
v 0.392135 0.416955 -0.111936
v 0.403971 0.422332 -0.025422
v 0.416043 -0.126625 -0.350000
v 0.456684 -0.151358 -0.295804
v 0.404784 -0.166048 -0.327352
v 0.417872 -0.083758 -0.358186
v 0.443059 -0.108672 -0.299832
v 0.483915 -0.125140 -0.247923
v 0.445202 -0.070514 -0.313910
v 0.478404 -0.090170 -0.264130
v 0.338498 -0.164163 -0.338815
v 0.393490 -0.202404 -0.294391
v 0.347326 -0.225502 -0.353511
v 0.348175 -0.118165 -0.348497
v 0.368011 -0.081678 -0.375949
v 0.414160 -0.039463 -0.358678
v 0.458016 -0.032622 -0.334092
v 0.469957 -0.052247 -0.273639
v 0.477138 -0.015700 -0.291336
v 0.504243 -0.029470 -0.237417
v 0.508514 -0.063608 -0.223042
v 0.490664 -0.093264 -0.197163
v 0.481730 -0.155530 -0.221957
v 0.491305 -0.125116 -0.173199
v 0.466970 -0.186290 -0.281297
v 0.416801 0.043999 -0.370189
v 0.452250 0.010587 -0.338363
v 0.428473 0.000430 -0.376280
v 0.426173 0.084095 -0.379030
v 0.450793 0.051563 -0.343673
v 0.490267 0.024051 -0.312219
v 0.435870 0.089055 -0.337211
v 0.466908 0.062167 -0.306879
v 0.387058 -0.000272 -0.399195
v 0.375574 -0.040658 -0.384604
v 0.381403 0.080757 -0.390973
v 0.381943 0.041636 -0.391501
v 0.386873 0.120538 -0.396481
v 0.425625 0.123161 -0.380937
v 0.434521 0.125908 -0.339876
v 0.453886 0.096851 -0.305918
v 0.454319 0.132172 -0.312623
v 0.524013 -0.031436 -0.178013
v 0.522304 -0.025408 -0.112367
v 0.492307 -0.061878 -0.153688
v 0.533857 0.027403 -0.151811
v 0.527840 0.000819 -0.132534
v 0.507019 0.033359 -0.093866
v 0.508942 0.009464 -0.071835
v 0.506728 0.057490 -0.114455
v 0.515419 -0.088888 -0.132809
v 0.530495 -0.003446 -0.197521
v 0.493299 0.091485 -0.079608
v 0.481270 0.019452 -0.011999
v 0.525386 -0.011822 -0.049309
v 0.537204 -0.049097 -0.090699
v 0.385636 0.365603 -0.359418
v 0.411628 0.340095 -0.333113
v 0.384125 0.331452 -0.355240
v 0.391227 0.369995 -0.325255
v 0.404699 0.340286 -0.291860
v 0.399796 0.301887 -0.322990
v 0.390342 0.299449 -0.358168
v 0.439436 0.315608 -0.311113
v 0.360970 0.384654 -0.376953
v 0.351655 0.356526 -0.368785
v 0.360487 0.387087 -0.349560
v 0.376410 0.400516 -0.327324
v 0.405808 0.380050 -0.299672
v 0.375105 0.403663 -0.292542
v 0.421497 0.391886 -0.270378
v 0.443646 0.359395 -0.276707
v 0.448235 0.322003 -0.276353
v 0.433779 0.278318 -0.305968
v 0.419590 0.271646 -0.335971
v 0.402397 0.266712 -0.366579
v 0.374622 0.265505 -0.386850
v 0.368878 0.297597 -0.383283
v 0.343287 0.323329 -0.361989
v 0.424499 0.395132 -0.229922
v 0.438744 0.359994 -0.193336
v 0.453108 0.367408 -0.235189
v 0.425399 0.395090 -0.190924
v 0.437813 0.357871 -0.155741
v 0.468302 0.332470 -0.200321
v 0.469363 0.332195 -0.242109
v 0.463818 0.329020 -0.160489
v 0.383142 0.411572 -0.260855
v 0.396855 0.421756 -0.190840
v 0.407690 0.430846 -0.231409
v 0.432465 0.399758 -0.152199
v 0.388086 0.414178 -0.151549
v 0.412423 0.233528 -0.373242
v 0.438943 0.200807 -0.349490
v 0.414524 0.197055 -0.375828
v 0.435837 0.238068 -0.347432
v 0.467003 0.208462 -0.326473
v 0.440808 0.163362 -0.348312
v 0.422315 0.161179 -0.381511
v 0.459872 0.169569 -0.320318
v 0.372543 0.230709 -0.385573
v 0.454840 0.246283 -0.319149
v 0.381385 0.158712 -0.392545
v 0.374374 0.194485 -0.387428
v 0.043954 0.603598 -0.201699
v 0.052361 0.602284 -0.260441
v 0.017056 0.596469 -0.243775
v 0.077196 0.583550 -0.162545
v 0.076578 0.596548 -0.217968
v 0.091974 0.601895 -0.274044
v 0.126288 0.587460 -0.195508
v 0.113836 0.628399 -0.237095
v -0.015957 0.592280 -0.226131
v -0.003783 0.573106 -0.284959
v -0.036393 0.557984 -0.267471
v 0.016870 0.592491 -0.183058
v 0.052341 0.588758 -0.142416
v 0.088748 0.591981 -0.103756
v 0.131049 0.591044 -0.146964
v 0.101691 0.593124 -0.180538
v 0.151039 0.595521 -0.165825
v 0.156219 0.595463 -0.205442
v 0.143155 0.585990 -0.237321
v 0.137055 0.602788 -0.286081
v 0.118675 0.574141 -0.316739
v 0.076966 0.589318 -0.315025
v 0.032793 0.589141 -0.303345
v 0.238833 0.558338 -0.075318
v 0.183727 0.568443 -0.066482
v 0.222891 0.552611 -0.043385
v 0.212343 0.571482 -0.126419
v 0.193801 0.551087 -0.099406
v 0.137931 0.556073 -0.097413
v 0.163091 0.578462 -0.120496
v 0.264607 0.539212 -0.021812
v 0.209461 0.557614 -0.011684
v 0.241409 0.518506 0.007869
v 0.276000 0.540244 -0.058298
v 0.289072 0.549047 -0.093987
v 0.273877 0.517399 -0.135796
v 0.252941 0.567802 -0.108950
v 0.261104 0.569156 -0.146616
v 0.216731 0.565432 -0.160241
v 0.183362 0.594090 -0.142797
v 0.174743 0.617670 -0.180600
v 0.111746 0.603695 -0.124365
v 0.130707 0.600487 -0.065520
v 0.168696 0.575100 -0.038180
v 0.250739 0.551435 -0.269077
v 0.224784 0.584994 -0.238623
v 0.263399 0.572531 -0.230260
v 0.221468 0.588953 -0.287476
v 0.191254 0.616598 -0.250110
v 0.228493 0.591268 -0.194449
v 0.262038 0.566433 -0.185395
v 0.193108 0.598769 -0.202331
v 0.276119 0.520088 -0.296540
v 0.279440 0.523850 -0.254693
v 0.240487 0.534047 -0.304880
v 0.208383 0.568340 -0.321401
v 0.168931 0.568395 -0.276963
v 0.153135 0.539315 -0.304943
v 0.183406 0.563641 -0.172258
v 0.288138 0.533543 -0.175479
v 0.289781 0.539548 -0.217079
v -0.215165 0.527408 -0.315048
v -0.191508 0.484866 -0.378155
v -0.228288 0.465247 -0.354318
v -0.178355 0.548523 -0.261744
v -0.162876 0.507991 -0.324183
v -0.146948 0.499462 -0.396166
v -0.134353 0.525327 -0.277412
v -0.122542 0.513979 -0.340219
v -0.264645 0.454489 -0.326977
v -0.253511 0.434293 -0.423595
v -0.310768 0.420820 -0.408237
v -0.253632 0.525279 -0.289614
v -0.199868 0.518314 -0.232215
v -0.132525 0.528158 -0.209602
v -0.106643 0.549671 -0.232362
v -0.102547 0.545675 -0.299240
v -0.067374 0.537115 -0.250123
v -0.061432 0.542139 -0.313469
v -0.092407 0.553265 -0.369574
v -0.112271 0.532733 -0.424036
v -0.115546 0.481492 -0.472856
v -0.152358 0.452725 -0.440850
v -0.195686 0.434482 -0.423058
v -0.065093 0.583160 -0.121794
v -0.069155 0.550735 -0.186280
v -0.100589 0.558549 -0.165090
v 0.000095 0.596541 -0.100976
v -0.028722 0.544828 -0.141847
v -0.011160 0.585108 -0.163003
v -0.043860 0.574309 -0.207137
v -0.124993 0.548791 -0.140558
v -0.160832 0.520526 -0.183789
v -0.089333 0.574945 -0.097891
v -0.051537 0.598519 -0.054843
v -0.005426 0.609121 -0.014464
v -0.027067 0.612128 -0.080126
v 0.020739 0.589735 -0.036839
v 0.043874 0.582416 -0.060516
v 0.026414 0.594818 -0.121999
v 0.067412 0.594207 -0.082839
v -0.045025 0.545823 -0.377046
v -0.006993 0.521030 -0.428180
v -0.055984 0.517478 -0.420075
v -0.021280 0.546579 -0.326427
v 0.002667 0.556028 -0.389586
v 0.040445 0.502522 -0.418481
v 0.017991 0.554292 -0.338305
v 0.052644 0.557271 -0.398096
v -0.058856 0.474743 -0.462211
v 0.061542 0.561438 -0.349699
v 0.105074 0.550729 -0.349675
v 0.091863 0.519551 -0.379061
v 0.087959 0.510955 -0.428177
v 0.080660 0.463498 -0.447551
v 0.035893 0.466037 -0.452180
v -0.011473 0.485956 -0.476872
v 0.341930 0.435969 0.140662
v 0.273681 0.456692 0.158478
v 0.324349 0.427098 0.180633
v 0.351661 0.439778 0.097296
v 0.300161 0.471997 0.126587
v 0.232601 0.490294 0.134987
v 0.318716 0.480403 0.088509
v 0.265522 0.514499 0.108090
v 0.308863 0.432469 0.222887
v 0.347223 0.431566 0.051491
v 0.331508 0.485746 0.049364
v 0.268932 0.497221 0.065714
v 0.284522 0.502114 0.029856
v 0.226478 0.516597 0.041893
v 0.209409 0.516552 0.075429
v 0.208150 0.553171 0.114874
v 0.220951 0.508431 0.170570
v 0.175339 0.534632 0.139782
v 0.258592 0.467046 0.197279
v 0.377539 0.457912 -0.026954
v 0.337815 0.485297 0.007155
v 0.355180 0.436824 0.009478
v 0.384103 0.462593 -0.069518
v 0.341544 0.483564 -0.034769
v 0.289650 0.495456 -0.010380
v 0.350756 0.490156 -0.074556
v 0.309089 0.512173 -0.045493
v 0.362682 0.441925 -0.113806
v 0.341759 0.478035 -0.116002
v 0.313152 0.510618 -0.083892
v 0.307683 0.499242 -0.122741
v 0.162287 0.529006 0.044507
v 0.108304 0.571225 0.041348
v 0.156883 0.564792 0.080185
v 0.183065 0.533262 0.011746
v 0.131316 0.576774 0.016238
v 0.086244 0.578251 -0.022230
v 0.063963 0.584557 0.003439
v 0.110687 0.586662 -0.046172
v 0.137495 0.572035 0.106790
v 0.153342 0.584397 -0.009248
v 0.044672 0.605537 0.027455
v 0.087923 0.579253 0.067525
v 0.314765 0.431315 -0.369565
v 0.357827 0.431568 -0.337266
v 0.355480 0.421999 -0.370245
v 0.294796 0.472420 -0.353153
v 0.316021 0.442266 -0.334214
v 0.329227 0.459844 -0.309219
v 0.360801 0.437959 -0.303673
v 0.301376 0.485941 -0.321578
v 0.345609 0.397439 -0.389727
v 0.283100 0.421282 -0.410548
v 0.304062 0.401297 -0.389200
v 0.256916 0.472916 -0.400138
v 0.292742 0.456911 -0.388846
v 0.252271 0.474702 -0.353977
v 0.257510 0.485867 -0.320200
v 0.310353 0.500741 -0.286356
v 0.343864 0.479283 -0.278526
v 0.380295 0.457253 -0.275983
v 0.213663 0.475941 -0.402014
v 0.182187 0.512606 -0.378212
v 0.220537 0.497776 -0.369579
v 0.173505 0.485052 -0.409958
v 0.139102 0.518268 -0.380115
v 0.194471 0.540264 -0.350295
v 0.229905 0.518902 -0.338662
v 0.147190 0.531969 -0.344003
v 0.221486 0.464143 -0.453104
v 0.260020 0.448966 -0.438586
v 0.169696 0.455746 -0.442089
v 0.131336 0.495302 -0.417110
v 0.130914 0.472745 -0.460844
v 0.378979 0.458662 -0.233488
v 0.342141 0.476191 -0.198214
v 0.368596 0.448151 -0.193590
v 0.347324 0.483521 -0.239627
v 0.318427 0.511199 -0.208088
v 0.325056 0.457140 -0.159440
v 0.355091 0.434507 -0.154313
v 0.304670 0.491334 -0.166833
v 0.313739 0.505283 -0.246552
v 0.172111 0.079572 -0.501845
v 0.218691 0.089255 -0.489165
v 0.204697 0.059670 -0.481041
v 0.137883 0.107909 -0.506565
v 0.188098 0.105540 -0.512524
v 0.226091 0.123867 -0.483732
v 0.152985 0.132618 -0.504496
v 0.199395 0.136040 -0.511387
v 0.186075 0.037421 -0.456485
v 0.236686 0.042996 -0.459449
v 0.219316 0.017982 -0.434224
v 0.152351 0.061535 -0.475018
v 0.119233 0.086772 -0.495753
v 0.085243 0.120206 -0.500877
v 0.105133 0.140600 -0.501110
v 0.123293 0.160457 -0.499425
v 0.165450 0.156440 -0.502303
v 0.141259 0.175156 -0.510059
v 0.171535 0.181041 -0.492630
v 0.205580 0.165112 -0.512656
v 0.226831 0.159046 -0.469950
v 0.267285 0.143656 -0.484267
v 0.264071 0.105349 -0.490310
v 0.247796 0.077292 -0.461815
v 0.057599 0.259364 -0.557539
v 0.049992 0.205137 -0.557882
v 0.021841 0.246964 -0.559593
v 0.091648 0.269111 -0.541677
v 0.079683 0.220739 -0.548215
v 0.081948 0.162769 -0.561664
v 0.099511 0.234562 -0.494119
v 0.100699 0.186584 -0.527837
v -0.000675 0.289285 -0.545738
v -0.009794 0.231629 -0.543975
v -0.035224 0.275583 -0.546762
v 0.036796 0.302549 -0.554146
v 0.076615 0.311438 -0.552321
v 0.113444 0.311655 -0.519089
v 0.135946 0.239544 -0.520158
v 0.117839 0.203357 -0.495351
v 0.149016 0.191171 -0.483839
v 0.055661 0.144727 -0.548871
v 0.020152 0.186810 -0.558073
v 0.232521 0.264006 -0.499672
v 0.204296 0.234261 -0.516534
v 0.196566 0.269563 -0.506638
v 0.239387 0.226776 -0.509522
v 0.208176 0.197744 -0.520156
v 0.170203 0.239271 -0.523957
v 0.156420 0.272456 -0.499630
v 0.173389 0.208199 -0.505572
v 0.261919 0.293119 -0.478950
v 0.227971 0.301511 -0.496679
v 0.272845 0.257937 -0.495311
v 0.273795 0.218939 -0.494333
v 0.239082 0.188900 -0.503224
v 0.267438 0.181454 -0.479576
v 0.145115 0.211206 -0.504281
v 0.120706 0.273087 -0.507485
v 0.147171 0.308381 -0.497383
v 0.187956 0.306391 -0.498656
v 0.263358 -0.137546 -0.429596
v 0.319995 -0.118418 -0.404047
v 0.307225 -0.160067 -0.403181
v 0.214501 -0.108198 -0.433205
v 0.277362 -0.100672 -0.429151
v 0.323854 -0.072785 -0.393203
v 0.231227 -0.075391 -0.431909
v 0.285947 -0.059736 -0.419150
v 0.290333 -0.197489 -0.399746
v 0.239263 -0.169190 -0.418621
v 0.196263 -0.139387 -0.441250
v 0.174967 -0.081036 -0.450860
v 0.192556 -0.052558 -0.449114
v 0.247256 -0.042226 -0.438536
v 0.203235 -0.014290 -0.424536
v 0.256346 -0.004698 -0.430624
v 0.299585 -0.027445 -0.435852
v 0.350512 -0.044063 -0.435410
v 0.096802 -0.019814 -0.479085
v 0.150466 -0.020440 -0.447320
v 0.122912 -0.043801 -0.419576
v 0.060127 0.013408 -0.498463
v 0.116938 0.004901 -0.481160
v 0.133228 0.036046 -0.466809
v 0.166078 0.011922 -0.439175
v 0.076239 0.042435 -0.477663
v 0.118406 -0.078190 -0.477040
v 0.154615 -0.108524 -0.454085
v 0.080863 -0.045996 -0.491024
v 0.002820 0.024345 -0.533625
v 0.030317 -0.003343 -0.468320
v 0.044647 0.071272 -0.520183
v 0.099744 0.062357 -0.496991
v 0.346485 0.006037 -0.413737
v 0.310267 0.055040 -0.420853
v 0.345823 0.046207 -0.407194
v 0.276379 0.022364 -0.463064
v 0.315356 0.009640 -0.448943
v 0.359052 0.083821 -0.423423
v 0.278617 0.065436 -0.440143
v 0.323328 0.090766 -0.437502
v 0.289039 0.099868 -0.454355
v 0.299013 0.134737 -0.466890
v 0.315518 0.128922 -0.423669
v 0.372599 0.123381 -0.435619
v -0.188972 0.388244 -0.472309
v -0.199966 0.316016 -0.486765
v -0.238981 0.376489 -0.474839
v -0.138981 0.396766 -0.470409
v -0.165464 0.336695 -0.500302
v -0.165312 0.267322 -0.503272
v -0.121308 0.350095 -0.498658
v -0.141892 0.295470 -0.541910
v -0.270794 0.346030 -0.458620
v -0.091295 0.404894 -0.469572
v -0.079409 0.362633 -0.508850
v -0.106371 0.315018 -0.559892
v -0.063944 0.329022 -0.568563
v -0.071993 0.262296 -0.563724
v -0.106135 0.244834 -0.549983
v -0.141716 0.227155 -0.563862
v -0.166728 0.200875 -0.537014
v -0.203805 0.247418 -0.518345
v -0.232846 0.291115 -0.482734
v -0.003834 0.426549 -0.489926
v -0.037717 0.375884 -0.513631
v -0.050640 0.422826 -0.489921
v 0.042917 0.443679 -0.518028
v 0.005837 0.389458 -0.528498
v -0.020994 0.337921 -0.550255
v 0.050952 0.395011 -0.527876
v 0.019928 0.345111 -0.538571
v 0.089274 0.438821 -0.503722
v 0.095388 0.395582 -0.521221
v 0.061098 0.351684 -0.536518
v -0.068690 0.196874 -0.540085
v -0.056351 0.131035 -0.546300
v -0.097319 0.176545 -0.540419
v -0.039831 0.215466 -0.523291
v -0.030971 0.153134 -0.535765
v -0.017374 0.088804 -0.531730
v 0.026847 0.130165 -0.527114
v 0.003607 0.113662 -0.514670
v -0.124835 0.154382 -0.559787
v -0.006088 0.169695 -0.548028
v 0.069636 0.088469 -0.541551
v 0.022503 0.049528 -0.518459
v -0.041832 0.067177 -0.526830
v -0.082517 0.108961 -0.540282
v 0.325271 0.359606 -0.383083
v 0.301086 0.338878 -0.411350
v 0.299438 0.369393 -0.402207
v 0.333620 0.332097 -0.396094
v 0.300905 0.304232 -0.412422
v 0.286438 0.355107 -0.446954
v 0.292703 0.394728 -0.444603
v 0.283806 0.317792 -0.448284
v 0.333291 0.298557 -0.396645
v 0.346362 0.267840 -0.410203
v 0.326710 0.276403 -0.441178
v 0.290486 0.282506 -0.455374
v 0.259822 0.330102 -0.474478
v 0.249765 0.363171 -0.456801
v 0.253828 0.403450 -0.453915
v 0.353573 0.234543 -0.416907
v 0.319645 0.202058 -0.432353
v 0.336697 0.241677 -0.451369
v 0.360283 0.198365 -0.422291
v 0.329658 0.165849 -0.443177
v 0.294064 0.210004 -0.456720
v 0.303196 0.248719 -0.469717
v 0.304470 0.173068 -0.472330
v 0.363106 0.161502 -0.424905
v 0.226708 0.426901 -0.489779
v 0.180467 0.383105 -0.498247
v 0.183351 0.437333 -0.503429
v 0.219340 0.375625 -0.483102
v 0.182101 0.343630 -0.494334
v 0.137755 0.388549 -0.504833
v 0.132993 0.431296 -0.489553
v 0.146922 0.352896 -0.524840
v 0.215228 0.334568 -0.472354
v 0.100111 0.345603 -0.497822
v -0.527083 0.233892 -0.043868
v -0.532289 0.182416 -0.042768
v -0.521463 0.218680 -0.011179
v -0.515995 0.243114 -0.077909
v -0.520862 0.196620 -0.070534
v -0.526844 0.146230 -0.074115
v -0.513579 0.208446 -0.100475
v -0.514672 0.162686 -0.097959
v -0.516171 0.256261 0.019548
v -0.528752 0.202639 0.019433
v -0.520048 0.240751 0.054840
v -0.512652 0.269247 -0.016602
v -0.523597 0.283660 -0.054983
v -0.515453 0.289505 -0.095297
v -0.536291 0.255497 -0.116105
v -0.519589 0.216496 -0.131332
v -0.524571 0.177278 -0.121858
v -0.516911 0.183530 -0.144915
v -0.533927 0.149834 -0.144092
v -0.521189 0.132558 -0.127036
v -0.534649 0.112985 -0.106906
v -0.541965 0.092396 -0.086041
v -0.527211 0.127569 -0.050257
v -0.529187 0.163997 -0.015106
v -0.478375 0.234816 -0.230152
v -0.483559 0.203785 -0.198811
v -0.482371 0.241217 -0.188692
v -0.498233 0.197864 -0.241004
v -0.504499 0.172576 -0.208293
v -0.492326 0.211066 -0.165528
v -0.516970 0.253189 -0.156054
v -0.514161 0.182327 -0.176642
v -0.466084 0.270438 -0.263789
v -0.469088 0.275029 -0.218285
v -0.459558 0.219663 -0.265853
v -0.490435 0.184927 -0.279624
v -0.516712 0.162785 -0.247536
v -0.511469 0.145831 -0.286433
v -0.536330 0.123308 -0.247918
v -0.520782 0.139368 -0.210924
v -0.510384 0.152526 -0.178849
v -0.515802 0.161802 -0.155478
v -0.510265 0.292190 -0.137793
v -0.473558 0.278195 -0.174474
v -0.517358 0.051048 -0.176790
v -0.514002 0.053043 -0.227413
v -0.511095 0.020844 -0.212780
v -0.530092 0.081331 -0.141288
v -0.488001 0.078913 -0.189586
v -0.507441 0.085003 -0.235714
v -0.541376 0.104569 -0.159082
v -0.505363 0.106986 -0.202645
v -0.522137 -0.010314 -0.196850
v -0.528913 -0.010488 -0.253534
v -0.538683 -0.046467 -0.237733
v -0.513572 0.024084 -0.158467
v -0.532919 0.057832 -0.121981
v -0.536948 0.128425 -0.173382
v -0.534205 0.104474 -0.288996
v -0.515603 0.063465 -0.275122
v -0.509095 0.026991 -0.263756
v -0.427425 0.293752 0.233472
v -0.445073 0.234707 0.228396
v -0.413316 0.263030 0.268026
v -0.439386 0.321018 0.194397
v -0.461328 0.264312 0.200033
v -0.486846 0.206669 0.197312
v -0.480039 0.292449 0.168251
v -0.485816 0.232352 0.160521
v -0.377318 0.292654 0.305196
v -0.387519 0.322192 0.260292
v -0.417602 0.356323 0.230599
v -0.434783 0.383230 0.190727
v -0.467839 0.351310 0.161788
v -0.492602 0.316481 0.127741
v -0.506964 0.259315 0.130802
v -0.503863 0.277801 0.090334
v -0.504329 0.219090 0.087645
v -0.519061 0.200054 0.123764
v -0.507920 0.174484 0.152879
v -0.484001 0.390260 0.067943
v -0.487655 0.331377 0.082441
v -0.482168 0.375283 0.116603
v -0.470545 0.394335 0.020839
v -0.474708 0.340994 0.037517
v -0.498546 0.292530 0.050643
v -0.498353 0.361026 -0.004612
v -0.502905 0.308418 0.009862
v -0.439827 0.402844 0.142732
v -0.433557 0.410731 0.092697
v -0.453573 0.434999 0.046533
v -0.437926 0.435118 -0.001318
v -0.463831 0.399782 -0.026126
v -0.468846 0.355413 -0.049231
v -0.499670 0.317420 -0.030373
v -0.491807 0.321879 -0.072555
v -0.542265 0.164869 0.080726
v -0.530225 0.101943 0.064204
v -0.537477 0.140485 0.111201
v -0.534460 0.184686 0.049712
v -0.526686 0.123685 0.038500
v -0.546093 0.064674 0.021921
v -0.521299 0.144331 0.011813
v -0.547680 0.087080 -0.002693
v -0.514890 0.106392 -0.025548
v -0.539153 0.069979 -0.063599
v -0.529225 0.046645 -0.040576
v -0.510935 0.023099 -0.014478
v -0.352083 0.362775 -0.350294
v -0.397308 0.327830 -0.318619
v -0.381648 0.380076 -0.306217
v -0.396700 0.329529 -0.381099
v -0.431666 0.292109 -0.340518
v -0.425201 0.346834 -0.279907
v -0.391742 0.379990 -0.254755
v -0.455750 0.309057 -0.300639
v -0.334661 0.422204 -0.334408
v -0.339150 0.355096 -0.419899
v -0.345711 0.290333 -0.405986
v -0.411001 0.276395 -0.385888
v -0.381806 0.253237 -0.431367
v -0.419524 0.223654 -0.386142
v -0.439015 0.242370 -0.344643
v -0.460595 0.260397 -0.308014
v -0.455891 0.311839 -0.250166
v -0.449016 0.360830 -0.238125
v -0.420146 0.397141 -0.214775
v -0.365389 0.419959 -0.230535
v -0.397361 0.440290 -0.192579
v -0.350043 0.418635 -0.279287
v -0.454746 0.184290 -0.405550
v -0.472275 0.152150 -0.360430
v -0.464109 0.199198 -0.357344
v -0.462704 0.132758 -0.403018
v -0.504747 0.108395 -0.371766
v -0.516284 0.178042 -0.333415
v -0.462930 0.210215 -0.310964
v -0.507298 0.127001 -0.327422
v -0.403980 0.207293 -0.440582
v -0.434857 0.165048 -0.460408
v -0.449661 0.113079 -0.460793
v -0.463516 0.083854 -0.398528
v -0.429138 0.060454 -0.430218
v -0.464591 0.037029 -0.391674
v -0.483039 0.059314 -0.355531
v -0.504750 0.081942 -0.322475
v -0.445019 0.408980 -0.169863
v -0.450118 0.355013 -0.138537
v -0.439765 0.398300 -0.118978
v -0.469277 0.370113 -0.192282
v -0.474333 0.321482 -0.159749
v -0.474511 0.364872 -0.094810
v -0.463156 0.407486 -0.074047
v -0.479800 0.321627 -0.114904
v -0.418766 0.449319 -0.146075
v -0.472655 0.321119 -0.206391
v -0.432283 0.441190 -0.049179
v -0.424781 0.444226 -0.097272
v -0.481530 -0.234624 -0.242250
v -0.440717 -0.227923 -0.292771
v -0.420861 -0.258481 -0.258956
v -0.489541 -0.180968 -0.202168
v -0.494991 -0.200540 -0.269781
v -0.456043 -0.189207 -0.321540
v -0.495849 -0.149173 -0.228523
v -0.488442 -0.153671 -0.288862
v -0.365454 -0.278168 -0.278406
v -0.507793 -0.138698 -0.168921
v -0.506747 -0.108809 -0.193570
v -0.481865 -0.112676 -0.247969
v -0.507404 -0.080161 -0.213575
v -0.495393 -0.080466 -0.269506
v -0.481122 -0.112215 -0.304418
v -0.457352 -0.142434 -0.339671
v -0.419389 -0.166481 -0.368855
v -0.407223 -0.209473 -0.344417
v -0.390122 -0.248982 -0.316082
v -0.525351 -0.054965 -0.094128
v -0.519322 -0.070028 -0.156226
v -0.514976 -0.096098 -0.132011
v -0.526037 -0.014516 -0.055474
v -0.528274 -0.029675 -0.117019
v -0.511154 -0.040848 -0.175620
v -0.521689 0.032616 -0.099930
v -0.541191 -0.003248 -0.140016
v -0.504382 0.008457 -0.076559
v -0.500986 -0.073461 -0.326924
v -0.470529 -0.055143 -0.375069
v -0.479140 -0.103737 -0.364390
v -0.511890 -0.042313 -0.290568
v -0.499531 -0.028241 -0.341579
v -0.457753 -0.009069 -0.379534
v -0.519143 -0.001113 -0.306388
v -0.474936 0.015949 -0.344829
v -0.450463 -0.134259 -0.404783
v -0.527709 0.040740 -0.320851
v -0.439297 0.012684 -0.428987
v -0.447340 -0.035174 -0.425810
v -0.452237 -0.083982 -0.418069
v 0.036989 -0.508985 -0.228109
v 0.032766 -0.535271 -0.181350
v -0.001495 -0.520162 -0.218584
v 0.071272 -0.497114 -0.234464
v 0.063994 -0.511745 -0.191005
v 0.066384 -0.550252 -0.145068
v 0.093658 -0.503908 -0.200646
v 0.091005 -0.544248 -0.161539
v -0.027631 -0.478898 -0.245529
v -0.040032 -0.530248 -0.205931
v -0.069970 -0.492807 -0.236833
v 0.004308 -0.497507 -0.266643
v 0.046423 -0.493184 -0.273417
v 0.089568 -0.506629 -0.289546
v 0.107586 -0.496674 -0.241839
v 0.126739 -0.508871 -0.209652
v 0.115512 -0.503022 -0.165290
v 0.156020 -0.515301 -0.154104
v 0.140858 -0.527892 -0.141489
v 0.120334 -0.517344 -0.120762
v 0.099010 -0.538152 -0.104981
v 0.078043 -0.561846 -0.087478
v 0.038706 -0.573044 -0.129954
v 0.000908 -0.536326 -0.161921
v 0.243162 -0.525675 -0.256429
v 0.206191 -0.521760 -0.211633
v 0.194018 -0.511497 -0.253599
v 0.251421 -0.530507 -0.208158
v 0.210086 -0.505618 -0.164925
v 0.166935 -0.536910 -0.221951
v 0.151635 -0.521410 -0.256733
v 0.177216 -0.541484 -0.185279
v 0.275854 -0.485486 -0.283889
v 0.222912 -0.484782 -0.284703
v 0.282178 -0.487952 -0.231189
v 0.298633 -0.528196 -0.197552
v 0.251311 -0.509628 -0.154251
v 0.294190 -0.514455 -0.141105
v 0.251487 -0.527554 -0.114904
v 0.212760 -0.534277 -0.133982
v 0.178950 -0.540045 -0.150224
v 0.144359 -0.520824 -0.180578
v 0.132926 -0.499478 -0.290820
v 0.175307 -0.477407 -0.281012
v 0.175495 -0.570634 -0.041513
v 0.231237 -0.540366 -0.038928
v 0.215696 -0.556612 -0.006145
v 0.155299 -0.554580 -0.098295
v 0.193484 -0.579985 -0.073787
v 0.245769 -0.552162 -0.079231
v 0.205984 -0.552149 -0.102067
v 0.197612 -0.576812 0.027168
v 0.258622 -0.560728 0.028889
v 0.242573 -0.576843 0.071604
v 0.156083 -0.581202 -0.013617
v 0.115469 -0.564230 -0.049809
v 0.136127 -0.554179 -0.073151
v 0.170588 -0.543090 -0.121258
v 0.297034 -0.546196 -0.101550
v 0.287261 -0.546821 -0.054746
v 0.273227 -0.545335 -0.011500
v -0.223900 -0.369943 -0.273675
v -0.226765 -0.403394 -0.223670
v -0.265369 -0.376957 -0.255680
v -0.170287 -0.343684 -0.271119
v -0.190684 -0.396379 -0.242610
v -0.185421 -0.421310 -0.185772
v -0.152257 -0.395176 -0.260024
v -0.151223 -0.416302 -0.205917
v -0.288937 -0.316880 -0.264447
v -0.252292 -0.341828 -0.300952
v -0.207612 -0.334261 -0.310731
v -0.169266 -0.341522 -0.327420
v -0.155562 -0.389042 -0.314932
v -0.122346 -0.413143 -0.285575
v -0.117699 -0.421360 -0.229126
v -0.093428 -0.444958 -0.258987
v -0.097193 -0.475669 -0.212069
v -0.124938 -0.467661 -0.187556
v -0.152906 -0.465510 -0.163737
v -0.069184 -0.397880 -0.342378
v -0.080661 -0.414774 -0.298579
v -0.108932 -0.388152 -0.325923
v -0.035032 -0.423386 -0.370847
v -0.044127 -0.427426 -0.316262
v -0.056683 -0.451136 -0.276264
v -0.012138 -0.458387 -0.346887
v -0.020381 -0.461687 -0.292371
v -0.143367 -0.373125 -0.359646
v -0.093509 -0.367391 -0.365724
v -0.052525 -0.377106 -0.382777
v -0.013297 -0.396013 -0.410588
v 0.016431 -0.412464 -0.371186
v 0.036373 -0.459743 -0.357989
v 0.019408 -0.470580 -0.306574
v 0.064630 -0.488387 -0.327448
v -0.096781 -0.520617 -0.166583
v -0.084070 -0.550646 -0.104882
v -0.124202 -0.516558 -0.140641
v -0.061449 -0.501594 -0.176699
v -0.056344 -0.546880 -0.126899
v -0.035947 -0.544615 -0.057345
v -0.027307 -0.536495 -0.143237
v -0.009921 -0.538071 -0.078117
v 0.011627 -0.557574 -0.104120
v 0.053633 -0.564904 -0.063228
v 0.029991 -0.584590 -0.044536
v 0.004884 -0.575244 -0.018340
v 0.320767 -0.296932 -0.320594
v 0.305996 -0.360830 -0.306176
v 0.288285 -0.331675 -0.354606
v 0.369229 -0.347127 -0.318925
v 0.341944 -0.405172 -0.289715
v 0.285700 -0.403961 -0.358175
v 0.249138 -0.357761 -0.371503
v 0.301323 -0.429928 -0.307997
v 0.297832 -0.264605 -0.368827
v 0.380276 -0.271843 -0.318777
v 0.399171 -0.307438 -0.274927
v 0.394668 -0.386206 -0.282193
v 0.434929 -0.347412 -0.248974
v 0.411352 -0.419070 -0.235711
v 0.362113 -0.440154 -0.250911
v 0.322296 -0.466623 -0.270753
v 0.261294 -0.464042 -0.330528
v 0.238260 -0.424216 -0.365031
v 0.201850 -0.375403 -0.373230
v 0.226609 -0.327595 -0.417193
v 0.178882 -0.347101 -0.416025
v 0.259696 -0.296781 -0.388647
v 0.419785 -0.441977 -0.184342
v 0.367574 -0.456167 -0.142137
v 0.372878 -0.462383 -0.204243
v 0.426319 -0.465043 -0.134115
v 0.379133 -0.497093 -0.102787
v 0.324911 -0.467414 -0.159240
v 0.322122 -0.462877 -0.210835
v 0.336588 -0.511909 -0.123664
v 0.454478 -0.380189 -0.205807
v 0.476011 -0.413247 -0.164051
v 0.483303 -0.437532 -0.111658
v 0.421705 -0.475137 -0.079458
v 0.486533 -0.458457 -0.056964
v 0.435005 -0.517726 -0.029973
v 0.375913 -0.510688 -0.052600
v 0.333410 -0.518045 -0.074881
v 0.162434 -0.402601 -0.394675
v 0.136536 -0.444547 -0.359215
v 0.113379 -0.421629 -0.400958
v 0.190901 -0.446296 -0.373306
v 0.159563 -0.478667 -0.329966
v 0.087158 -0.468020 -0.369502
v 0.062353 -0.416259 -0.383574
v 0.111173 -0.484028 -0.329135
v 0.140323 -0.375988 -0.441575
v 0.208635 -0.470720 -0.328244
v 0.032631 -0.402811 -0.429468
v 0.086643 -0.393201 -0.436777
v 0.225139 -0.449080 0.235130
v 0.288630 -0.427909 0.241392
v 0.254569 -0.412257 0.277542
v 0.192802 -0.473025 0.188419
v 0.248423 -0.447290 0.192139
v 0.322246 -0.465338 0.218639
v 0.227082 -0.506092 0.173754
v 0.290694 -0.504985 0.186497
v 0.276635 -0.358659 0.302039
v 0.168918 -0.534611 0.164267
v 0.198112 -0.555361 0.142345
v 0.256161 -0.529788 0.146486
v 0.216134 -0.547275 0.102410
v 0.279049 -0.539708 0.107594
v 0.309769 -0.497851 0.132936
v 0.338144 -0.457326 0.158934
v 0.376069 -0.424719 0.193227
v 0.358129 -0.424652 0.251789
v 0.323279 -0.399111 0.286025
v 0.088894 -0.567032 0.072744
v 0.152513 -0.553681 0.089782
v 0.132114 -0.563693 0.120581
v 0.049626 -0.578505 0.026043
v 0.112706 -0.590413 0.044110
v 0.176208 -0.566003 0.061504
v 0.069864 -0.552425 0.005311
v 0.134532 -0.585311 0.015664
v 0.092844 -0.568286 -0.023632
v 0.337271 -0.527250 0.099349
v 0.400197 -0.512652 0.084920
v 0.362283 -0.471689 0.116255
v 0.293431 -0.525029 0.058148
v 0.356560 -0.533012 0.049916
v 0.420819 -0.518957 0.029597
v 0.320607 -0.560291 0.019602
v 0.377336 -0.549207 -0.001681
v 0.412271 -0.450833 0.156163
v 0.325962 -0.525833 -0.027515
v 0.481270 -0.473044 0.000975
v 0.458114 -0.468196 0.055871
v 0.439098 -0.466138 0.111138
v 0.222859 0.053019 0.528758
v 0.171597 0.051556 0.545881
v 0.207675 0.020628 0.530847
v 0.228883 0.088943 0.510400
v 0.189203 0.079572 0.546861
v 0.139567 0.081942 0.573304
v 0.200296 0.111540 0.533631
v 0.162455 0.107936 0.580463
v 0.244197 -0.010174 0.515108
v 0.190949 -0.011474 0.535232
v 0.228350 -0.046681 0.519781
v 0.262272 0.026840 0.521172
v 0.264128 0.066151 0.499368
v 0.273005 0.104972 0.502755
v 0.229065 0.124709 0.493130
v 0.202233 0.143636 0.519058
v 0.166198 0.133381 0.539996
v 0.175589 0.159894 0.541701
v 0.140155 0.158327 0.558822
v 0.122075 0.138981 0.569971
v 0.103098 0.117329 0.586045
v 0.080250 0.094931 0.585686
v 0.116747 0.057926 0.566220
v 0.153498 0.023393 0.549531
v 0.237723 0.255443 0.508643
v 0.204653 0.222300 0.527889
v 0.249957 0.211050 0.525500
v 0.197313 0.268740 0.526971
v 0.164601 0.230010 0.536164
v 0.214312 0.182401 0.541932
v 0.241316 0.165669 0.510051
v 0.170144 0.192022 0.528724
v 0.268377 0.285544 0.473029
v 0.278917 0.240362 0.488649
v 0.226596 0.300956 0.496887
v 0.187005 0.315004 0.523893
v 0.157413 0.275755 0.546224
v 0.137469 0.315321 0.531073
v 0.114169 0.274155 0.560787
v 0.128617 0.230292 0.551704
v 0.136245 0.194506 0.530172
v 0.152178 0.172632 0.548152
v 0.275637 0.146979 0.493467
v 0.275606 0.191085 0.487810
v 0.029332 0.191201 0.566559
v 0.033290 0.256075 0.601245
v -0.005683 0.232847 0.575852
v 0.061775 0.153689 0.559707
v 0.063450 0.207345 0.585689
v 0.076732 0.270046 0.586627
v 0.088529 0.172051 0.563795
v 0.096302 0.222398 0.566296
v -0.029848 0.211087 0.544371
v -0.040785 0.275238 0.565177
v -0.074520 0.252058 0.549435
v -0.000675 0.175549 0.592859
v 0.038870 0.133421 0.574346
v 0.113529 0.187466 0.550945
v 0.091651 0.313858 0.544754
v 0.047937 0.307240 0.559629
v 0.002743 0.294594 0.568769
v 0.276320 -0.220449 0.411282
v 0.220802 -0.217277 0.437925
v 0.242034 -0.249302 0.392102
v 0.309428 -0.191937 0.437563
v 0.258836 -0.200154 0.469668
v 0.188082 -0.174132 0.464152
v 0.272658 -0.151647 0.457134
v 0.218810 -0.153415 0.484315
v 0.270138 -0.283544 0.353248
v 0.303001 -0.248286 0.373794
v 0.327074 -0.210288 0.384822
v 0.360637 -0.178562 0.413407
v 0.334700 -0.154222 0.453060
v 0.293449 -0.113003 0.464050
v 0.246068 -0.122058 0.498253
v 0.270751 -0.087193 0.515310
v 0.211649 -0.083983 0.527081
v 0.190271 -0.117373 0.524192
v 0.168453 -0.147519 0.523321
v 0.367119 -0.058067 0.458372
v 0.309336 -0.070205 0.465311
v 0.346332 -0.103497 0.447925
v 0.381435 -0.009614 0.461158
v 0.329247 -0.028148 0.476318
v 0.277819 -0.040641 0.492378
v 0.341209 0.015960 0.477468
v 0.292720 -0.000570 0.494070
v 0.368390 -0.123406 0.404250
v 0.395619 -0.085531 0.424734
v 0.416140 -0.035749 0.431547
v 0.411178 0.013367 0.415082
v 0.370452 0.035754 0.431819
v 0.346453 0.060768 0.467963
v 0.305034 0.041246 0.494741
v 0.310834 0.083327 0.488123
v 0.155492 -0.077734 0.555783
v 0.090997 -0.059653 0.562277
v 0.128010 -0.100173 0.536790
v 0.171181 -0.043573 0.537285
v 0.111066 -0.032175 0.553202
v 0.050432 -0.016450 0.578484
v 0.133449 -0.004921 0.553135
v 0.074678 0.006546 0.585957
v 0.098710 0.032652 0.582724
v 0.053852 0.072023 0.572138
v 0.029646 0.048898 0.563791
v 0.007213 0.025385 0.564687
v 0.325303 0.343575 0.310285
v 0.328734 0.341443 0.382990
v 0.331115 0.295136 0.332580
v 0.275021 0.355456 0.335379
v 0.256200 0.332137 0.388061
v 0.331650 0.289784 0.398839
v 0.358085 0.261146 0.363110
v 0.303561 0.318355 0.436615
v 0.373351 0.321374 0.280638
v 0.309860 0.395004 0.283666
v 0.265541 0.410247 0.315497
v 0.241808 0.379704 0.368137
v 0.226709 0.428995 0.346910
v 0.206704 0.401836 0.401082
v 0.218482 0.353200 0.416855
v 0.249772 0.326060 0.450540
v 0.298819 0.261661 0.440258
v 0.329941 0.239256 0.410103
v 0.357313 0.213205 0.377226
v 0.377582 0.227711 0.326605
v 0.407225 0.196286 0.356815
v 0.388786 0.279809 0.310471
v 0.167001 0.419452 0.430692
v 0.141675 0.388427 0.473796
v 0.192478 0.385304 0.458742
v 0.120854 0.428768 0.453074
v 0.099425 0.402398 0.505599
v 0.166390 0.354065 0.502129
v 0.212942 0.345507 0.481342
v 0.124342 0.366626 0.534213
v 0.182997 0.442003 0.372988
v 0.144766 0.463669 0.404162
v 0.097767 0.473794 0.427920
v 0.076414 0.444793 0.484058
v 0.044665 0.470038 0.439926
v 0.022379 0.440875 0.499130
v 0.046017 0.394040 0.514012
v 0.072431 0.360239 0.542147
v 0.376507 0.174439 0.403380
v 0.335879 0.147548 0.433856
v 0.393512 0.133456 0.428808
v 0.342811 0.197316 0.431258
v 0.303622 0.169859 0.457814
v 0.347188 0.105723 0.456288
v 0.385942 0.083925 0.436605
v 0.321913 0.129146 0.492073
v 0.385804 0.141640 0.362197
v 0.317436 0.221965 0.465637
v 0.421344 0.060380 0.408971
v 0.422947 0.108373 0.395302
v -0.240278 0.237890 0.449802
v -0.252642 0.300451 0.440779
v -0.277024 0.265695 0.409579
v -0.188385 0.206008 0.461760
v -0.208753 0.267646 0.462929
v -0.194535 0.321793 0.428827
v -0.173203 0.237338 0.494895
v -0.178374 0.296560 0.484927
v -0.301242 0.290573 0.360642
v -0.151372 0.174681 0.493915
v -0.125026 0.200610 0.508201
v -0.131693 0.260003 0.490647
v -0.099295 0.224572 0.522278
v -0.102114 0.285309 0.512781
v -0.135479 0.321779 0.490964
v -0.163199 0.352511 0.458635
v -0.200737 0.390336 0.435206
v -0.247601 0.364750 0.426025
v -0.278428 0.328486 0.396101
v -0.122321 0.143337 0.537686
v -0.056393 0.130282 0.567472
v -0.102255 0.169336 0.561605
v -0.036609 0.066111 0.567788
v -0.071415 0.104155 0.534610
v -0.071247 0.190242 0.561608
v 0.013510 0.113400 0.580217
v -0.032031 0.152679 0.584053
v -0.006718 0.090046 0.546542
v -0.100286 0.347112 0.513450
v -0.074973 0.394533 0.473700
v -0.133167 0.385426 0.491970
v -0.069878 0.311436 0.537767
v -0.055535 0.369002 0.523271
v -0.034901 0.435267 0.516301
v -0.017138 0.317230 0.503896
v -0.006034 0.392782 0.537632
v -0.150026 0.410950 0.438617
v 0.022210 0.337271 0.518710
v -0.008345 0.451186 0.438245
v -0.060797 0.456931 0.461803
v -0.117891 0.451887 0.476024
v 0.505795 -0.029220 0.220840
v 0.508020 -0.029046 0.169387
v 0.489538 0.000808 0.201164
v 0.503996 -0.064800 0.232764
v 0.513982 -0.057079 0.186438
v 0.510647 -0.063120 0.135530
v 0.508873 -0.087250 0.196729
v 0.527672 -0.083049 0.155143
v 0.494172 0.034307 0.238988
v 0.477444 0.028318 0.182927
v 0.481748 0.067543 0.219165
v 0.485232 -0.004632 0.252266
v 0.493673 -0.041281 0.266456
v 0.478545 -0.082325 0.269095
v 0.482251 -0.103147 0.233452
v 0.530975 -0.117888 0.212159
v 0.519819 -0.108074 0.168066
v 0.534368 -0.133268 0.180061
v 0.532465 -0.130732 0.142421
v 0.524362 -0.112643 0.123268
v 0.536122 -0.090256 0.103540
v 0.516730 -0.071499 0.080350
v 0.514231 -0.034677 0.115509
v 0.489267 -0.004480 0.149281
v 0.489385 -0.227835 0.232307
v 0.518641 -0.196940 0.207337
v 0.480381 -0.183160 0.233047
v 0.529379 -0.244478 0.204256
v 0.538310 -0.204810 0.172392
v 0.505139 -0.158080 0.206607
v 0.516545 -0.141055 0.247623
v 0.527645 -0.167659 0.177354
v 0.457622 -0.256624 0.261899
v 0.475597 -0.214928 0.276072
v 0.483544 -0.273295 0.224994
v 0.500888 -0.282296 0.181337
v 0.539415 -0.247799 0.159445
v 0.542624 -0.294998 0.147779
v 0.529815 -0.244445 0.112998
v 0.571764 -0.205281 0.139329
v 0.546179 -0.169042 0.148463
v 0.520853 -0.146389 0.153090
v 0.496188 -0.123361 0.281629
v 0.507539 -0.172919 0.292117
v 0.564950 -0.160412 0.037942
v 0.573422 -0.221262 0.039080
v 0.565355 -0.202351 0.003053
v 0.536427 -0.127277 0.069491
v 0.543260 -0.181656 0.066688
v 0.563034 -0.236364 0.077834
v 0.539918 -0.160817 0.118674
v 0.559828 -0.194573 0.099192
v 0.551324 -0.182692 -0.027731
v 0.548767 -0.244775 -0.028789
v 0.559371 -0.223099 -0.066999
v 0.556264 -0.140398 0.008895
v 0.531084 -0.105596 0.045273
v 0.524755 -0.147518 0.092100
v 0.536280 -0.287338 0.094948
v 0.551918 -0.278268 0.051605
v 0.560940 -0.263616 0.009641
v 0.406349 0.239445 0.273958
v 0.426171 0.235419 0.215913
v 0.409686 0.282634 0.248018
v 0.418519 0.203126 0.299148
v 0.417155 0.197864 0.238917
v 0.431237 0.188820 0.182085
v 0.433180 0.166488 0.264279
v 0.430310 0.158343 0.206411
v 0.418955 0.159597 0.318554
v 0.418832 0.121945 0.280090
v 0.446232 0.129831 0.230445
v 0.466104 0.101266 0.253917
v 0.461599 0.094582 0.196545
v 0.453777 0.123647 0.173790
v 0.427163 0.142701 0.147716
v 0.417789 0.074282 0.347262
v 0.445971 0.092158 0.305036
v 0.422105 0.118240 0.335501
v 0.440719 0.034701 0.371308
v 0.470553 0.054948 0.328142
v 0.484471 0.068075 0.275625
v 0.458944 0.008236 0.335529
v 0.484747 0.023882 0.291585
v 0.456316 -0.010504 0.391485
v 0.459325 -0.036394 0.345130
v 0.475299 -0.016988 0.299696
v 0.490977 -0.058711 0.315465
v 0.457611 0.083759 0.140424
v 0.484671 0.077572 0.087157
v 0.453031 0.109478 0.118019
v 0.471042 0.057621 0.163161
v 0.488292 0.051838 0.108299
v 0.511354 0.041645 0.051228
v 0.501776 0.028065 0.130085
v 0.497654 0.012170 0.072866
v 0.493594 -0.014120 0.093600
v 0.513773 -0.047531 0.058297
v 0.509529 -0.023725 0.035436
v 0.497954 -0.001609 0.012299
v 0.312222 -0.322057 0.332764
v 0.359625 -0.294139 0.299178
v 0.335845 -0.278499 0.343752
v 0.341379 -0.341262 0.290718
v 0.392943 -0.319106 0.269335
v 0.388673 -0.261495 0.324120
v 0.350443 -0.229107 0.344139
v 0.411755 -0.277598 0.282974
v 0.381506 -0.371610 0.266504
v 0.409668 -0.384480 0.219972
v 0.421547 -0.334811 0.228899
v 0.436760 -0.294017 0.243035
v 0.429743 -0.236052 0.295361
v 0.405849 -0.217160 0.332290
v 0.391333 -0.207397 0.385658
v 0.432781 -0.395050 0.172777
v 0.484183 -0.367199 0.152234
v 0.470494 -0.366679 0.207739
v 0.473378 -0.418112 0.137590
v 0.503765 -0.371109 0.103106
v 0.479869 -0.316895 0.158824
v 0.487746 -0.326157 0.225641
v 0.528237 -0.337679 0.128807
v 0.513994 -0.435266 0.092853
v 0.502485 -0.412664 0.026855
v 0.524897 -0.370744 0.052910
v 0.551742 -0.335413 0.079161
v 0.405162 -0.156439 0.385171
v 0.435914 -0.128201 0.345572
v 0.434707 -0.113948 0.402285
v 0.437109 -0.183491 0.357825
v 0.463203 -0.150853 0.313683
v 0.448650 -0.082699 0.347875
v 0.441265 -0.061085 0.393209
v 0.480453 -0.103855 0.318470
v 0.462767 -0.203298 0.321862
v 0.477464 -0.215949 -0.252407
v 0.462456 -0.279101 -0.261466
v 0.429526 -0.242790 -0.286909
v 0.505795 -0.186745 -0.205403
v 0.491518 -0.246659 -0.217291
v 0.478516 -0.310275 -0.217772
v 0.521942 -0.214564 -0.177041
v 0.504576 -0.275237 -0.177983
v 0.513102 -0.152906 -0.153763
v 0.531889 -0.177215 -0.129578
v 0.547618 -0.241048 -0.147046
v 0.544353 -0.201069 -0.099202
v 0.546375 -0.264827 -0.104622
v 0.512402 -0.300705 -0.135039
v 0.493088 -0.338915 -0.173512
v 0.520107 -0.076093 -0.067003
v 0.547288 -0.136445 -0.086630
v 0.536754 -0.112917 -0.111586
v 0.521969 -0.061890 -0.003145
v 0.542147 -0.097289 -0.043392
v 0.548218 -0.160371 -0.057848
v 0.553719 -0.118712 -0.018128
v 0.510444 -0.039462 -0.026774
v 0.520094 -0.085577 0.021156
v 0.523277 -0.323099 -0.093278
v 0.506712 -0.383491 -0.077348
v 0.512450 -0.366748 -0.130217
v 0.545564 -0.284903 -0.062445
v 0.521189 -0.341319 -0.046011
v 0.537838 -0.416196 -0.028015
v 0.534008 -0.302426 -0.017451
v 0.538402 -0.362025 0.001150
v 0.546165 -0.320361 0.027988
v -0.246409 0.564200 0.037091
v -0.189255 0.561134 0.036373
v -0.225017 0.539329 0.006581
v -0.260437 0.567412 0.074043
v -0.207698 0.567709 0.065654
v -0.150827 0.562689 0.068195
v -0.220499 0.568818 0.095745
v -0.170065 0.562149 0.094381
v -0.248217 0.529699 -0.060623
v -0.217460 0.580960 -0.029898
v -0.274366 0.566968 -0.028464
v -0.290890 0.532337 0.051600
v -0.275372 0.522073 0.013462
v -0.305807 0.550651 0.092091
v -0.259916 0.541540 0.114666
v -0.221313 0.541595 0.133010
v -0.183033 0.563578 0.118455
v -0.193002 0.565987 0.148181
v -0.154032 0.574446 0.143715
v -0.135204 0.575901 0.124317
v -0.111622 0.556273 0.104649
v -0.095101 0.589687 0.079524
v -0.134047 0.580236 0.042494
v -0.172699 0.567110 0.007340
v -0.260809 0.540566 0.250603
v -0.231883 0.582093 0.216783
v -0.263063 0.538755 0.201498
v -0.219681 0.571121 0.264801
v -0.184595 0.573581 0.222155
v -0.228810 0.561877 0.170992
v -0.273278 0.567186 0.157571
v -0.190444 0.561015 0.182132
v -0.277263 0.487030 0.271183
v -0.304664 0.524122 0.237753
v -0.253724 0.532602 0.303862
v -0.207956 0.558666 0.314747
v -0.163498 0.545126 0.259274
v -0.144380 0.534613 0.297292
v -0.132400 0.605739 0.266921
v -0.143418 0.578014 0.221579
v -0.160364 0.583222 0.185436
v -0.167405 0.565920 0.159193
v -0.312523 0.552983 0.141132
v -0.299688 0.518369 0.185406
v -0.045061 0.589617 0.179218
v -0.045901 0.592112 0.239395
v -0.006349 0.609953 0.223859
v -0.082996 0.610768 0.137821
v -0.075638 0.593379 0.197213
v -0.085142 0.587863 0.253504
v -0.103542 0.579284 0.158916
v -0.109684 0.594361 0.213410
v 0.027419 0.601110 0.202816
v 0.025656 0.579525 0.262583
v 0.053929 0.552978 0.236278
v -0.015721 0.600647 0.159997
v -0.055585 0.588876 0.118085
v -0.127310 0.563970 0.176039
v -0.109687 0.590806 0.313380
v -0.058757 0.586577 0.298671
v -0.012436 0.594996 0.285325
v -0.315348 0.450991 -0.244226
v -0.256023 0.479290 -0.242979
v -0.294253 0.454031 -0.288811
v -0.352774 0.480458 -0.211835
v -0.280114 0.479714 -0.206285
v -0.230623 0.527637 -0.205170
v -0.300707 0.481423 -0.167437
v -0.251558 0.520769 -0.170992
v -0.368152 0.479384 -0.164737
v -0.326995 0.499663 -0.130371
v -0.276540 0.533886 -0.137359
v -0.291643 0.529724 -0.097307
v -0.236954 0.556355 -0.097692
v -0.216619 0.553976 -0.130059
v -0.192532 0.542178 -0.158085
v -0.388920 0.470691 -0.070005
v -0.337774 0.492606 -0.085071
v -0.369775 0.462629 -0.114067
v -0.401041 0.470991 -0.023230
v -0.358452 0.505665 -0.042897
v -0.302043 0.514047 -0.055251
v -0.372781 0.507746 0.002539
v -0.326547 0.544209 -0.017321
v -0.405919 0.464473 0.024106
v -0.360296 0.476174 0.049028
v -0.327919 0.516265 0.028977
v -0.340977 0.523625 0.069627
v -0.170685 0.543971 -0.086821
v -0.111894 0.570534 -0.073345
v -0.148648 0.542887 -0.114656
v -0.193685 0.560802 -0.059032
v -0.134453 0.575309 -0.048384
v -0.070033 0.576814 -0.031993
v -0.151315 0.559989 -0.020327
v -0.093305 0.582700 -0.008021
v -0.113414 0.578015 0.017650
v -0.072229 0.581921 0.057885
v -0.053606 0.610361 0.031983
v -0.028969 0.599993 0.008820
v -0.348971 0.329092 0.340859
v -0.322157 0.387701 0.315488
v -0.356672 0.355219 0.290678
v -0.304141 0.360072 0.357595
v -0.281716 0.415427 0.333888
v -0.346629 0.417427 0.281926
v -0.366861 0.380272 0.244149
v -0.295161 0.435875 0.289760
v -0.263174 0.389774 0.375330
v -0.215882 0.412893 0.384283
v -0.241812 0.442747 0.350806
v -0.273704 0.478670 0.325515
v -0.321475 0.467743 0.258603
v -0.374464 0.450845 0.248049
v -0.414114 0.422466 0.226421
v -0.178788 0.445708 0.407985
v -0.150320 0.487141 0.372058
v -0.194135 0.463079 0.359654
v -0.144516 0.486774 0.438115
v -0.107736 0.513196 0.382756
v -0.178780 0.519795 0.342467
v -0.215380 0.486314 0.321764
v -0.135842 0.549235 0.355755
v -0.085715 0.489315 0.423431
v -0.032591 0.499249 0.416025
v -0.058561 0.535476 0.385360
v -0.082692 0.558495 0.348542
v -0.396368 0.427031 0.164172
v -0.378074 0.478599 0.145133
v -0.409157 0.448146 0.119727
v -0.385099 0.473290 0.200711
v -0.346778 0.511869 0.169132
v -0.384138 0.496360 0.096887
v -0.406894 0.454261 0.071738
v -0.355753 0.535992 0.119766
v -0.338843 0.494575 0.216683
v 0.241386 0.487584 0.231233
v 0.221895 0.434145 0.280542
v 0.280377 0.446085 0.258551
v 0.176636 0.483433 0.192603
v 0.204190 0.494281 0.259256
v 0.200093 0.472306 0.318014
v 0.165662 0.525698 0.227808
v 0.167157 0.505712 0.286503
v 0.150454 0.539503 0.166744
v 0.121936 0.545778 0.191895
v 0.126676 0.525432 0.250426
v 0.089162 0.549466 0.214518
v 0.090498 0.533987 0.274075
v 0.130465 0.520300 0.313170
v 0.171322 0.506994 0.353481
v 0.067245 0.594771 0.093811
v 0.078193 0.561642 0.153884
v 0.105822 0.558609 0.129901
v 0.019587 0.622732 0.052457
v 0.041624 0.601375 0.116740
v 0.056153 0.586126 0.179603
v -0.006665 0.592447 0.075265
v 0.012240 0.595192 0.138469
v -0.031788 0.598164 0.096832
v 0.087119 0.528713 0.334586
v 0.063808 0.491781 0.382360
v 0.114410 0.492068 0.364855
v 0.052643 0.545045 0.296324
v 0.039379 0.528097 0.352397
v 0.022235 0.516660 0.413957
v 0.014719 0.562511 0.320810
v -0.008540 0.525250 0.366141
v -0.030664 0.570884 0.341125
v -0.049009 -0.210364 -0.520934
v -0.050892 -0.154805 -0.511000
v -0.024464 -0.188258 -0.484458
v -0.086973 -0.225643 -0.516088
v -0.076428 -0.175168 -0.529653
v -0.078451 -0.121121 -0.534355
v -0.106229 -0.180452 -0.502969
v -0.104430 -0.140400 -0.536345
v 0.011545 -0.224173 -0.487971
v 0.008168 -0.170440 -0.487327
v 0.046965 -0.205201 -0.490633
v -0.064414 -0.258660 -0.497469
v -0.019534 -0.255630 -0.535786
v -0.103467 -0.262808 -0.487286
v -0.123400 -0.230370 -0.505047
v -0.139691 -0.190240 -0.504014
v -0.129902 -0.158224 -0.537073
v -0.155867 -0.163630 -0.522396
v -0.154610 -0.131787 -0.545836
v -0.132357 -0.112172 -0.561727
v -0.107226 -0.087113 -0.561517
v -0.089007 -0.063812 -0.544273
v -0.054694 -0.100816 -0.526811
v -0.022038 -0.136243 -0.509224
v -0.240612 -0.219358 -0.482171
v -0.217736 -0.199364 -0.519593
v -0.200405 -0.228686 -0.490300
v -0.252931 -0.181963 -0.501798
v -0.225843 -0.160826 -0.534833
v -0.178395 -0.202110 -0.520427
v -0.161940 -0.232190 -0.499060
v -0.186955 -0.163299 -0.525151
v -0.263395 -0.241346 -0.445320
v -0.226555 -0.260166 -0.464710
v -0.278712 -0.204222 -0.467624
v -0.287099 -0.158729 -0.479155
v -0.257703 -0.138135 -0.509924
v -0.296043 -0.120838 -0.501072
v -0.264124 -0.104820 -0.538397
v -0.227510 -0.124715 -0.546049
v -0.189024 -0.129745 -0.523592
v -0.166638 -0.140039 -0.526302
v -0.139120 -0.251345 -0.462500
v -0.180434 -0.256824 -0.464151
v -0.190141 -0.023049 -0.562520
v -0.248114 -0.025085 -0.553582
v -0.228504 0.006400 -0.531084
v -0.148623 -0.053548 -0.553168
v -0.208051 -0.053687 -0.567819
v -0.261135 -0.064603 -0.553570
v -0.167597 -0.083504 -0.573269
v -0.222964 -0.091463 -0.564879
v -0.213475 0.039608 -0.537590
v -0.269341 0.039357 -0.529137
v -0.252804 0.075461 -0.528830
v -0.174733 0.002965 -0.528941
v -0.130693 -0.029240 -0.541909
v -0.186282 -0.114235 -0.561540
v -0.294016 -0.076963 -0.505690
v -0.288895 -0.037875 -0.512883
v -0.285787 0.002358 -0.534981
v 0.220167 -0.259471 -0.404871
v 0.217273 -0.201527 -0.432777
v 0.249678 -0.229726 -0.383033
v 0.186344 -0.287378 -0.426495
v 0.189693 -0.229973 -0.447801
v 0.176180 -0.168285 -0.456788
v 0.153037 -0.254061 -0.450495
v 0.147383 -0.194603 -0.460918
v 0.147075 -0.310915 -0.437371
v 0.117183 -0.277174 -0.464571
v 0.120917 -0.219727 -0.481579
v 0.089090 -0.243391 -0.497291
v 0.074497 -0.183458 -0.470501
v 0.110997 -0.160848 -0.482726
v 0.127677 -0.134888 -0.448434
v 0.058941 -0.352579 -0.454908
v 0.074137 -0.295689 -0.462288
v 0.107722 -0.334629 -0.452739
v 0.015156 -0.342141 -0.418995
v 0.030451 -0.306934 -0.453777
v 0.049547 -0.264823 -0.498148
v -0.011129 -0.308156 -0.440003
v 0.005245 -0.287760 -0.500400
v -0.028940 -0.338865 -0.405414
v -0.054207 -0.312696 -0.432851
v -0.038878 -0.286713 -0.471336
v -0.080525 -0.293042 -0.466885
v 0.060650 -0.126278 -0.464124
v 0.047979 -0.067979 -0.466503
v 0.097900 -0.103679 -0.489552
v 0.044958 -0.150005 -0.502080
v 0.030634 -0.092476 -0.498376
v -0.008425 -0.056491 -0.510006
v 0.002258 -0.030564 -0.467203
v 0.004993 -0.115300 -0.504646
v -0.028651 -0.080000 -0.527791
v -0.069210 -0.042865 -0.537386
v -0.043046 -0.019880 -0.538086
v -0.024110 0.003619 -0.518513
v -0.320391 -0.296142 -0.303909
v -0.301262 -0.278575 -0.355402
v -0.278448 -0.310343 -0.326884
v -0.344572 -0.266444 -0.336677
v -0.326497 -0.252262 -0.391611
v -0.260956 -0.291520 -0.372788
v -0.234219 -0.312091 -0.340185
v -0.289282 -0.273806 -0.413055
v -0.384406 -0.258357 -0.390268
v -0.382819 -0.193046 -0.396936
v -0.347839 -0.218941 -0.423306
v -0.302696 -0.226648 -0.430736
v -0.241758 -0.269128 -0.414305
v -0.222252 -0.302352 -0.389350
v -0.195955 -0.321474 -0.356687
v -0.400515 -0.153545 -0.424516
v -0.372221 -0.130072 -0.467047
v -0.362441 -0.176583 -0.447295
v -0.412379 -0.108569 -0.447369
v -0.377205 -0.083293 -0.482350
v -0.332105 -0.149443 -0.479946
v -0.323006 -0.195400 -0.462827
v -0.333653 -0.100456 -0.487147
v -0.412342 -0.059835 -0.457282
v -0.395730 -0.012698 -0.447051
v -0.368559 -0.035692 -0.481239
v -0.343353 -0.060099 -0.517063
v -0.156457 -0.327243 -0.370790
v -0.146333 -0.322181 -0.422215
v -0.125300 -0.353483 -0.399173
v -0.178892 -0.301734 -0.397235
v -0.162120 -0.284498 -0.440193
v -0.108303 -0.340312 -0.451835
v -0.079689 -0.356789 -0.414575
v -0.124559 -0.293349 -0.458743
v -0.204669 -0.284799 -0.432400
v -0.253562 0.253118 -0.464338
v -0.324603 0.266308 -0.464986
v -0.294493 0.305159 -0.450574
v -0.225310 0.214900 -0.503636
v -0.285624 0.223306 -0.484401
v -0.341456 0.218375 -0.460007
v -0.253786 0.185619 -0.517691
v -0.303981 0.181677 -0.481071
v -0.192779 0.176266 -0.540862
v -0.218333 0.145860 -0.544466
v -0.269696 0.145275 -0.502437
v -0.236243 0.111103 -0.535016
v -0.295504 0.113346 -0.525801
v -0.324776 0.142199 -0.490000
v -0.368297 0.178597 -0.480798
v -0.107729 0.085052 -0.534518
v -0.174133 0.103909 -0.564767
v -0.149711 0.129752 -0.553237
v -0.067200 0.043833 -0.521467
v -0.133617 0.059646 -0.517080
v -0.191725 0.070162 -0.517419
v -0.115593 -0.005152 -0.518450
v -0.153332 0.032689 -0.530744
v -0.085592 0.018896 -0.542114
v -0.345502 0.101793 -0.500179
v -0.400002 0.084339 -0.482298
v -0.379688 0.130792 -0.476323
v -0.308278 0.070549 -0.516467
v -0.361238 0.057686 -0.503719
v -0.385716 0.035132 -0.447433
v -0.321486 0.030054 -0.514323
v -0.357385 0.010494 -0.479096
v -0.324253 -0.013941 -0.496946
vt 0.049599 0.129972
vt 0.040469 0.139103
vt 0.041898 0.125129
vt 0.056992 0.135437
vt 0.047687 0.142497
vt 0.039505 0.152924
vt 0.054455 0.146551
vt 0.046330 0.154676
vt 0.043659 0.110943
vt 0.033924 0.120678
vt 0.035240 0.105155
vt 0.051883 0.117069
vt 0.059887 0.123687
vt 0.064041 0.141776
vt 0.057795 0.160513
vt 0.052492 0.156912
vt 0.055744 0.166667
vt 0.051641 0.166667
vt 0.045809 0.166667
vt 0.039150 0.166667
vt 0.031931 0.166667
vt 0.032182 0.151392
vt 0.032876 0.136076
vt 0.077163 0.175797
vt 0.077163 0.157536
vt 0.083436 0.166667
vt 0.070735 0.184154
vt 0.071857 0.166667
vt 0.070735 0.149179
vt 0.066446 0.174792
vt 0.066446 0.158541
vt 0.096751 0.166667
vt 0.089648 0.156932
vt 0.082473 0.185674
vt 0.089648 0.176402
vt 0.067650 0.202385
vt 0.075162 0.194372
vt 0.064041 0.191557
vt 0.060711 0.181568
vt 0.062247 0.166667
vt 0.060711 0.151765
vt 0.067650 0.130948
vt 0.075162 0.138961
vt 0.082473 0.147659
vt 0.041898 0.208205
vt 0.047687 0.190836
vt 0.049599 0.203361
vt 0.040469 0.194230
vt 0.046330 0.178657
vt 0.054455 0.186783
vt 0.056992 0.197897
vt 0.052492 0.176422
vt 0.035240 0.228178
vt 0.043659 0.222391
vt 0.033924 0.212656
vt 0.032876 0.197257
vt 0.039505 0.180409
vt 0.032182 0.181941
vt 0.057795 0.172820
vt 0.059887 0.209646
vt 0.051883 0.216264
vt 0.020230 0.039372
vt 0.009853 0.049749
vt 0.010261 0.030218
vt 0.030182 0.048561
vt 0.019406 0.057652
vt 0.009472 0.069271
vt 0.028921 0.065619
vt 0.018632 0.075908
vt 0.010681 0.010681
vt 0.000282 0.021080
vt 0.000282 0.000282
vt 0.031479 0.031479
vt 0.021080 0.021080
vt 0.040107 0.057801
vt 0.038380 0.073682
vt 0.027732 0.082631
vt 0.036742 0.089481
vt 0.026652 0.099572
vt 0.017934 0.094128
vt 0.009130 0.088778
vt 0.000282 0.083475
vt 0.000282 0.062676
vt 0.000282 0.041878
vt 0.059846 0.076512
vt 0.047766 0.081877
vt 0.049996 0.067111
vt 0.066276 0.098860
vt 0.057068 0.090252
vt 0.054396 0.103803
vt 0.045636 0.096510
vt 0.041878 0.041878
vt 0.052277 0.052277
vt 0.073076 0.073076
vt 0.062676 0.062676
vt 0.079406 0.095681
vt 0.069650 0.086027
vt 0.075382 0.107751
vt 0.063005 0.111453
vt 0.017338 0.112305
vt 0.008615 0.127742
vt 0.008840 0.108267
vt 0.025719 0.116427
vt 0.016875 0.130445
vt 0.008471 0.147207
vt 0.024506 0.149951
vt 0.016574 0.148562
vt 0.000282 0.104273
vt 0.024986 0.133213
vt 0.024334 0.166667
vt 0.016467 0.166667
vt 0.008420 0.166667
vt 0.000282 0.166667
vt 0.000282 0.145869
vt 0.000282 0.125071
vt 0.137148 0.177044
vt 0.137148 0.156290
vt 0.146710 0.166667
vt 0.127578 0.187377
vt 0.128420 0.166667
vt 0.127578 0.145957
vt 0.119679 0.176956
vt 0.119679 0.156378
vt 0.156268 0.177066
vt 0.156268 0.156268
vt 0.166667 0.166667
vt 0.145869 0.187465
vt 0.135470 0.197864
vt 0.125071 0.208263
vt 0.117995 0.197644
vt 0.103837 0.176758
vt 0.111768 0.166667
vt 0.103837 0.156576
vt 0.110918 0.146221
vt 0.117995 0.135690
vt 0.125071 0.125071
vt 0.135470 0.135470
vt 0.145869 0.145869
vt 0.098770 0.217897
vt 0.102128 0.197094
vt 0.108396 0.207823
vt 0.089110 0.227846
vt 0.093289 0.206860
vt 0.087850 0.196077
vt 0.095876 0.186584
vt 0.084381 0.216369
vt 0.114672 0.218662
vt 0.104273 0.229061
vt 0.093874 0.239460
vt 0.079406 0.237653
vt 0.075382 0.225582
vt 0.079720 0.205165
vt 0.071449 0.213781
vt 0.110918 0.187113
vt 0.102128 0.136239
vt 0.098770 0.115437
vt 0.108396 0.125510
vt 0.095876 0.146749
vt 0.093289 0.126474
vt 0.084381 0.116964
vt 0.089110 0.105487
vt 0.087850 0.137257
vt 0.114672 0.114672
vt 0.079720 0.128168
vt 0.071449 0.119552
vt 0.083475 0.083475
vt 0.093874 0.093874
vt 0.104273 0.104273
vt 0.010261 0.303116
vt 0.019406 0.275681
vt 0.020230 0.293961
vt 0.009853 0.283584
vt 0.018632 0.257425
vt 0.028921 0.267714
vt 0.030182 0.284772
vt 0.027732 0.250703
vt 0.000282 0.312253
vt 0.010681 0.322652
vt 0.000282 0.333051
vt 0.000282 0.291455
vt 0.009472 0.264062
vt 0.000282 0.270657
vt 0.009130 0.244555
vt 0.017934 0.239205
vt 0.026652 0.233762
vt 0.036742 0.243853
vt 0.038380 0.259651
vt 0.040107 0.275532
vt 0.031479 0.301854
vt 0.041878 0.291455
vt 0.021080 0.312253
vt 0.008840 0.225066
vt 0.016875 0.202888
vt 0.017338 0.221029
vt 0.008615 0.205591
vt 0.016574 0.184771
vt 0.024986 0.200121
vt 0.025719 0.216906
vt 0.024506 0.183382
vt 0.000282 0.249859
vt 0.000282 0.229061
vt 0.000282 0.208263
vt 0.008471 0.186127
vt 0.000282 0.187465
vt 0.049996 0.266223
vt 0.057068 0.243081
vt 0.059846 0.256822
vt 0.047766 0.251456
vt 0.054396 0.229530
vt 0.069650 0.247306
vt 0.063005 0.221881
vt 0.066276 0.234474
vt 0.052277 0.281056
vt 0.045636 0.236823
vt 0.083475 0.249859
vt 0.073076 0.260258
vt 0.062676 0.270657
vt 0.216549 0.129972
vt 0.207418 0.139103
vt 0.208847 0.125129
vt 0.223941 0.135437
vt 0.214636 0.142497
vt 0.206454 0.152924
vt 0.221405 0.146551
vt 0.213279 0.154676
vt 0.210608 0.110943
vt 0.200873 0.120678
vt 0.202189 0.105155
vt 0.218832 0.117069
vt 0.226837 0.123687
vt 0.234599 0.130948
vt 0.227660 0.151765
vt 0.219441 0.156912
vt 0.222693 0.166667
vt 0.218591 0.166667
vt 0.212758 0.166667
vt 0.206099 0.166667
vt 0.198880 0.166667
vt 0.199131 0.151392
vt 0.199825 0.136076
vt 0.244112 0.175797
vt 0.244112 0.157536
vt 0.250385 0.166667
vt 0.237684 0.184154
vt 0.238806 0.166667
vt 0.237684 0.149179
vt 0.233395 0.174792
vt 0.233395 0.158541
vt 0.256597 0.176402
vt 0.256597 0.156932
vt 0.263700 0.166667
vt 0.249422 0.185674
vt 0.242111 0.194372
vt 0.234599 0.202385
vt 0.230990 0.191557
vt 0.224744 0.172820
vt 0.229196 0.166667
vt 0.224744 0.160513
vt 0.230990 0.141776
vt 0.242111 0.138961
vt 0.249422 0.147660
vt 0.208847 0.208205
vt 0.214636 0.190836
vt 0.216549 0.203361
vt 0.207418 0.194230
vt 0.213279 0.178657
vt 0.221405 0.186783
vt 0.223941 0.197897
vt 0.219441 0.176422
vt 0.202189 0.228178
vt 0.210608 0.222391
vt 0.200873 0.212656
vt 0.199825 0.197257
vt 0.206454 0.180409
vt 0.199131 0.181941
vt 0.227660 0.181568
vt 0.226836 0.209646
vt 0.218832 0.216264
vt 0.187179 0.039372
vt 0.176802 0.049749
vt 0.177210 0.030218
vt 0.197131 0.048561
vt 0.186355 0.057652
vt 0.176421 0.069271
vt 0.195870 0.065619
vt 0.185581 0.075908
vt 0.177630 0.010681
vt 0.167231 0.021080
vt 0.167231 0.000282
vt 0.188029 0.021080
vt 0.198428 0.031479
vt 0.207056 0.057801
vt 0.205329 0.073682
vt 0.194681 0.082631
vt 0.203692 0.089481
vt 0.193601 0.099572
vt 0.184883 0.094128
vt 0.176079 0.088778
vt 0.167231 0.062677
vt 0.167231 0.083475
vt 0.167231 0.041878
vt 0.226795 0.076512
vt 0.214715 0.081877
vt 0.216945 0.067111
vt 0.236599 0.086027
vt 0.224017 0.090252
vt 0.212585 0.096510
vt 0.233225 0.098860
vt 0.221345 0.103803
vt 0.219227 0.052277
vt 0.208827 0.041878
vt 0.229626 0.062677
vt 0.240025 0.073076
vt 0.250424 0.083475
vt 0.246355 0.095681
vt 0.242331 0.107751
vt 0.229954 0.111453
vt 0.238398 0.119552
vt 0.184287 0.112305
vt 0.175564 0.127742
vt 0.175789 0.108267
vt 0.192668 0.116427
vt 0.183824 0.130445
vt 0.183523 0.148562
vt 0.175420 0.147207
vt 0.191935 0.133213
vt 0.167231 0.104273
vt 0.191455 0.149951
vt 0.191283 0.166667
vt 0.183416 0.166667
vt 0.175369 0.166667
vt 0.167231 0.166667
vt 0.167231 0.145869
vt 0.167231 0.125071
vt 0.304097 0.177044
vt 0.304097 0.156290
vt 0.313659 0.166667
vt 0.294527 0.187377
vt 0.295369 0.166667
vt 0.294527 0.145957
vt 0.286628 0.176956
vt 0.286628 0.156378
vt 0.323217 0.177066
vt 0.323217 0.156268
vt 0.333616 0.166667
vt 0.312818 0.187465
vt 0.302419 0.197864
vt 0.292020 0.208263
vt 0.284944 0.197644
vt 0.277867 0.187113
vt 0.278717 0.166667
vt 0.270786 0.176758
vt 0.270786 0.156576
vt 0.277867 0.146221
vt 0.284944 0.135690
vt 0.302419 0.135470
vt 0.292020 0.125071
vt 0.312818 0.145869
vt 0.265719 0.217897
vt 0.269077 0.197094
vt 0.275345 0.207823
vt 0.256059 0.227846
vt 0.260238 0.206860
vt 0.262825 0.186584
vt 0.251330 0.216369
vt 0.254799 0.196077
vt 0.281621 0.218662
vt 0.271222 0.229061
vt 0.260823 0.239460
vt 0.250424 0.249859
vt 0.246355 0.237653
vt 0.242331 0.225582
vt 0.246669 0.205165
vt 0.238398 0.213781
vt 0.269077 0.136239
vt 0.265719 0.115437
vt 0.275345 0.125510
vt 0.262825 0.146749
vt 0.260238 0.126474
vt 0.256059 0.105487
vt 0.254799 0.137257
vt 0.251330 0.116964
vt 0.281621 0.114672
vt 0.246669 0.128168
vt 0.260823 0.093874
vt 0.271222 0.104273
vt 0.177210 0.303116
vt 0.186355 0.275681
vt 0.187179 0.293961
vt 0.176802 0.283584
vt 0.185581 0.257425
vt 0.195870 0.267714
vt 0.197131 0.284772
vt 0.194681 0.250703
vt 0.167231 0.333051
vt 0.177630 0.322652
vt 0.167231 0.312253
vt 0.167231 0.291455
vt 0.176421 0.264062
vt 0.167231 0.270657
vt 0.176079 0.244555
vt 0.184883 0.239205
vt 0.193601 0.233762
vt 0.203692 0.243853
vt 0.205329 0.259651
vt 0.207056 0.275532
vt 0.198428 0.301854
vt 0.208827 0.291455
vt 0.188029 0.312253
vt 0.175789 0.225066
vt 0.183824 0.202888
vt 0.184287 0.221029
vt 0.175564 0.205591
vt 0.183523 0.184771
vt 0.191935 0.200121
vt 0.192668 0.216906
vt 0.191455 0.183382
vt 0.167231 0.229061
vt 0.167231 0.249859
vt 0.167231 0.208263
vt 0.175420 0.186127
vt 0.167231 0.187465
vt 0.216945 0.266223
vt 0.224017 0.243081
vt 0.226795 0.256822
vt 0.214715 0.251456
vt 0.221345 0.229530
vt 0.233225 0.234474
vt 0.236599 0.247306
vt 0.229954 0.221881
vt 0.219227 0.281056
vt 0.212585 0.236823
vt 0.240025 0.260258
vt 0.229626 0.270657
vt 0.383498 0.129972
vt 0.374367 0.139103
vt 0.375796 0.125129
vt 0.390890 0.135437
vt 0.381585 0.142497
vt 0.373403 0.152924
vt 0.388354 0.146551
vt 0.380228 0.154676
vt 0.377557 0.110943
vt 0.367822 0.120678
vt 0.369138 0.105155
vt 0.385781 0.117069
vt 0.393786 0.123687
vt 0.397939 0.141776
vt 0.394609 0.151765
vt 0.386390 0.156912
vt 0.391693 0.160513
vt 0.385540 0.166667
vt 0.379707 0.166667
vt 0.373048 0.166667
vt 0.365830 0.166667
vt 0.366080 0.151392
vt 0.366774 0.136076
vt 0.411061 0.175797
vt 0.411061 0.157536
vt 0.417334 0.166667
vt 0.404633 0.184154
vt 0.405755 0.166667
vt 0.404633 0.149179
vt 0.400344 0.174792
vt 0.400344 0.158541
vt 0.423546 0.176402
vt 0.423546 0.156932
vt 0.430650 0.166667
vt 0.416371 0.185674
vt 0.409060 0.194372
vt 0.401548 0.202385
vt 0.397939 0.191557
vt 0.394609 0.181568
vt 0.396145 0.166667
vt 0.391693 0.172820
vt 0.409060 0.138961
vt 0.401548 0.130948
vt 0.416371 0.147660
vt 0.375796 0.208205
vt 0.381585 0.190836
vt 0.383498 0.203361
vt 0.374367 0.194231
vt 0.380228 0.178657
vt 0.388354 0.186783
vt 0.390890 0.197897
vt 0.386390 0.176422
vt 0.369138 0.228178
vt 0.377557 0.222391
vt 0.367822 0.212656
vt 0.366774 0.197257
vt 0.373403 0.180409
vt 0.366080 0.181941
vt 0.389642 0.166667
vt 0.393786 0.209647
vt 0.385781 0.216264
vt 0.354128 0.039372
vt 0.343751 0.049749
vt 0.344159 0.030218
vt 0.364080 0.048561
vt 0.353304 0.057652
vt 0.343370 0.069271
vt 0.362819 0.065619
vt 0.352530 0.075908
vt 0.344580 0.010681
vt 0.334180 0.021080
vt 0.334180 0.000282
vt 0.354979 0.021080
vt 0.365377 0.031479
vt 0.374005 0.057801
vt 0.372278 0.073682
vt 0.361630 0.082631
vt 0.370641 0.089481
vt 0.360550 0.099572
vt 0.351832 0.094128
vt 0.343028 0.088778
vt 0.334180 0.083475
vt 0.334180 0.062677
vt 0.334180 0.041878
vt 0.393744 0.076512
vt 0.381664 0.081877
vt 0.383894 0.067111
vt 0.403548 0.086027
vt 0.390966 0.090252
vt 0.388294 0.103803
vt 0.379535 0.096510
vt 0.400174 0.098860
vt 0.375776 0.041878
vt 0.386176 0.052277
vt 0.406974 0.073076
vt 0.396575 0.062677
vt 0.417373 0.083475
vt 0.413304 0.095681
vt 0.409280 0.107751
vt 0.396903 0.111453
vt 0.351236 0.112305
vt 0.342514 0.127742
vt 0.342738 0.108267
vt 0.359617 0.116427
vt 0.350773 0.130445
vt 0.342369 0.147207
vt 0.358884 0.133213
vt 0.350472 0.148562
vt 0.334180 0.104273
vt 0.358404 0.149951
vt 0.358232 0.166667
vt 0.350365 0.166667
vt 0.342318 0.166667
vt 0.334180 0.166667
vt 0.334180 0.145869
vt 0.334180 0.125071
vt 0.471046 0.177044
vt 0.471046 0.156290
vt 0.480608 0.166667
vt 0.461476 0.187377
vt 0.462318 0.166667
vt 0.453577 0.156378
vt 0.461476 0.145957
vt 0.453577 0.176956
vt 0.490166 0.177066
vt 0.490166 0.156268
vt 0.500565 0.166667
vt 0.479767 0.187465
vt 0.469368 0.197864
vt 0.458969 0.208263
vt 0.451893 0.197644
vt 0.437736 0.176758
vt 0.445666 0.166667
vt 0.437735 0.156576
vt 0.444816 0.146221
vt 0.451893 0.135690
vt 0.458969 0.125071
vt 0.469368 0.135470
vt 0.479767 0.145869
vt 0.432668 0.217897
vt 0.436026 0.197094
vt 0.442294 0.207823
vt 0.423008 0.227846
vt 0.427187 0.206860
vt 0.429774 0.186584
vt 0.418279 0.216369
vt 0.421748 0.196077
vt 0.448570 0.218662
vt 0.438171 0.229061
vt 0.427772 0.239460
vt 0.417373 0.249859
vt 0.413304 0.237653
vt 0.405347 0.213781
vt 0.413618 0.205165
vt 0.444816 0.187113
vt 0.442294 0.125510
vt 0.427187 0.126474
vt 0.432668 0.115437
vt 0.429774 0.146749
vt 0.436026 0.136239
vt 0.418279 0.116964
vt 0.423008 0.105487
vt 0.413618 0.128168
vt 0.448570 0.114672
vt 0.421748 0.137257
vt 0.405347 0.119552
vt 0.427772 0.093874
vt 0.438171 0.104273
vt 0.344159 0.303116
vt 0.353304 0.275681
vt 0.354128 0.293961
vt 0.343751 0.283584
vt 0.352530 0.257425
vt 0.362819 0.267714
vt 0.364080 0.284772
vt 0.361630 0.250703
vt 0.334180 0.312253
vt 0.344580 0.322652
vt 0.334180 0.333051
vt 0.334180 0.291455
vt 0.343370 0.264062
vt 0.334180 0.249859
vt 0.334180 0.270657
vt 0.351832 0.239205
vt 0.360550 0.233762
vt 0.370641 0.243853
vt 0.372278 0.259651
vt 0.374005 0.275532
vt 0.375776 0.291455
vt 0.365377 0.301854
vt 0.354979 0.312253
vt 0.342738 0.225066
vt 0.350773 0.202888
vt 0.351236 0.221029
vt 0.342514 0.205591
vt 0.350472 0.184771
vt 0.358884 0.200121
vt 0.359617 0.216906
vt 0.358404 0.183382
vt 0.343028 0.244555
vt 0.334180 0.229061
vt 0.334180 0.208263
vt 0.342369 0.186127
vt 0.334180 0.187465
vt 0.383894 0.266223
vt 0.390966 0.243081
vt 0.393744 0.256822
vt 0.381664 0.251456
vt 0.388294 0.229530
vt 0.403548 0.247306
vt 0.396903 0.221881
vt 0.400174 0.234474
vt 0.386176 0.281056
vt 0.379535 0.236823
vt 0.409280 0.225582
vt 0.406974 0.260258
vt 0.396575 0.270657
vt 0.049599 0.463306
vt 0.040469 0.472436
vt 0.041898 0.458462
vt 0.056992 0.468770
vt 0.047687 0.475830
vt 0.039505 0.486257
vt 0.052492 0.490245
vt 0.046330 0.488010
vt 0.043659 0.444276
vt 0.033924 0.454011
vt 0.035240 0.438489
vt 0.051883 0.450403
vt 0.059887 0.457020
vt 0.067650 0.464282
vt 0.064041 0.475110
vt 0.054455 0.479884
vt 0.057795 0.493847
vt 0.055744 0.500000
vt 0.051641 0.500000
vt 0.045809 0.500000
vt 0.039150 0.500000
vt 0.031931 0.500000
vt 0.032182 0.484726
vt 0.032876 0.469410
vt 0.083436 0.500000
vt 0.071857 0.500000
vt 0.077163 0.490869
vt 0.077163 0.509131
vt 0.066446 0.508126
vt 0.070735 0.482513
vt 0.062247 0.500000
vt 0.066446 0.491875
vt 0.096751 0.500000
vt 0.089648 0.490265
vt 0.082473 0.519007
vt 0.089648 0.509735
vt 0.075162 0.527705
vt 0.067650 0.535719
vt 0.070735 0.517488
vt 0.064041 0.524890
vt 0.060711 0.514902
vt 0.057795 0.506154
vt 0.060711 0.485098
vt 0.075162 0.472295
vt 0.082473 0.480993
vt 0.041898 0.541538
vt 0.047687 0.524170
vt 0.049599 0.536695
vt 0.040469 0.527564
vt 0.046330 0.511991
vt 0.054455 0.520116
vt 0.056992 0.531230
vt 0.052492 0.509755
vt 0.035240 0.561512
vt 0.043659 0.555724
vt 0.033924 0.545989
vt 0.032876 0.530590
vt 0.039505 0.513743
vt 0.032182 0.515275
vt 0.059887 0.542980
vt 0.051883 0.549598
vt 0.010261 0.363551
vt 0.019406 0.390986
vt 0.009853 0.383083
vt 0.030182 0.381894
vt 0.020230 0.372706
vt 0.009472 0.402604
vt 0.028921 0.398953
vt 0.018632 0.409242
vt 0.010681 0.344015
vt 0.000282 0.354414
vt 0.000282 0.333616
vt 0.021080 0.354414
vt 0.031479 0.364813
vt 0.040107 0.391134
vt 0.038380 0.407016
vt 0.027732 0.415964
vt 0.036742 0.422814
vt 0.026652 0.432905
vt 0.017934 0.427462
vt 0.009130 0.422111
vt 0.000282 0.416808
vt 0.000282 0.396010
vt 0.000282 0.375212
vt 0.059846 0.409845
vt 0.047766 0.415210
vt 0.049996 0.400444
vt 0.069650 0.419361
vt 0.057068 0.423586
vt 0.054396 0.437136
vt 0.045636 0.429843
vt 0.066276 0.432193
vt 0.041878 0.375212
vt 0.062676 0.396010
vt 0.052277 0.385611
vt 0.073075 0.406409
vt 0.079406 0.429014
vt 0.075382 0.441085
vt 0.063005 0.444786
vt 0.017338 0.445638
vt 0.008615 0.461075
vt 0.008840 0.441601
vt 0.025719 0.449761
vt 0.016875 0.463779
vt 0.008471 0.480540
vt 0.024986 0.466546
vt 0.016574 0.481895
vt 0.000282 0.437606
vt 0.024506 0.483285
vt 0.024334 0.500000
vt 0.016467 0.500000
vt 0.008420 0.500000
vt 0.000282 0.479202
vt 0.000282 0.500000
vt 0.000282 0.458404
vt 0.137148 0.510377
vt 0.137148 0.489623
vt 0.146710 0.500000
vt 0.127578 0.520710
vt 0.128420 0.500000
vt 0.127578 0.479290
vt 0.119679 0.510289
vt 0.119679 0.489711
vt 0.156268 0.510399
vt 0.156268 0.489601
vt 0.166667 0.500000
vt 0.145869 0.520798
vt 0.135470 0.531197
vt 0.117995 0.530977
vt 0.110918 0.520446
vt 0.111768 0.500000
vt 0.103837 0.510091
vt 0.103837 0.489909
vt 0.110918 0.479554
vt 0.117995 0.469023
vt 0.135470 0.468803
vt 0.125071 0.458404
vt 0.145869 0.479202
vt 0.098770 0.551230
vt 0.102128 0.530428
vt 0.108396 0.541157
vt 0.089110 0.561179
vt 0.093289 0.540193
vt 0.095876 0.519917
vt 0.084381 0.549702
vt 0.087850 0.529410
vt 0.114672 0.551995
vt 0.125071 0.541596
vt 0.093874 0.572793
vt 0.104273 0.562394
vt 0.083474 0.583192
vt 0.079406 0.570986
vt 0.075382 0.558915
vt 0.079720 0.538499
vt 0.071449 0.547114
vt 0.102128 0.469572
vt 0.098770 0.448770
vt 0.108396 0.458843
vt 0.087850 0.470590
vt 0.093289 0.459807
vt 0.084381 0.450298
vt 0.089110 0.438821
vt 0.079720 0.461501
vt 0.114672 0.448005
vt 0.095876 0.480083
vt 0.071449 0.452886
vt 0.083475 0.416808
vt 0.093874 0.427207
vt 0.104273 0.437606
vt 0.010261 0.636449
vt 0.019406 0.609015
vt 0.020230 0.627295
vt 0.009853 0.616917
vt 0.018632 0.590759
vt 0.028921 0.601048
vt 0.030182 0.618106
vt 0.027732 0.584036
vt 0.000282 0.666384
vt 0.010681 0.655985
vt 0.000282 0.645586
vt 0.000282 0.624788
vt 0.009472 0.597396
vt 0.000282 0.603990
vt 0.009130 0.577889
vt 0.017934 0.572538
vt 0.026651 0.567095
vt 0.036742 0.577186
vt 0.038380 0.592984
vt 0.040107 0.608866
vt 0.041878 0.624788
vt 0.031479 0.635187
vt 0.021080 0.645586
vt 0.008840 0.558400
vt 0.016875 0.536222
vt 0.017338 0.554362
vt 0.008615 0.538925
vt 0.016574 0.518105
vt 0.024986 0.533454
vt 0.025719 0.550240
vt 0.024506 0.516715
vt 0.000282 0.583192
vt 0.000282 0.541596
vt 0.000282 0.562394
vt 0.008471 0.519460
vt 0.000282 0.520798
vt 0.049996 0.599556
vt 0.057068 0.576415
vt 0.059846 0.590155
vt 0.047766 0.584790
vt 0.054396 0.562864
vt 0.066276 0.567807
vt 0.069650 0.580639
vt 0.063005 0.555214
vt 0.052277 0.614389
vt 0.045636 0.570157
vt 0.073075 0.593591
vt 0.062676 0.603990
vt 0.216549 0.463306
vt 0.207418 0.472436
vt 0.208847 0.458462
vt 0.223941 0.468770
vt 0.214636 0.475830
vt 0.206454 0.486257
vt 0.219441 0.490245
vt 0.213279 0.488010
vt 0.210608 0.444276
vt 0.200873 0.454011
vt 0.202189 0.438489
vt 0.218832 0.450403
vt 0.226837 0.457020
vt 0.234599 0.464282
vt 0.227660 0.485098
vt 0.221404 0.479884
vt 0.224744 0.493847
vt 0.218591 0.500000
vt 0.212758 0.500000
vt 0.206099 0.500000
vt 0.198880 0.500000
vt 0.199131 0.484726
vt 0.199825 0.469410
vt 0.244112 0.509131
vt 0.244112 0.490869
vt 0.250385 0.500000
vt 0.233395 0.508126
vt 0.238806 0.500000
vt 0.237684 0.482513
vt 0.233395 0.491875
vt 0.256597 0.509735
vt 0.256597 0.490265
vt 0.263700 0.500000
vt 0.249422 0.519007
vt 0.242111 0.527705
vt 0.234599 0.535719
vt 0.237684 0.517488
vt 0.230990 0.524890
vt 0.227660 0.514902
vt 0.229196 0.500000
vt 0.222693 0.500000
vt 0.230990 0.475110
vt 0.242111 0.472295
vt 0.249422 0.480993
vt 0.208847 0.541538
vt 0.214636 0.524170
vt 0.216549 0.536695
vt 0.207418 0.527564
vt 0.213279 0.511991
vt 0.221404 0.520116
vt 0.223941 0.531230
vt 0.219441 0.509755
vt 0.202189 0.561512
vt 0.210608 0.555724
vt 0.200873 0.545989
vt 0.199825 0.530590
vt 0.206454 0.513743
vt 0.199131 0.515275
vt 0.224744 0.506154
vt 0.226836 0.542980
vt 0.218832 0.549598
vt 0.187179 0.372706
vt 0.176802 0.383083
vt 0.177210 0.363551
vt 0.197131 0.381894
vt 0.186355 0.390986
vt 0.176421 0.402604
vt 0.195870 0.398953
vt 0.185581 0.409242
vt 0.177630 0.344015
vt 0.167231 0.354414
vt 0.167231 0.333616
vt 0.188029 0.354414
vt 0.198428 0.364813
vt 0.207056 0.391134
vt 0.205329 0.407016
vt 0.194681 0.415964
vt 0.203692 0.422814
vt 0.193601 0.432905
vt 0.184883 0.427462
vt 0.176079 0.422112
vt 0.167231 0.416808
vt 0.167231 0.396010
vt 0.167231 0.375212
vt 0.226795 0.409845
vt 0.214715 0.415210
vt 0.216945 0.400444
vt 0.233225 0.432193
vt 0.224017 0.423586
vt 0.221345 0.437136
vt 0.212585 0.429843
vt 0.219227 0.385611
vt 0.208827 0.375212
vt 0.229626 0.396010
vt 0.240025 0.406409
vt 0.250424 0.416808
vt 0.236599 0.419361
vt 0.246355 0.429014
vt 0.242331 0.441085
vt 0.229954 0.444786
vt 0.238398 0.452886
vt 0.184287 0.445638
vt 0.175564 0.461075
vt 0.175789 0.441601
vt 0.192668 0.449761
vt 0.183824 0.463779
vt 0.175420 0.480540
vt 0.191935 0.466546
vt 0.183523 0.481895
vt 0.167231 0.437606
vt 0.191455 0.483285
vt 0.191283 0.500000
vt 0.183416 0.500000
vt 0.175369 0.500000
vt 0.167231 0.500000
vt 0.167231 0.479202
vt 0.167231 0.458404
vt 0.304097 0.510377
vt 0.304097 0.489623
vt 0.313659 0.500000
vt 0.294527 0.520710
vt 0.295369 0.500000
vt 0.294527 0.479290
vt 0.286628 0.510289
vt 0.286628 0.489711
vt 0.323217 0.510399
vt 0.323217 0.489601
vt 0.333616 0.500000
vt 0.312818 0.520798
vt 0.302419 0.531197
vt 0.292020 0.541596
vt 0.284944 0.530977
vt 0.277867 0.520446
vt 0.278717 0.500000
vt 0.270786 0.510091
vt 0.270786 0.489909
vt 0.277867 0.479554
vt 0.284944 0.469023
vt 0.302419 0.468803
vt 0.292020 0.458404
vt 0.312818 0.479202
vt 0.265719 0.551230
vt 0.269077 0.530428
vt 0.275345 0.541157
vt 0.256059 0.561180
vt 0.260238 0.540193
vt 0.262825 0.519917
vt 0.251330 0.549702
vt 0.254799 0.529410
vt 0.271222 0.562394
vt 0.281621 0.551995
vt 0.260823 0.572793
vt 0.250424 0.583192
vt 0.246355 0.570986
vt 0.242331 0.558915
vt 0.246669 0.538499
vt 0.238398 0.547114
vt 0.269077 0.469572
vt 0.265719 0.448770
vt 0.275345 0.458843
vt 0.262825 0.480083
vt 0.260238 0.459807
vt 0.251330 0.450298
vt 0.256059 0.438821
vt 0.246669 0.461501
vt 0.281621 0.448005
vt 0.254799 0.470590
vt 0.260823 0.427207
vt 0.271222 0.437606
vt 0.176802 0.616917
vt 0.187179 0.627295
vt 0.177210 0.636449
vt 0.185581 0.590759
vt 0.186355 0.609015
vt 0.195870 0.601048
vt 0.197131 0.618106
vt 0.194681 0.584036
vt 0.167231 0.666384
vt 0.177630 0.655985
vt 0.167231 0.645586
vt 0.167231 0.603990
vt 0.167231 0.624788
vt 0.176079 0.577889
vt 0.176421 0.597396
vt 0.184883 0.572539
vt 0.193601 0.567095
vt 0.203692 0.577186
vt 0.205329 0.592984
vt 0.207056 0.608866
vt 0.208827 0.624788
vt 0.198428 0.635187
vt 0.188029 0.645586
vt 0.175789 0.558400
vt 0.183824 0.536222
vt 0.184287 0.554362
vt 0.175564 0.538925
vt 0.183523 0.518105
vt 0.191935 0.533454
vt 0.192668 0.550240
vt 0.191455 0.516715
vt 0.167231 0.562394
vt 0.167231 0.583192
vt 0.167231 0.541596
vt 0.175420 0.519460
vt 0.167231 0.520798
vt 0.216945 0.599556
vt 0.224017 0.576415
vt 0.226795 0.590155
vt 0.214715 0.584790
vt 0.221345 0.562864
vt 0.233225 0.567807
vt 0.236599 0.580639
vt 0.229954 0.555214
vt 0.219227 0.614389
vt 0.212585 0.570157
vt 0.240025 0.593591
vt 0.229626 0.603990
vt 0.383498 0.463306
vt 0.374367 0.472436
vt 0.375796 0.458462
vt 0.390890 0.468770
vt 0.381585 0.475830
vt 0.373403 0.486258
vt 0.388354 0.479884
vt 0.380228 0.488010
vt 0.377557 0.444276
vt 0.367822 0.454011
vt 0.369138 0.438489
vt 0.385781 0.450403
vt 0.393786 0.457020
vt 0.401548 0.464282
vt 0.397939 0.475110
vt 0.394609 0.485098
vt 0.386390 0.490245
vt 0.391693 0.493847
vt 0.385540 0.500000
vt 0.379707 0.500000
vt 0.373048 0.500000
vt 0.365830 0.500000
vt 0.366080 0.484726
vt 0.366774 0.469410
vt 0.411061 0.509131
vt 0.411061 0.490869
vt 0.417334 0.500000
vt 0.404633 0.517488
vt 0.405755 0.500000
vt 0.404633 0.482513
vt 0.400344 0.508126
vt 0.400344 0.491875
vt 0.423546 0.509735
vt 0.423546 0.490265
vt 0.430650 0.500000
vt 0.416371 0.519007
vt 0.409060 0.527705
vt 0.401548 0.535719
vt 0.394609 0.514902
vt 0.396145 0.500000
vt 0.389642 0.500000
vt 0.409060 0.472295
vt 0.416371 0.480993
vt 0.375796 0.541538
vt 0.381585 0.524170
vt 0.383498 0.536695
vt 0.374367 0.527564
vt 0.380228 0.511991
vt 0.388354 0.520116
vt 0.390890 0.531230
vt 0.386390 0.509755
vt 0.369138 0.561512
vt 0.377557 0.555724
vt 0.367822 0.545989
vt 0.366774 0.530590
vt 0.373403 0.513743
vt 0.366080 0.515275
vt 0.391693 0.506154
vt 0.397939 0.524890
vt 0.393786 0.542980
vt 0.385781 0.549598
vt 0.354128 0.372706
vt 0.343751 0.383083
vt 0.344159 0.363551
vt 0.364080 0.381894
vt 0.353304 0.390986
vt 0.343370 0.402604
vt 0.362819 0.398953
vt 0.352530 0.409242
vt 0.344580 0.344015
vt 0.334180 0.354414
vt 0.334180 0.333616
vt 0.354979 0.354414
vt 0.365377 0.364813
vt 0.374005 0.391134
vt 0.372278 0.407016
vt 0.361630 0.415964
vt 0.370641 0.422814
vt 0.360550 0.432905
vt 0.351832 0.427462
vt 0.343028 0.422112
vt 0.334180 0.416808
vt 0.334180 0.396010
vt 0.334180 0.375212
vt 0.393744 0.409845
vt 0.381664 0.415211
vt 0.383894 0.400444
vt 0.403548 0.419361
vt 0.390966 0.423586
vt 0.388294 0.437136
vt 0.379535 0.429844
vt 0.400174 0.432193
vt 0.386176 0.385611
vt 0.375776 0.375212
vt 0.396575 0.396010
vt 0.417373 0.416808
vt 0.406974 0.406409
vt 0.409280 0.441085
vt 0.396903 0.444786
vt 0.342738 0.441601
vt 0.350773 0.463779
vt 0.342514 0.461075
vt 0.359617 0.449761
vt 0.351236 0.445638
vt 0.342369 0.480540
vt 0.358884 0.466546
vt 0.350472 0.481895
vt 0.334180 0.437606
vt 0.358404 0.483285
vt 0.358232 0.500000
vt 0.350365 0.500000
vt 0.342318 0.500000
vt 0.334180 0.500000
vt 0.334180 0.479202
vt 0.334180 0.458404
vt 0.471046 0.510377
vt 0.471046 0.489623
vt 0.480608 0.500000
vt 0.461476 0.520710
vt 0.462318 0.500000
vt 0.461476 0.479290
vt 0.453577 0.510289
vt 0.453577 0.489711
vt 0.490166 0.510399
vt 0.490166 0.489601
vt 0.500565 0.500000
vt 0.479767 0.520798
vt 0.469368 0.531197
vt 0.451893 0.530977
vt 0.444816 0.520446
vt 0.445666 0.500000
vt 0.437736 0.510091
vt 0.437735 0.489909
vt 0.444816 0.479554
vt 0.451893 0.469023
vt 0.458969 0.458404
vt 0.469368 0.468803
vt 0.479767 0.479202
vt 0.432668 0.551230
vt 0.436026 0.530428
vt 0.442294 0.541157
vt 0.423008 0.561180
vt 0.427187 0.540193
vt 0.429774 0.519917
vt 0.418279 0.549703
vt 0.421748 0.529410
vt 0.448570 0.551995
vt 0.458969 0.541596
vt 0.438171 0.562394
vt 0.427772 0.572793
vt 0.413304 0.570986
vt 0.409280 0.558915
vt 0.413618 0.538499
vt 0.436026 0.469573
vt 0.432668 0.448770
vt 0.442294 0.458843
vt 0.429774 0.480083
vt 0.427187 0.459807
vt 0.423008 0.438821
vt 0.413618 0.461501
vt 0.418279 0.450298
vt 0.448570 0.448005
vt 0.421748 0.470590
vt 0.405347 0.452886
vt 0.413304 0.429014
vt 0.427772 0.427207
vt 0.438171 0.437606
vt 0.344159 0.636449
vt 0.353304 0.609015
vt 0.354128 0.627295
vt 0.343751 0.616917
vt 0.352530 0.590759
vt 0.362819 0.601048
vt 0.364080 0.618106
vt 0.361630 0.584036
vt 0.334180 0.666384
vt 0.344580 0.655985
vt 0.334180 0.645586
vt 0.334180 0.624788
vt 0.343370 0.597396
vt 0.334180 0.603990
vt 0.343028 0.577889
vt 0.351832 0.572539
vt 0.360550 0.567095
vt 0.370641 0.577186
vt 0.372278 0.592984
vt 0.374005 0.608866
vt 0.365377 0.635187
vt 0.375776 0.624788
vt 0.354979 0.645586
vt 0.342738 0.558400
vt 0.350773 0.536222
vt 0.351236 0.554362
vt 0.342514 0.538925
vt 0.350472 0.518105
vt 0.358884 0.533454
vt 0.359617 0.550240
vt 0.358404 0.516715
vt 0.334180 0.583192
vt 0.334180 0.562394
vt 0.334180 0.541596
vt 0.342369 0.519460
vt 0.334180 0.520798
vt 0.383894 0.599556
vt 0.390966 0.576415
vt 0.393744 0.590155
vt 0.381664 0.584790
vt 0.388294 0.562864
vt 0.400174 0.567807
vt 0.403548 0.580639
vt 0.396903 0.555214
vt 0.386176 0.614389
vt 0.379535 0.570157
vt 0.405347 0.547115
vt 0.406974 0.593591
vt 0.417373 0.583192
vt 0.396575 0.603990
vt 0.550447 0.129972
vt 0.541316 0.139103
vt 0.542745 0.125129
vt 0.557839 0.135437
vt 0.548535 0.142497
vt 0.540352 0.152924
vt 0.555303 0.146551
vt 0.547177 0.154676
vt 0.544506 0.110943
vt 0.534771 0.120678
vt 0.536087 0.105155
vt 0.552730 0.117069
vt 0.560735 0.123687
vt 0.568497 0.130948
vt 0.564888 0.141776
vt 0.561558 0.151765
vt 0.553339 0.156912
vt 0.558642 0.160513
vt 0.552489 0.166667
vt 0.546656 0.166667
vt 0.539997 0.166667
vt 0.532779 0.166667
vt 0.533029 0.151392
vt 0.533723 0.136076
vt 0.584283 0.166667
vt 0.572704 0.166667
vt 0.578010 0.157536
vt 0.578010 0.175797
vt 0.567293 0.174792
vt 0.567293 0.158541
vt 0.571582 0.149179
vt 0.563094 0.166667
vt 0.597599 0.166667
vt 0.590495 0.156932
vt 0.590495 0.176402
vt 0.583320 0.185674
vt 0.571582 0.184154
vt 0.576009 0.194372
vt 0.564888 0.191557
vt 0.561558 0.181568
vt 0.558642 0.172820
vt 0.556591 0.166667
vt 0.576009 0.138961
vt 0.583320 0.147660
vt 0.541316 0.194231
vt 0.550447 0.203361
vt 0.542745 0.208205
vt 0.540352 0.180409
vt 0.548534 0.190836
vt 0.557839 0.197897
vt 0.547177 0.178657
vt 0.555303 0.186783
vt 0.534771 0.212656
vt 0.544506 0.222391
vt 0.536087 0.228178
vt 0.533723 0.197257
vt 0.533029 0.181941
vt 0.553339 0.176422
vt 0.568497 0.202385
vt 0.560735 0.209647
vt 0.552730 0.216264
vt 0.521078 0.039372
vt 0.510701 0.049749
vt 0.511108 0.030218
vt 0.531029 0.048561
vt 0.520253 0.057652
vt 0.510319 0.069271
vt 0.529768 0.065619
vt 0.519479 0.075908
vt 0.511529 0.010681
vt 0.501130 0.021080
vt 0.501130 0.000282
vt 0.521928 0.021080
vt 0.532327 0.031479
vt 0.542726 0.041878
vt 0.540954 0.057801
vt 0.539227 0.073682
vt 0.528579 0.082631
vt 0.537590 0.089481
vt 0.527499 0.099572
vt 0.518781 0.094128
vt 0.509977 0.088778
vt 0.501130 0.083475
vt 0.501130 0.062677
vt 0.501130 0.041878
vt 0.560693 0.076512
vt 0.548613 0.081877
vt 0.550843 0.067111
vt 0.570498 0.086027
vt 0.557915 0.090252
vt 0.546484 0.096510
vt 0.567124 0.098860
vt 0.555243 0.103803
vt 0.553125 0.052277
vt 0.563524 0.062677
vt 0.573923 0.073076
vt 0.584322 0.083475
vt 0.580253 0.095681
vt 0.576229 0.107751
vt 0.563852 0.111453
vt 0.572296 0.119552
vt 0.518185 0.112305
vt 0.509463 0.127742
vt 0.509687 0.108267
vt 0.526566 0.116427
vt 0.517722 0.130445
vt 0.509318 0.147207
vt 0.525833 0.133213
vt 0.517421 0.148562
vt 0.501130 0.104273
vt 0.525353 0.149951
vt 0.525181 0.166667
vt 0.517314 0.166667
vt 0.509267 0.166667
vt 0.501129 0.166667
vt 0.501130 0.145869
vt 0.501130 0.125071
vt 0.647557 0.166667
vt 0.629267 0.166667
vt 0.637995 0.156290
vt 0.637995 0.177044
vt 0.620526 0.176956
vt 0.620526 0.156378
vt 0.628425 0.145957
vt 0.612615 0.166667
vt 0.667514 0.166667
vt 0.657115 0.156268
vt 0.657115 0.177066
vt 0.646716 0.187465
vt 0.628425 0.187377
vt 0.636317 0.197864
vt 0.618842 0.197644
vt 0.611765 0.187113
vt 0.604685 0.176758
vt 0.604685 0.156576
vt 0.611765 0.146221
vt 0.618842 0.135690
vt 0.636317 0.135470
vt 0.625918 0.125071
vt 0.646716 0.145869
vt 0.609243 0.207823
vt 0.594136 0.206860
vt 0.602975 0.197094
vt 0.599618 0.217897
vt 0.585228 0.216369
vt 0.588697 0.196077
vt 0.596723 0.186584
vt 0.580567 0.205165
vt 0.625918 0.208263
vt 0.615519 0.218662
vt 0.605120 0.229061
vt 0.589957 0.227846
vt 0.594721 0.239460
vt 0.580253 0.237653
vt 0.576229 0.225582
vt 0.572296 0.213781
vt 0.609243 0.125510
vt 0.594136 0.126474
vt 0.599618 0.115437
vt 0.602975 0.136239
vt 0.588697 0.137257
vt 0.585228 0.116964
vt 0.589957 0.105487
vt 0.580567 0.128168
vt 0.615519 0.114672
vt 0.596723 0.146749
vt 0.594721 0.093874
vt 0.605120 0.104273
vt 0.510700 0.283584
vt 0.521077 0.293961
vt 0.511108 0.303116
vt 0.510319 0.264062
vt 0.520253 0.275681
vt 0.531029 0.284772
vt 0.519479 0.257425
vt 0.529768 0.267714
vt 0.501130 0.312253
vt 0.511529 0.322652
vt 0.501130 0.333051
vt 0.501130 0.291455
vt 0.501130 0.270657
vt 0.501129 0.249859
vt 0.509977 0.244555
vt 0.518781 0.239205
vt 0.528579 0.250703
vt 0.527499 0.233762
vt 0.537590 0.243853
vt 0.539227 0.259651
vt 0.540954 0.275532
vt 0.542726 0.291455
vt 0.532327 0.301854
vt 0.521928 0.312253
vt 0.509463 0.205591
vt 0.518185 0.221029
vt 0.509687 0.225066
vt 0.509318 0.186127
vt 0.517722 0.202888
vt 0.526566 0.216906
vt 0.525353 0.183382
vt 0.525833 0.200121
vt 0.501130 0.229061
vt 0.501130 0.208263
vt 0.501130 0.187465
vt 0.517421 0.184771
vt 0.548613 0.251456
vt 0.560693 0.256822
vt 0.550843 0.266223
vt 0.546484 0.236823
vt 0.557915 0.243081
vt 0.570497 0.247306
vt 0.555243 0.229530
vt 0.567123 0.234474
vt 0.553125 0.281056
vt 0.563852 0.221881
vt 0.584322 0.249859
vt 0.573923 0.260258
vt 0.563524 0.270657
vt 0.550447 0.463306
vt 0.541316 0.472436
vt 0.542745 0.458462
vt 0.557839 0.468770
vt 0.548534 0.475830
vt 0.540352 0.486258
vt 0.555303 0.479884
vt 0.547177 0.488010
vt 0.544506 0.444276
vt 0.534771 0.454011
vt 0.536087 0.438489
vt 0.552730 0.450403
vt 0.560735 0.457020
vt 0.568497 0.464282
vt 0.564888 0.475110
vt 0.561558 0.485098
vt 0.553339 0.490245
vt 0.556591 0.500000
vt 0.552489 0.500000
vt 0.546656 0.500000
vt 0.539997 0.500000
vt 0.532779 0.500000
vt 0.533029 0.484726
vt 0.533723 0.469410
vt 0.584283 0.500000
vt 0.572704 0.500000
vt 0.578010 0.490869
vt 0.578010 0.509131
vt 0.567293 0.508126
vt 0.567293 0.491875
vt 0.571582 0.482513
vt 0.563094 0.500000
vt 0.597599 0.500000
vt 0.590495 0.490265
vt 0.590495 0.509735
vt 0.583320 0.519007
vt 0.571582 0.517488
vt 0.576009 0.527705
vt 0.564888 0.524890
vt 0.561558 0.514902
vt 0.558642 0.506154
vt 0.558642 0.493847
vt 0.576009 0.472295
vt 0.583320 0.480993
vt 0.541316 0.527564
vt 0.550447 0.536695
vt 0.542745 0.541538
vt 0.547177 0.511991
vt 0.548534 0.524170
vt 0.557839 0.531230
vt 0.555303 0.520116
vt 0.534771 0.545989
vt 0.544506 0.555724
vt 0.536087 0.561512
vt 0.533723 0.530590
vt 0.533029 0.515275
vt 0.540352 0.513743
vt 0.553339 0.509755
vt 0.568497 0.535719
vt 0.560735 0.542980
vt 0.552730 0.549598
vt 0.521078 0.372706
vt 0.510701 0.383083
vt 0.511108 0.363551
vt 0.531029 0.381894
vt 0.520253 0.390986
vt 0.510319 0.402604
vt 0.529768 0.398953
vt 0.519479 0.409242
vt 0.511529 0.344015
vt 0.501130 0.354414
vt 0.501130 0.333616
vt 0.521928 0.354414
vt 0.532327 0.364813
vt 0.542726 0.375212
vt 0.540954 0.391135
vt 0.539227 0.407016
vt 0.528579 0.415964
vt 0.537590 0.422814
vt 0.527499 0.432905
vt 0.518781 0.427462
vt 0.509977 0.422112
vt 0.501130 0.416808
vt 0.501130 0.396010
vt 0.501130 0.375212
vt 0.560693 0.409845
vt 0.548613 0.415211
vt 0.550843 0.400444
vt 0.570498 0.419361
vt 0.557915 0.423586
vt 0.546484 0.429844
vt 0.567124 0.432193
vt 0.555243 0.437136
vt 0.553125 0.385611
vt 0.563524 0.396010
vt 0.573923 0.406409
vt 0.584322 0.416808
vt 0.580253 0.429014
vt 0.576229 0.441085
vt 0.563852 0.444786
vt 0.572296 0.452886
vt 0.518185 0.445638
vt 0.509463 0.461075
vt 0.509687 0.441601
vt 0.526566 0.449761
vt 0.517722 0.463779
vt 0.509318 0.480540
vt 0.525833 0.466546
vt 0.517421 0.481895
vt 0.501130 0.437606
vt 0.525353 0.483285
vt 0.525181 0.500000
vt 0.517314 0.500000
vt 0.509267 0.500000
vt 0.501129 0.500000
vt 0.501130 0.479202
vt 0.501130 0.458404
vt 0.647557 0.500000
vt 0.629267 0.500000
vt 0.637995 0.489623
vt 0.637995 0.510377
vt 0.620526 0.510289
vt 0.620526 0.489711
vt 0.628425 0.479290
vt 0.612615 0.500000
vt 0.667514 0.500000
vt 0.657115 0.489601
vt 0.657115 0.510399
vt 0.646716 0.520798
vt 0.628425 0.520710
vt 0.636317 0.531197
vt 0.618842 0.530977
vt 0.611765 0.520446
vt 0.604685 0.510091
vt 0.604685 0.489909
vt 0.611765 0.479554
vt 0.618842 0.469023
vt 0.636317 0.468803
vt 0.625918 0.458404
vt 0.646716 0.479202
vt 0.609243 0.541157
vt 0.594136 0.540193
vt 0.602975 0.530428
vt 0.599618 0.551230
vt 0.585228 0.549703
vt 0.588697 0.529410
vt 0.596723 0.519917
vt 0.580567 0.538499
vt 0.625918 0.541596
vt 0.615519 0.551995
vt 0.605120 0.562394
vt 0.589957 0.561180
vt 0.594721 0.572793
vt 0.580253 0.570986
vt 0.576229 0.558915
vt 0.572296 0.547115
vt 0.609243 0.458843
vt 0.594136 0.459807
vt 0.599618 0.448770
vt 0.602975 0.469573
vt 0.588697 0.470590
vt 0.585228 0.450298
vt 0.589957 0.438821
vt 0.580567 0.461501
vt 0.615519 0.448005
vt 0.596723 0.480083
vt 0.594721 0.427207
vt 0.605120 0.437606
vt 0.510700 0.616918
vt 0.521077 0.627295
vt 0.511108 0.636449
vt 0.510319 0.597396
vt 0.520253 0.609015
vt 0.531029 0.618106
vt 0.519479 0.590759
vt 0.529768 0.601048
vt 0.501130 0.645586
vt 0.511529 0.655985
vt 0.501130 0.666384
vt 0.501130 0.624788
vt 0.501130 0.603990
vt 0.501129 0.583192
vt 0.509977 0.577889
vt 0.518781 0.572539
vt 0.528579 0.584036
vt 0.527499 0.567095
vt 0.537590 0.577186
vt 0.539227 0.592984
vt 0.540954 0.608866
vt 0.542726 0.624788
vt 0.532327 0.635187
vt 0.521928 0.645586
vt 0.509463 0.538925
vt 0.518185 0.554362
vt 0.509687 0.558400
vt 0.509318 0.519460
vt 0.517722 0.536222
vt 0.526566 0.550240
vt 0.517421 0.518105
vt 0.525833 0.533454
vt 0.501130 0.562394
vt 0.501130 0.541596
vt 0.501130 0.520798
vt 0.525353 0.516715
vt 0.548613 0.584790
vt 0.560693 0.590155
vt 0.550843 0.599556
vt 0.546484 0.570157
vt 0.557915 0.576415
vt 0.570497 0.580639
vt 0.555243 0.562864
vt 0.567123 0.567807
vt 0.553125 0.614389
vt 0.563852 0.555214
vt 0.584322 0.583192
vt 0.573923 0.593591
vt 0.563524 0.603990
vt 0.717396 0.129972
vt 0.708265 0.139103
vt 0.709694 0.125129
vt 0.724788 0.135437
vt 0.715483 0.142497
vt 0.707301 0.152924
vt 0.722252 0.146551
vt 0.714126 0.154676
vt 0.711456 0.110943
vt 0.701720 0.120678
vt 0.703036 0.105155
vt 0.719679 0.117069
vt 0.727684 0.123687
vt 0.735446 0.130948
vt 0.731837 0.141776
vt 0.728507 0.151765
vt 0.720288 0.156912
vt 0.725591 0.160513
vt 0.719438 0.166667
vt 0.713605 0.166667
vt 0.706947 0.166667
vt 0.699728 0.166667
vt 0.699978 0.151392
vt 0.700672 0.136076
vt 0.751232 0.166667
vt 0.739653 0.166667
vt 0.744959 0.157536
vt 0.744959 0.175797
vt 0.734242 0.174792
vt 0.734242 0.158541
vt 0.738531 0.149179
vt 0.730043 0.166667
vt 0.764548 0.166667
vt 0.757444 0.156932
vt 0.757444 0.176402
vt 0.750269 0.185674
vt 0.738531 0.184154
vt 0.742958 0.194372
vt 0.731837 0.191557
vt 0.728507 0.181568
vt 0.725591 0.172820
vt 0.723540 0.166667
vt 0.742958 0.138961
vt 0.750269 0.147660
vt 0.708265 0.194231
vt 0.717396 0.203361
vt 0.709694 0.208205
vt 0.707301 0.180409
vt 0.715483 0.190836
vt 0.724788 0.197897
vt 0.714126 0.178657
vt 0.722252 0.186783
vt 0.701720 0.212656
vt 0.711456 0.222391
vt 0.703036 0.228178
vt 0.700672 0.197257
vt 0.699978 0.181941
vt 0.720288 0.176422
vt 0.735446 0.202385
vt 0.727684 0.209647
vt 0.719679 0.216264
vt 0.688027 0.039372
vt 0.677650 0.049749
vt 0.678057 0.030218
vt 0.697978 0.048561
vt 0.687202 0.057652
vt 0.677268 0.069271
vt 0.696717 0.065619
vt 0.686428 0.075908
vt 0.678478 0.010681
vt 0.668079 0.021080
vt 0.668079 0.000282
vt 0.688877 0.021080
vt 0.699276 0.031479
vt 0.709675 0.041878
vt 0.707903 0.057801
vt 0.706176 0.073682
vt 0.695528 0.082631
vt 0.704539 0.089481
vt 0.694448 0.099572
vt 0.685730 0.094128
vt 0.676926 0.088778
vt 0.668079 0.083475
vt 0.668079 0.062677
vt 0.668079 0.041878
vt 0.727642 0.076512
vt 0.715562 0.081877
vt 0.717793 0.067111
vt 0.737447 0.086027
vt 0.724864 0.090252
vt 0.713433 0.096510
vt 0.734073 0.098860
vt 0.722192 0.103803
vt 0.720074 0.052278
vt 0.730473 0.062677
vt 0.740872 0.073076
vt 0.751271 0.083475
vt 0.747202 0.095681
vt 0.743178 0.107751
vt 0.730801 0.111453
vt 0.739245 0.119552
vt 0.685134 0.112305
vt 0.676412 0.127742
vt 0.676636 0.108267
vt 0.693515 0.116427
vt 0.684671 0.130445
vt 0.676267 0.147207
vt 0.692782 0.133213
vt 0.684370 0.148562
vt 0.668079 0.104273
vt 0.692303 0.149951
vt 0.692130 0.166667
vt 0.684263 0.166667
vt 0.676216 0.166667
vt 0.668079 0.166667
vt 0.668079 0.145869
vt 0.668079 0.125071
vt 0.814506 0.166667
vt 0.796216 0.166667
vt 0.804944 0.156290
vt 0.804944 0.177044
vt 0.787475 0.176956
vt 0.787475 0.156378
vt 0.795374 0.145957
vt 0.779564 0.166667
vt 0.834463 0.166667
vt 0.824064 0.156268
vt 0.824064 0.177066
vt 0.813665 0.187465
vt 0.795374 0.187377
vt 0.803266 0.197864
vt 0.785791 0.197644
vt 0.778714 0.187113
vt 0.771634 0.176758
vt 0.771634 0.156576
vt 0.778714 0.146221
vt 0.785791 0.135690
vt 0.803266 0.135470
vt 0.792867 0.125071
vt 0.813665 0.145869
vt 0.776192 0.207823
vt 0.761085 0.206860
vt 0.769924 0.197094
vt 0.766567 0.217897
vt 0.752177 0.216369
vt 0.755646 0.196077
vt 0.763672 0.186584
vt 0.747516 0.205165
vt 0.792867 0.208263
vt 0.782468 0.218662
vt 0.772069 0.229061
vt 0.756906 0.227846
vt 0.761670 0.239460
vt 0.747202 0.237653
vt 0.743178 0.225582
vt 0.739245 0.213781
vt 0.776192 0.125510
vt 0.761085 0.126474
vt 0.766567 0.115437
vt 0.769924 0.136239
vt 0.755646 0.137257
vt 0.752177 0.116964
vt 0.756906 0.105487
vt 0.747516 0.128168
vt 0.782468 0.114672
vt 0.763672 0.146749
vt 0.761670 0.093874
vt 0.772069 0.104273
vt 0.677650 0.283584
vt 0.688027 0.293961
vt 0.678057 0.303116
vt 0.677268 0.264062
vt 0.687202 0.275681
vt 0.697978 0.284772
vt 0.686428 0.257425
vt 0.696717 0.267714
vt 0.668079 0.312253
vt 0.678478 0.322652
vt 0.668079 0.333051
vt 0.668079 0.291455
vt 0.668079 0.270657
vt 0.668079 0.249859
vt 0.676926 0.244555
vt 0.685730 0.239205
vt 0.695528 0.250703
vt 0.694448 0.233762
vt 0.704539 0.243853
vt 0.706176 0.259651
vt 0.707903 0.275532
vt 0.709675 0.291455
vt 0.699276 0.301854
vt 0.688877 0.312253
vt 0.676636 0.225066
vt 0.684671 0.202888
vt 0.685134 0.221029
vt 0.676267 0.186127
vt 0.676412 0.205591
vt 0.693515 0.216906
vt 0.692302 0.183382
vt 0.692782 0.200121
vt 0.668079 0.208263
vt 0.668079 0.229061
vt 0.668079 0.187465
vt 0.684370 0.184771
vt 0.715562 0.251456
vt 0.727642 0.256822
vt 0.717792 0.266223
vt 0.713433 0.236823
vt 0.724864 0.243081
vt 0.737447 0.247306
vt 0.722192 0.229530
vt 0.734073 0.234474
vt 0.720074 0.281056
vt 0.730801 0.221881
vt 0.751271 0.249859
vt 0.740872 0.260258
vt 0.730473 0.270657
vt 0.717396 0.463306
vt 0.708265 0.472436
vt 0.709694 0.458462
vt 0.724788 0.468770
vt 0.715483 0.475830
vt 0.707301 0.486258
vt 0.722252 0.479884
vt 0.714126 0.488010
vt 0.711456 0.444276
vt 0.701720 0.454011
vt 0.703036 0.438489
vt 0.719679 0.450403
vt 0.727684 0.457020
vt 0.735446 0.464282
vt 0.731837 0.475110
vt 0.728507 0.485098
vt 0.720288 0.490245
vt 0.725591 0.493847
vt 0.719438 0.500000
vt 0.713605 0.500000
vt 0.706947 0.500000
vt 0.699728 0.500000
vt 0.699978 0.484726
vt 0.700672 0.469410
vt 0.751232 0.500000
vt 0.739653 0.500000
vt 0.744959 0.490869
vt 0.744959 0.509131
vt 0.734242 0.508126
vt 0.734242 0.491875
vt 0.738531 0.482513
vt 0.730043 0.500000
vt 0.764548 0.500000
vt 0.757444 0.490265
vt 0.757444 0.509735
vt 0.750269 0.519007
vt 0.738531 0.517488
vt 0.742958 0.527705
vt 0.731837 0.524890
vt 0.728507 0.514902
vt 0.725591 0.506154
vt 0.723540 0.500000
vt 0.742958 0.472295
vt 0.750269 0.480993
vt 0.708265 0.527564
vt 0.717396 0.536695
vt 0.709694 0.541538
vt 0.707301 0.513743
vt 0.715483 0.524170
vt 0.724788 0.531230
vt 0.720288 0.509755
vt 0.722252 0.520116
vt 0.701720 0.545989
vt 0.711456 0.555724
vt 0.703036 0.561512
vt 0.700672 0.530590
vt 0.699978 0.515275
vt 0.714126 0.511991
vt 0.735446 0.535719
vt 0.727684 0.542980
vt 0.719679 0.549598
vt 0.688027 0.372706
vt 0.677650 0.383083
vt 0.678057 0.363551
vt 0.697978 0.381894
vt 0.687202 0.390986
vt 0.677268 0.402604
vt 0.696717 0.398953
vt 0.686428 0.409242
vt 0.678478 0.344015
vt 0.668079 0.354414
vt 0.668079 0.333616
vt 0.688877 0.354414
vt 0.699276 0.364813
vt 0.709675 0.375212
vt 0.707903 0.391134
vt 0.706176 0.407016
vt 0.695528 0.415964
vt 0.704539 0.422814
vt 0.694448 0.432905
vt 0.685730 0.427462
vt 0.676926 0.422112
vt 0.668079 0.416808
vt 0.668079 0.396010
vt 0.668079 0.375212
vt 0.727642 0.409845
vt 0.715562 0.415211
vt 0.717793 0.400444
vt 0.737447 0.419361
vt 0.724864 0.423586
vt 0.713433 0.429844
vt 0.734073 0.432193
vt 0.722192 0.437136
vt 0.720074 0.385611
vt 0.730473 0.396010
vt 0.740872 0.406409
vt 0.751271 0.416808
vt 0.747202 0.429014
vt 0.743178 0.441085
vt 0.730801 0.444786
vt 0.739245 0.452886
vt 0.685134 0.445638
vt 0.676412 0.461075
vt 0.676636 0.441601
vt 0.693515 0.449761
vt 0.684671 0.463779
vt 0.676267 0.480540
vt 0.692782 0.466546
vt 0.684370 0.481895
vt 0.668079 0.437606
vt 0.692303 0.483285
vt 0.692130 0.500000
vt 0.684263 0.500000
vt 0.676216 0.500000
vt 0.668079 0.479202
vt 0.668079 0.500000
vt 0.668079 0.458404
vt 0.814506 0.500000
vt 0.796216 0.500000
vt 0.804944 0.489623
vt 0.804944 0.510377
vt 0.787475 0.510289
vt 0.787475 0.489711
vt 0.795374 0.479290
vt 0.779564 0.500000
vt 0.834463 0.500000
vt 0.824064 0.489601
vt 0.824064 0.510399
vt 0.813665 0.520798
vt 0.795374 0.520710
vt 0.803266 0.531197
vt 0.785791 0.530977
vt 0.778714 0.520446
vt 0.771634 0.510091
vt 0.771634 0.489909
vt 0.778714 0.479554
vt 0.785791 0.469023
vt 0.803266 0.468803
vt 0.792867 0.458404
vt 0.813665 0.479202
vt 0.776192 0.541157
vt 0.761085 0.540193
vt 0.769924 0.530428
vt 0.766567 0.551230
vt 0.752177 0.549703
vt 0.755646 0.529410
vt 0.763672 0.519917
vt 0.747516 0.538499
vt 0.792867 0.541596
vt 0.782468 0.551995
vt 0.772069 0.562394
vt 0.756906 0.561180
vt 0.761670 0.572793
vt 0.747202 0.570986
vt 0.743178 0.558915
vt 0.739245 0.547115
vt 0.776192 0.458843
vt 0.761085 0.459807
vt 0.766567 0.448770
vt 0.769924 0.469573
vt 0.755646 0.470590
vt 0.752177 0.450298
vt 0.756906 0.438821
vt 0.747516 0.461501
vt 0.782468 0.448005
vt 0.763672 0.480083
vt 0.761670 0.427207
vt 0.772069 0.437606
vt 0.677650 0.616917
vt 0.688027 0.627295
vt 0.678057 0.636449
vt 0.677268 0.597396
vt 0.687202 0.609015
vt 0.697978 0.618106
vt 0.686428 0.590759
vt 0.696717 0.601048
vt 0.668079 0.645586
vt 0.678478 0.655985
vt 0.668079 0.666384
vt 0.668079 0.624788
vt 0.668079 0.603990
vt 0.668079 0.583192
vt 0.676926 0.577889
vt 0.685730 0.572539
vt 0.695528 0.584036
vt 0.694448 0.567095
vt 0.704539 0.577186
vt 0.706176 0.592984
vt 0.707903 0.608866
vt 0.709675 0.624788
vt 0.699276 0.635187
vt 0.688877 0.645586
vt 0.676412 0.538925
vt 0.685134 0.554362
vt 0.676636 0.558400
vt 0.684370 0.518105
vt 0.684671 0.536222
vt 0.693515 0.550240
vt 0.692782 0.533454
vt 0.668079 0.562394
vt 0.668079 0.541596
vt 0.668079 0.520798
vt 0.676267 0.519460
vt 0.692302 0.516715
vt 0.715562 0.584790
vt 0.727642 0.590155
vt 0.717792 0.599556
vt 0.713433 0.570157
vt 0.724864 0.576415
vt 0.737447 0.580639
vt 0.722192 0.562864
vt 0.734073 0.567807
vt 0.720074 0.614389
vt 0.730801 0.555214
vt 0.751271 0.583192
vt 0.740872 0.593591
vt 0.730473 0.603990
vt 0.049599 0.796639
vt 0.040469 0.805770
vt 0.041898 0.791796
vt 0.056992 0.802103
vt 0.047687 0.809164
vt 0.039505 0.819591
vt 0.054455 0.813217
vt 0.046330 0.821343
vt 0.035240 0.771822
vt 0.033924 0.787345
vt 0.043659 0.777609
vt 0.059887 0.790354
vt 0.051883 0.783736
vt 0.067650 0.797615
vt 0.064041 0.808443
vt 0.060711 0.818432
vt 0.052492 0.823579
vt 0.057795 0.827180
vt 0.051641 0.833333
vt 0.045809 0.833334
vt 0.039150 0.833334
vt 0.031931 0.833333
vt 0.032182 0.818059
vt 0.032876 0.802743
vt 0.083436 0.833333
vt 0.071857 0.833334
vt 0.077163 0.824203
vt 0.077163 0.842464
vt 0.066446 0.841459
vt 0.066446 0.825208
vt 0.070735 0.815846
vt 0.062247 0.833333
vt 0.096751 0.833334
vt 0.089648 0.823598
vt 0.089648 0.843069
vt 0.082473 0.852341
vt 0.070735 0.850821
vt 0.075162 0.861039
vt 0.064041 0.858224
vt 0.060711 0.848235
vt 0.057795 0.839487
vt 0.055744 0.833333
vt 0.075162 0.805628
vt 0.082473 0.814326
vt 0.040469 0.860897
vt 0.049599 0.870028
vt 0.041898 0.874871
vt 0.039505 0.847076
vt 0.047687 0.857503
vt 0.056992 0.864564
vt 0.046330 0.845324
vt 0.054455 0.853450
vt 0.033924 0.879322
vt 0.043659 0.889057
vt 0.035240 0.894845
vt 0.032876 0.863924
vt 0.032182 0.848608
vt 0.052492 0.843089
vt 0.067650 0.869052
vt 0.059887 0.876313
vt 0.051883 0.882931
vt 0.020230 0.706039
vt 0.009853 0.716416
vt 0.010261 0.696885
vt 0.030182 0.715228
vt 0.019406 0.724319
vt 0.009472 0.735938
vt 0.028921 0.732286
vt 0.018632 0.742575
vt 0.010681 0.677348
vt 0.000282 0.687747
vt 0.000282 0.666949
vt 0.021080 0.687747
vt 0.031479 0.698146
vt 0.041878 0.708545
vt 0.040107 0.724468
vt 0.038380 0.740349
vt 0.027732 0.749297
vt 0.036742 0.756148
vt 0.026651 0.766239
vt 0.017934 0.760795
vt 0.009130 0.755445
vt 0.000282 0.750141
vt 0.000282 0.729343
vt 0.000282 0.708545
vt 0.059846 0.743178
vt 0.047766 0.748544
vt 0.049996 0.733777
vt 0.069650 0.752694
vt 0.057068 0.756919
vt 0.045636 0.763177
vt 0.066276 0.765526
vt 0.054396 0.770470
vt 0.052277 0.718944
vt 0.062676 0.729343
vt 0.073075 0.739742
vt 0.083474 0.750141
vt 0.079406 0.762347
vt 0.075382 0.774418
vt 0.063005 0.778119
vt 0.071449 0.786219
vt 0.017338 0.778971
vt 0.008615 0.794409
vt 0.008840 0.774934
vt 0.025719 0.783094
vt 0.016875 0.797112
vt 0.008471 0.813874
vt 0.024986 0.799880
vt 0.016574 0.815229
vt 0.000282 0.770939
vt 0.024506 0.816618
vt 0.024334 0.833333
vt 0.016467 0.833333
vt 0.008420 0.833333
vt 0.000282 0.812536
vt 0.000282 0.833333
vt 0.000282 0.791737
vt 0.146710 0.833333
vt 0.128420 0.833333
vt 0.137148 0.822957
vt 0.137148 0.843710
vt 0.119679 0.843623
vt 0.119679 0.823044
vt 0.127578 0.812623
vt 0.111768 0.833334
vt 0.166667 0.833334
vt 0.156268 0.822935
vt 0.156268 0.843733
vt 0.145869 0.854132
vt 0.127578 0.854044
vt 0.135470 0.864531
vt 0.117995 0.864311
vt 0.110918 0.853779
vt 0.103837 0.843424
vt 0.103837 0.823243
vt 0.110918 0.812887
vt 0.117995 0.802357
vt 0.135470 0.802136
vt 0.125071 0.791737
vt 0.145869 0.812536
vt 0.108396 0.874490
vt 0.093289 0.873527
vt 0.102128 0.863761
vt 0.098770 0.884564
vt 0.084381 0.883036
vt 0.087850 0.862743
vt 0.095876 0.853251
vt 0.079720 0.871832
vt 0.125071 0.874929
vt 0.114672 0.885329
vt 0.104273 0.895728
vt 0.089110 0.894513
vt 0.093874 0.906127
vt 0.079406 0.904320
vt 0.075382 0.892249
vt 0.071449 0.880448
vt 0.108396 0.792177
vt 0.093289 0.793140
vt 0.098770 0.782103
vt 0.102128 0.802906
vt 0.087850 0.803924
vt 0.084381 0.783631
vt 0.089110 0.772154
vt 0.079720 0.794835
vt 0.114672 0.781338
vt 0.095876 0.813416
vt 0.093874 0.760540
vt 0.104273 0.770939
vt 0.009853 0.950251
vt 0.020230 0.960628
vt 0.010261 0.969782
vt 0.009472 0.930729
vt 0.019406 0.942348
vt 0.030182 0.951439
vt 0.018632 0.924092
vt 0.028921 0.934381
vt 0.000282 0.978920
vt 0.010681 0.989319
vt 0.000282 0.999718
vt 0.000282 0.958122
vt 0.000282 0.937324
vt 0.000282 0.916526
vt 0.009130 0.911222
vt 0.017934 0.905872
vt 0.027732 0.917370
vt 0.026651 0.900428
vt 0.036742 0.910519
vt 0.038380 0.926318
vt 0.040107 0.942199
vt 0.041878 0.958122
vt 0.031479 0.968521
vt 0.021080 0.978920
vt 0.008615 0.872258
vt 0.017338 0.887695
vt 0.008840 0.891733
vt 0.008471 0.852793
vt 0.016875 0.869555
vt 0.025719 0.883573
vt 0.016574 0.851438
vt 0.024986 0.866787
vt 0.000282 0.895728
vt 0.000282 0.874930
vt 0.000282 0.854132
vt 0.024506 0.850049
vt 0.047766 0.918123
vt 0.059846 0.923488
vt 0.049996 0.932889
vt 0.045636 0.903490
vt 0.057068 0.909748
vt 0.069650 0.913973
vt 0.054396 0.896197
vt 0.066276 0.901141
vt 0.052277 0.947723
vt 0.063005 0.888547
vt 0.083474 0.916526
vt 0.073075 0.926925
vt 0.062676 0.937324
vt 0.216549 0.796639
vt 0.207418 0.805770
vt 0.208847 0.791796
vt 0.223941 0.802103
vt 0.214636 0.809164
vt 0.206454 0.819591
vt 0.221404 0.813217
vt 0.213279 0.821343
vt 0.210608 0.777609
vt 0.200873 0.787345
vt 0.202189 0.771822
vt 0.226837 0.790354
vt 0.218832 0.783736
vt 0.234599 0.797615
vt 0.230990 0.808443
vt 0.227660 0.818432
vt 0.219441 0.823578
vt 0.224744 0.827180
vt 0.218591 0.833333
vt 0.212758 0.833334
vt 0.206099 0.833334
vt 0.198880 0.833333
vt 0.199131 0.818059
vt 0.199825 0.802743
vt 0.250385 0.833333
vt 0.238806 0.833333
vt 0.244112 0.824203
vt 0.244112 0.842464
vt 0.233395 0.841459
vt 0.233395 0.825208
vt 0.237684 0.815846
vt 0.229196 0.833333
vt 0.263700 0.833334
vt 0.256597 0.823598
vt 0.256597 0.843069
vt 0.249422 0.852341
vt 0.237684 0.850821
vt 0.242111 0.861039
vt 0.230990 0.858224
vt 0.227660 0.848235
vt 0.224744 0.839487
vt 0.222693 0.833333
vt 0.242111 0.805628
vt 0.249422 0.814326
vt 0.207418 0.860897
vt 0.216549 0.870028
vt 0.208847 0.874871
vt 0.206454 0.847076
vt 0.214636 0.857503
vt 0.223941 0.864564
vt 0.213279 0.845324
vt 0.221404 0.853450
vt 0.200873 0.879322
vt 0.210608 0.889057
vt 0.202189 0.894845
vt 0.199825 0.863924
vt 0.199131 0.848608
vt 0.219441 0.843089
vt 0.234599 0.869052
vt 0.226836 0.876313
vt 0.218832 0.882931
vt 0.187179 0.706039
vt 0.176802 0.716416
vt 0.177210 0.696885
vt 0.197131 0.715228
vt 0.186355 0.724319
vt 0.176421 0.735938
vt 0.195870 0.732286
vt 0.185581 0.742575
vt 0.177630 0.677348
vt 0.167231 0.687747
vt 0.167231 0.666949
vt 0.188029 0.687747
vt 0.198428 0.698146
vt 0.208827 0.708545
vt 0.207056 0.724468
vt 0.205329 0.740349
vt 0.194681 0.749297
vt 0.203692 0.756148
vt 0.193601 0.766239
vt 0.184883 0.760795
vt 0.176079 0.755445
vt 0.167231 0.750141
vt 0.167231 0.729343
vt 0.167231 0.708545
vt 0.226795 0.743178
vt 0.214715 0.748544
vt 0.216945 0.733777
vt 0.236599 0.752694
vt 0.224017 0.756919
vt 0.212585 0.763177
vt 0.233225 0.765526
vt 0.221345 0.770470
vt 0.219227 0.718944
vt 0.229626 0.729343
vt 0.240025 0.739742
vt 0.250424 0.750141
vt 0.246355 0.762347
vt 0.242331 0.774418
vt 0.229954 0.778119
vt 0.238398 0.786219
vt 0.184287 0.778971
vt 0.175564 0.794409
vt 0.175789 0.774934
vt 0.192668 0.783094
vt 0.183824 0.797112
vt 0.183523 0.815229
vt 0.175420 0.813874
vt 0.191935 0.799880
vt 0.167231 0.770939
vt 0.191455 0.816618
vt 0.191283 0.833333
vt 0.183416 0.833333
vt 0.175369 0.833333
vt 0.167231 0.812536
vt 0.167231 0.833333
vt 0.167231 0.791737
vt 0.313659 0.833334
vt 0.295369 0.833334
vt 0.304097 0.822957
vt 0.304097 0.843711
vt 0.286628 0.843623
vt 0.286628 0.823045
vt 0.294527 0.812623
vt 0.278717 0.833334
vt 0.333616 0.833334
vt 0.323217 0.822935
vt 0.323217 0.843733
vt 0.312818 0.854132
vt 0.294527 0.854044
vt 0.302419 0.864531
vt 0.284944 0.864311
vt 0.277867 0.853780
vt 0.270786 0.843425
vt 0.270786 0.823243
vt 0.277867 0.812887
vt 0.284944 0.802356
vt 0.302419 0.802136
vt 0.292020 0.791737
vt 0.312818 0.812536
vt 0.275345 0.874490
vt 0.260238 0.873527
vt 0.269077 0.863761
vt 0.265719 0.884564
vt 0.251330 0.883036
vt 0.254799 0.862743
vt 0.262825 0.853251
vt 0.246669 0.871832
vt 0.292020 0.874929
vt 0.281621 0.885329
vt 0.271222 0.895728
vt 0.256059 0.894513
vt 0.260823 0.906127
vt 0.246355 0.904320
vt 0.242331 0.892249
vt 0.238398 0.880448
vt 0.275345 0.792177
vt 0.260238 0.793140
vt 0.265719 0.782103
vt 0.269077 0.802906
vt 0.254799 0.803924
vt 0.251330 0.783631
vt 0.256059 0.772154
vt 0.246669 0.794835
vt 0.281621 0.781338
vt 0.262825 0.813416
vt 0.260823 0.760540
vt 0.271222 0.770939
vt 0.176802 0.950251
vt 0.187179 0.960628
vt 0.177210 0.969782
vt 0.176421 0.930729
vt 0.186355 0.942348
vt 0.197131 0.951439
vt 0.185581 0.924092
vt 0.195870 0.934381
vt 0.167231 0.978920
vt 0.177630 0.989319
vt 0.167231 0.999718
vt 0.167231 0.958122
vt 0.167231 0.937324
vt 0.167231 0.916526
vt 0.176079 0.911222
vt 0.184883 0.905872
vt 0.194681 0.917370
vt 0.193601 0.900428
vt 0.203692 0.910519
vt 0.205329 0.926318
vt 0.207056 0.942199
vt 0.208827 0.958122
vt 0.198428 0.968521
vt 0.188029 0.978920
vt 0.175564 0.872258
vt 0.184287 0.887695
vt 0.175789 0.891733
vt 0.175420 0.852793
vt 0.183824 0.869555
vt 0.192668 0.883573
vt 0.191455 0.850049
vt 0.191935 0.866787
vt 0.167231 0.895728
vt 0.167231 0.874930
vt 0.167231 0.854132
vt 0.183523 0.851438
vt 0.214715 0.918123
vt 0.226795 0.923488
vt 0.216945 0.932889
vt 0.212585 0.903490
vt 0.224017 0.909748
vt 0.236599 0.913973
vt 0.221345 0.896197
vt 0.233225 0.901141
vt 0.219227 0.947723
vt 0.229954 0.888547
vt 0.250424 0.916526
vt 0.240025 0.926925
vt 0.229626 0.937324
vn -0.9432 0.2636 0.2021
vn -0.8976 0.1282 0.4218
vn -0.9449 -0.0597 0.3219
vn -0.8125 0.3488 0.4671
vn -0.9225 0.2169 0.3194
vn -0.8916 -0.1096 0.4393
vn -0.8419 0.2939 0.4527
vn -0.8858 0.0749 0.4580
vn -0.9170 0.3462 0.1980
vn -0.8353 0.2401 0.4946
vn -0.7302 0.3938 0.5584
vn -0.9521 0.1409 0.2714
vn -0.7410 0.1829 0.6461
vn -0.9691 0.1318 0.2085
vn -0.8255 -0.0110 0.5644
vn -0.8120 0.3426 0.4725
vn -0.8982 -0.2182 0.3816
vn -0.9770 0.1679 0.1318
vn -0.7155 0.5846 0.3825
vn -0.7564 0.4220 0.4998
vn -0.8981 0.0772 0.4330
vn -0.8033 0.1633 0.5728
vn -0.8293 0.0292 0.5580
vn -0.8646 -0.4931 0.0963
vn -0.9954 0.0368 0.0887
vn -0.9857 -0.0477 -0.1613
vn -0.8589 -0.4456 0.2525
vn -0.9917 -0.0458 0.1200
vn -0.9967 -0.0579 0.0564
vn -0.9374 -0.3207 0.1358
vn -0.9976 0.0377 -0.0577
vn -0.8257 -0.0693 -0.5599
vn -0.9545 -0.0474 -0.2945
vn -0.8480 -0.5018 0.1706
vn -0.9573 -0.2868 -0.0370
vn -0.8501 -0.4224 0.3145
vn -0.9139 -0.4003 0.0680
vn -0.8220 -0.5647 -0.0736
vn -0.9271 -0.1071 0.3592
vn -0.9760 0.0038 0.2179
vn -0.9445 0.0287 0.3272
vn -0.9468 -0.0364 0.3198
vn -0.9942 -0.1056 0.0200
vn -0.9764 -0.0532 -0.2094
vn -0.9209 -0.0750 0.3825
vn -0.9420 -0.2578 0.2150
vn -0.9281 -0.0582 0.3678
vn -0.8506 -0.2447 0.4654
vn -0.9626 -0.0666 0.2627
vn -0.9436 0.0731 0.3230
vn -0.9340 -0.2809 0.2209
vn -0.9553 -0.2956 0.0013
vn -0.8652 -0.2124 0.4542
vn -0.8961 -0.2255 0.3822
vn -0.8528 -0.0340 0.5211
vn -0.7636 -0.0807 0.6406
vn -0.8176 0.2047 0.5381
vn -0.6894 0.3870 0.6123
vn -0.8014 -0.2089 0.5605
vn -0.7820 -0.6087 -0.1340
vn -0.8789 -0.4751 0.0423
vn -0.7851 0.3902 0.4810
vn -0.7977 0.1101 0.5929
vn -0.7831 0.4060 0.4711
vn -0.8103 0.2838 0.5127
vn -0.8132 0.0422 0.5804
vn -0.7664 -0.3315 0.5502
vn -0.8185 -0.0593 0.5715
vn -0.7267 -0.1886 0.6606
vn -0.8189 0.1182 0.5617
vn -0.6927 0.1744 0.6999
vn -0.7240 0.1624 0.6704
vn -0.6672 0.1329 0.7329
vn -0.7362 0.1537 0.6591
vn -0.7629 -0.0154 0.6463
vn -0.8783 0.0684 0.4733
vn -0.7025 0.0402 0.7105
vn -0.7778 0.2886 0.5584
vn -0.5917 0.4697 0.6552
vn -0.6528 0.2546 0.7135
vn -0.7322 0.0593 0.6785
vn -0.8631 0.2466 0.4407
vn -0.6072 -0.2144 0.7651
vn -0.5606 0.1596 0.8126
vn -0.9465 0.0764 0.3137
vn -0.9474 -0.0132 0.3197
vn -0.8764 -0.2414 0.4167
vn -0.8325 0.3388 0.4384
vn -0.8614 0.1348 0.4898
vn -0.9030 0.2362 0.3589
vn -0.9287 0.3642 0.0695
vn -0.8340 0.0911 0.5442
vn -0.9680 -0.0279 0.2492
vn -0.9751 0.2016 0.0928
vn -0.9896 -0.0184 0.1428
vn -0.8766 0.2051 -0.4353
vn -0.9247 0.3317 0.1867
vn -0.9407 0.2193 -0.2590
vn -0.7687 0.4662 0.4379
vn -0.5254 0.4916 0.6945
vn -0.6645 0.1583 0.7304
vn -0.6971 0.5090 0.5050
vn -0.5639 0.5423 0.6229
vn -0.6303 -0.0468 0.7749
vn -0.9432 -0.0436 0.3293
vn -0.4900 0.2281 0.8413
vn -0.5809 0.0675 0.8112
vn -0.8987 0.2557 0.3563
vn -0.6636 -0.0650 0.7453
vn -0.7566 0.2183 0.6163
vn -0.3193 0.4603 0.8283
vn -0.8694 0.1000 0.4840
vn -0.9643 -0.1896 0.1848
vn -0.8849 0.4536 0.1062
vn -0.8137 0.2424 0.5284
vn -0.8904 -0.4277 -0.1560
vn -0.8375 -0.5346 -0.1133
vn -0.5466 -0.6904 -0.4739
vn -0.7084 -0.3959 -0.5843
vn -0.7559 -0.5519 -0.3522
vn -0.9322 -0.3243 -0.1604
vn -0.6045 -0.5264 -0.5979
vn -0.7119 -0.2336 -0.6623
vn -0.4443 -0.5736 -0.6882
vn -0.5248 -0.6289 -0.5736
vn -0.4173 -0.7211 -0.5531
vn -0.5934 -0.5871 -0.5506
vn -0.7839 -0.5096 -0.3547
vn -0.7000 -0.6550 -0.2847
vn -0.7274 -0.5235 -0.4437
vn -0.8346 -0.4580 -0.3061
vn -0.9125 -0.3082 -0.2689
vn -0.9437 -0.2555 -0.2104
vn -0.8829 -0.2973 -0.3635
vn -0.8334 -0.1283 -0.5375
vn -0.9477 -0.2600 -0.1849
vn -0.9790 -0.1622 -0.1233
vn -0.7618 -0.5417 -0.3553
vn -0.7503 -0.5608 0.3501
vn -0.7957 -0.5922 -0.1275
vn -0.7620 -0.6289 -0.1546
vn -0.7306 -0.6446 0.2254
vn -0.6912 -0.6910 0.2117
vn -0.7391 -0.6145 0.2759
vn -0.7593 -0.6142 -0.2149
vn -0.6199 -0.7759 -0.1167
vn -0.6001 -0.7974 -0.0630
vn -0.5704 -0.7983 0.1932
vn -0.6409 -0.7345 0.2231
vn -0.6851 -0.7281 -0.0223
vn -0.6288 -0.7775 -0.0098
vn -0.7808 -0.6244 0.0245
vn -0.8396 -0.5038 0.2032
vn -0.8714 -0.4353 -0.2260
vn -0.9868 -0.0806 -0.1407
vn -0.9195 0.2989 -0.2552
vn -0.9295 0.0392 -0.3666
vn -0.9673 -0.2381 -0.0878
vn -0.9515 0.2046 -0.2297
vn -0.9227 0.0990 -0.3727
vn -0.9421 0.0973 -0.3209
vn -0.9729 0.0144 -0.2306
vn -0.9353 0.0917 -0.3416
vn -0.9424 0.0343 -0.3327
vn -0.9941 0.0911 0.0593
vn -0.9074 0.2030 -0.3679
vn -0.9743 -0.0032 -0.2251
vn -0.9773 0.1404 -0.1588
vn -0.7225 -0.5345 0.4385
vn -0.6282 -0.5953 0.5010
vn -0.7500 -0.5801 0.3176
vn -0.6361 -0.4376 0.6355
vn -0.7088 -0.2818 0.6467
vn -0.5967 -0.6865 0.4155
vn -0.5212 -0.8509 -0.0658
vn -0.8238 -0.4377 0.3603
vn -0.8112 -0.2888 0.5084
vn -0.7868 -0.5518 0.2765
vn -0.7484 -0.3892 0.5370
vn -0.6749 -0.2084 0.7078
vn -0.7286 -0.1146 0.6753
vn -0.5419 -0.2887 0.7893
vn -0.8438 -0.0798 0.5307
vn -0.7299 0.0947 0.6770
vn -0.7729 0.0791 0.6296
vn -0.8053 -0.4346 0.4033
vn -0.4968 -0.8606 0.1119
vn -0.4364 -0.8976 0.0624
vn -0.8779 -0.4465 -0.1732
vn -0.8729 -0.4800 0.0874
vn -0.7602 -0.5903 0.2714
vn -0.7974 -0.0584 0.6006
vn -0.7718 0.0440 0.6343
vn -0.8126 -0.2040 0.5459
vn -0.6397 0.3585 0.6799
vn -0.4773 0.3703 0.7969
vn -0.7917 -0.0411 0.6095
vn -0.7036 0.0056 0.7106
vn -0.8235 0.1716 0.5407
vn -0.5059 -0.0107 0.8625
vn -0.5485 -0.0620 0.8338
vn -0.5766 0.3149 0.7539
vn -0.4945 0.4872 0.7198
vn -0.9153 0.1857 0.3573
vn -0.4611 -0.8583 0.2253
vn -0.5723 -0.7705 0.2808
vn -0.4251 -0.8429 0.3299
vn -0.3897 -0.9170 0.0846
vn -0.7598 -0.6501 -0.0048
vn -0.6713 -0.6952 0.2569
vn -0.8835 -0.4309 0.1837
vn -0.6929 -0.7002 0.1719
vn -0.8823 -0.4034 0.2424
vn -0.7153 -0.6768 0.1740
vn -0.8226 -0.5278 -0.2114
vn -0.7191 -0.5803 0.3824
vn -0.8018 -0.4572 0.3847
vn -0.3294 -0.9419 -0.0664
vn -0.3287 -0.9434 -0.0435
vn -0.2407 -0.9012 -0.3605
vn 0.0241 -0.9865 0.1620
vn -0.4063 -0.9134 0.0233
vn -0.4594 -0.8343 0.3049
vn 0.0607 -0.9522 0.2994
vn -0.4215 -0.7316 0.5358
vn -0.2834 -0.8808 -0.3794
vn -0.0641 -0.9176 -0.3922
vn -0.2096 -0.8438 -0.4941
vn -0.2108 -0.8744 -0.4371
vn -0.0285 -0.9837 -0.1778
vn -0.2493 -0.8652 0.4351
vn 0.0967 -0.9952 -0.0136
vn -0.3050 -0.8936 0.3292
vn 0.0032 -0.9862 0.1658
vn -0.3758 -0.9251 -0.0538
vn -0.4208 -0.8957 0.1439
vn -0.5581 -0.8223 0.1106
vn -0.3262 -0.8996 0.2905
vn -0.1431 -0.8641 0.4826
vn -0.1883 -0.9804 -0.0574
vn -0.1862 -0.9243 0.3330
vn -0.4103 -0.8759 0.2538
vn -0.2059 -0.9085 0.3636
vn -0.1423 -0.9816 0.1270
vn -0.1373 -0.9263 0.3510
vn -0.1334 -0.9902 -0.0404
vn -0.0996 -0.9573 0.2713
vn -0.1219 -0.9735 0.1936
vn -0.2738 -0.9306 0.2429
vn -0.1333 -0.9518 0.2762
vn 0.2444 -0.9067 0.3436
vn -0.2348 -0.9439 0.2321
vn 0.1956 -0.9600 0.2004
vn -0.1475 -0.9837 0.1030
vn -0.0749 -0.9837 0.1635
vn 0.2159 -0.9688 0.1219
vn -0.1283 -0.9580 0.2564
vn -0.0106 -0.9965 0.0830
vn -0.1039 -0.9268 0.3610
vn -0.3803 -0.8838 0.2724
vn -0.0981 -0.9760 0.1943
vn -0.3512 -0.9235 0.1542
vn -0.2547 -0.9550 0.1521
vn -0.1577 -0.9717 0.1758
vn -0.4800 -0.8759 0.0494
vn -0.3589 -0.9316 0.0572
vn -0.2129 -0.9379 0.2740
vn -0.0020 -0.9627 0.2705
vn -0.3193 -0.9121 0.2570
vn -0.6211 -0.7251 0.2974
vn -0.3308 -0.8563 0.3966
vn -0.8011 -0.5938 -0.0747
vn -0.6134 -0.7480 0.2534
vn -0.4769 -0.8789 0.0039
vn -0.3033 -0.9456 0.1174
vn 0.0573 -0.9362 0.3469
vn -0.1863 -0.9662 0.1780
vn -0.1682 -0.9458 0.2776
vn -0.2625 -0.7331 -0.6274
vn -0.4252 -0.7546 -0.4999
vn -0.4544 -0.5163 -0.7260
vn -0.0924 -0.9648 -0.2462
vn -0.3439 -0.9383 -0.0362
vn -0.3430 -0.8564 -0.3859
vn -0.3743 -0.9226 -0.0933
vn -0.2200 -0.9516 -0.2144
vn -0.3684 -0.6518 -0.6629
vn -0.1370 -0.6872 -0.7134
vn 0.1229 -0.7580 -0.6406
vn -0.2949 -0.8829 -0.3655
vn -0.3181 -0.8417 -0.4363
vn -0.4673 -0.8121 -0.3495
vn -0.4010 -0.8394 -0.3668
vn -0.3679 -0.7892 -0.4917
vn -0.1396 -0.9333 -0.3309
vn -0.3458 -0.9281 -0.1379
vn -0.0689 -0.9550 -0.2885
vn -0.3015 -0.8702 -0.3897
vn -0.3649 -0.8904 -0.2720
vn 0.0834 -0.7493 -0.6569
vn -0.2235 -0.8842 -0.4102
vn -0.3798 -0.9165 -0.1257
vn -0.2074 -0.9305 -0.3020
vn -0.3028 -0.8829 -0.3590
vn -0.4386 -0.8700 -0.2253
vn -0.3063 -0.7535 -0.5818
vn -0.2731 -0.9612 0.0393
vn -0.3419 -0.9243 -0.1698
vn -0.2319 -0.9231 -0.3067
vn -0.0488 -0.9741 -0.2207
vn -0.1481 -0.9836 0.1031
vn -0.1673 -0.9798 -0.1093
vn -0.1404 -0.9843 -0.1065
vn -0.4377 -0.7103 -0.5512
vn -0.7032 -0.6981 0.1350
vn -0.4563 -0.8898 -0.0023
vn -0.3406 -0.7150 -0.6105
vn -0.7480 -0.6585 -0.0834
vn -0.8824 -0.4690 -0.0368
vn -0.7666 -0.6378 0.0747
vn -0.4768 -0.8717 -0.1133
vn -0.6053 -0.7844 0.1355
vn -0.2029 -0.8889 0.4107
vn -0.6841 -0.7040 0.1910
vn -0.7792 -0.6194 -0.0960
vn 0.5301 -0.6187 0.5798
vn 0.3404 -0.7304 0.5921
vn 0.7220 -0.3605 0.5905
vn 0.3368 -0.6892 0.6415
vn 0.3694 -0.7978 0.4766
vn 0.2793 -0.8105 0.5148
vn 0.4224 -0.8224 0.3810
vn 0.2173 -0.7970 0.5636
vn 0.4303 -0.5150 0.7414
vn 0.4785 -0.5505 0.6841
vn 0.3687 -0.5498 0.7495
vn 0.6959 -0.3452 0.6297
vn 0.3069 -0.4689 0.8282
vn 0.3194 -0.4305 0.8442
vn 0.2792 -0.6545 0.7026
vn 0.2709 -0.8777 0.3953
vn 0.1594 -0.8821 0.4433
vn 0.5323 -0.7292 0.4300
vn 0.3985 -0.7937 0.4596
vn 0.2111 -0.8835 0.4183
vn 0.1460 -0.9317 0.3326
vn 0.6447 -0.7492 0.1518
vn 0.3521 -0.8794 0.3205
vn 0.5979 -0.6678 0.4434
vn 0.3084 -0.7644 0.5662
vn 0.4845 -0.7385 0.4689
vn 0.3875 -0.6804 0.6221
vn 0.0673 -0.8700 0.4885
vn 0.0988 -0.8614 0.4982
vn 0.2705 -0.8769 0.3973
vn -0.1687 -0.9469 0.2737
vn -0.2679 -0.9355 0.2303
vn 0.5800 -0.4613 0.6714
vn 0.4400 -0.5191 0.7328
vn 0.0982 -0.5861 0.8042
vn -0.0154 -0.6253 0.7802
vn -0.1403 -0.8729 0.4673
vn -0.1814 -0.9302 0.3191
vn -0.0640 -0.9643 0.2570
vn -0.0171 -0.8697 0.4933
vn 0.4133 -0.8988 0.1459
vn 0.2670 -0.9611 0.0700
vn 0.2517 -0.9578 0.1388
vn 0.0149 -0.9577 0.2873
vn 0.0932 -0.9940 0.0580
vn 0.0280 -0.9821 0.1863
vn -0.0223 -0.9882 0.1514
vn 0.0086 -0.9965 0.0830
vn -0.0558 -0.9302 0.3628
vn -0.1410 -0.9637 0.2269
vn 0.0137 -0.9877 0.1558
vn 0.0462 -0.9595 0.2777
vn -0.5173 -0.7786 0.3552
vn -0.4930 -0.7440 0.4511
vn -0.2374 -0.8525 0.4658
vn -0.5264 -0.7383 0.4217
vn -0.4953 -0.7875 0.3668
vn -0.3437 -0.6574 0.6705
vn -0.4598 -0.7745 0.4345
vn -0.4563 -0.8100 0.3683
vn -0.5248 -0.7125 0.4658
vn -0.7434 -0.6273 0.2321
vn -0.8756 -0.4612 0.1438
vn -0.4724 -0.8566 0.2075
vn -0.5654 -0.8239 -0.0397
vn -0.4505 -0.7512 0.4824
vn -0.6354 -0.6499 0.4170
vn -0.7410 -0.5540 0.3795
vn -0.3354 -0.8417 0.4232
vn -0.4710 -0.6298 0.6177
vn -0.3851 -0.8389 0.3845
vn -0.8446 -0.4771 0.2428
vn -0.6280 -0.7365 0.2513
vn -0.4023 -0.8673 0.2933
vn -0.9051 -0.4186 0.0746
vn -0.7114 -0.6839 0.1618
vn -0.1923 -0.8329 0.5189
vn -0.4262 -0.8863 0.1815
vn -0.3611 -0.9281 0.0904
vn -0.6952 -0.6331 0.3404
vn -0.4861 -0.5760 0.6572
vn -0.1020 -0.9071 0.4084
vn -0.1319 -0.7171 0.6844
vn -0.5899 -0.7716 0.2381
vn -0.2857 -0.9394 0.1893
vn -0.0415 -0.9067 0.4198
vn -0.2439 -0.9311 0.2714
vn -0.1050 -0.9003 0.4225
vn -0.3802 -0.7748 0.5051
vn -0.4524 -0.7909 0.4122
vn -0.2071 -0.6875 0.6960
vn -0.4519 -0.7046 0.5471
vn 0.1922 0.1481 0.9701
vn 0.3099 -0.3525 0.8830
vn 0.3939 -0.2795 0.8756
vn 0.1505 0.3000 0.9420
vn 0.0432 -0.0577 0.9974
vn -0.0455 -0.3068 0.9507
vn 0.1125 0.3110 0.9437
vn -0.3620 -0.2549 0.8967
vn 0.3274 -0.1711 0.9293
vn 0.3417 -0.4052 0.8480
vn 0.3175 -0.2650 0.9105
vn 0.2743 0.0754 0.9587
vn -0.1693 -0.1341 0.9764
vn -0.0581 0.1176 0.9914
vn -0.2163 0.2721 0.9376
vn -0.5181 -0.0048 0.8553
vn -0.6487 0.0038 0.7610
vn -0.6483 0.0586 0.7591
vn -0.4089 -0.1351 0.9025
vn -0.2364 -0.1417 0.9613
vn -0.2437 -0.1559 0.9572
vn 0.3415 -0.3431 0.8750
vn 0.2601 -0.3875 0.8844
vn -0.5928 0.2364 0.7699
vn -0.2736 0.2149 0.9375
vn -0.6578 -0.2671 0.7043
vn -0.4806 0.3686 0.7957
vn -0.5059 0.1900 0.8414
vn -0.1843 0.3261 0.9272
vn -0.3560 0.1122 0.9277
vn -0.4964 0.1624 0.8528
vn -0.7357 -0.0601 0.6747
vn -0.4381 0.1061 0.8927
vn -0.7195 0.1814 0.6704
vn -0.7144 -0.0655 0.6967
vn -0.7502 0.4081 0.5202
vn -0.7525 0.0964 0.6515
vn -0.5508 -0.1223 0.8256
vn -0.4307 0.0894 0.8981
vn -0.5498 0.0506 0.8338
vn -0.3112 0.0473 0.9492
vn -0.5890 0.1117 0.8004
vn -0.3573 -0.2769 0.8920
vn -0.2664 0.0639 0.9617
vn -0.4063 -0.0329 0.9132
vn -0.4796 -0.0303 0.8770
vn -0.3735 -0.0379 0.9269
vn -0.5903 -0.0299 0.8066
vn -0.4123 0.1499 0.8986
vn -0.4284 0.0055 0.9036
vn -0.6495 0.1731 0.7404
vn -0.3874 0.0741 0.9190
vn -0.3773 -0.1370 0.9159
vn -0.2847 -0.0919 0.9542
vn -0.3882 -0.2777 0.8788
vn -0.5103 -0.3868 0.7681
vn -0.3335 -0.0784 0.9395
vn -0.3258 -0.3754 0.8677
vn -0.5194 -0.2072 0.8290
vn -0.5695 0.0083 0.8219
vn -0.5139 0.4269 0.7441
vn 0.5103 -0.4951 0.7032
vn 0.5534 -0.5587 0.6177
vn 0.6174 -0.5748 0.5371
vn 0.2255 -0.4692 0.8538
vn 0.0439 -0.5021 0.8637
vn 0.1241 -0.4213 0.8984
vn 0.2809 -0.5591 0.7801
vn 0.2410 -0.5190 0.8201
vn 0.5328 -0.5203 0.6675
vn 0.6582 -0.4020 0.6366
vn 0.5811 -0.1988 0.7892
vn 0.3645 -0.3873 0.8469
vn 0.2417 -0.4285 0.8706
vn 0.6565 -0.4971 0.5673
vn 0.3858 -0.2048 0.8996
vn 0.4122 -0.4669 0.7823
vn 0.7170 -0.4642 0.5200
vn 0.4836 -0.3889 0.7841
vn 0.5907 -0.1136 0.7989
vn 0.1755 -0.3094 0.9346
vn 0.0983 -0.2295 0.9683
vn 0.0673 -0.0739 0.9950
vn 0.3727 -0.3933 0.8405
vn 0.0969 -0.3424 0.9345
vn 0.4269 -0.1223 0.8960
vn -0.2880 -0.2210 0.9318
vn 0.4266 -0.3538 0.8323
vn 0.2738 -0.0440 0.9608
vn 0.2222 0.0390 0.9742
vn 0.3352 -0.3263 0.8839
vn -0.0307 0.4353 0.8997
vn -0.1806 0.3061 0.9347
vn -0.0956 0.1046 0.9899
vn -0.2435 -0.2790 0.9289
vn 0.3923 -0.4554 0.7992
vn 0.1863 -0.4884 0.8525
vn 0.5523 -0.4849 0.6781
vn 0.2449 -0.4410 0.8635
vn 0.1627 -0.5281 0.8334
vn 0.1676 -0.3890 0.9059
vn 0.3190 -0.5086 0.7997
vn 0.1126 -0.5404 0.8338
vn 0.3640 -0.6380 0.6786
vn 0.0212 -0.5315 0.8468
vn 0.3230 -0.7208 0.6133
vn -0.0620 -0.5086 0.8588
vn -0.6759 0.1230 0.7266
vn -0.6828 0.1019 0.7235
vn -0.7130 0.0454 0.6997
vn -0.7242 0.1420 0.6748
vn -0.7830 0.0409 0.6207
vn -0.6147 0.2657 0.7427
vn -0.4524 0.3596 0.8161
vn -0.7962 -0.0017 0.6050
vn -0.7311 0.1921 0.6547
vn -0.6302 0.4830 0.6078
vn -0.8324 0.1856 0.5221
vn -0.7244 0.2767 0.6314
vn -0.5926 0.2293 0.7722
vn -0.5876 0.1635 0.7924
vn -0.6159 0.3367 0.7122
vn -0.4415 0.5559 0.7043
vn -0.4694 0.2381 0.8503
vn -0.5019 0.1573 0.8505
vn -0.7398 0.4601 0.4910
vn -0.5788 0.5189 0.6291
vn -0.5679 0.1323 0.8124
vn -0.6858 0.4089 0.6021
vn -0.4723 0.4718 0.7446
vn -0.6790 0.1488 0.7189
vn -0.1925 0.1320 0.9724
vn -0.4595 -0.1042 0.8820
vn -0.7190 -0.2035 0.6646
vn -0.4934 0.3649 0.7896
vn -0.4013 0.1731 0.8994
vn -0.6977 0.1830 0.6926
vn -0.5384 -0.0230 0.8424
vn -0.4827 0.1190 0.8677
vn -0.0479 0.1980 0.9790
vn -0.2540 0.4754 0.8423
vn -0.4783 0.0950 0.8730
vn -0.0525 0.2942 0.9543
vn 0.0435 0.3693 0.9283
vn -0.5421 -0.0040 0.8403
vn -0.2041 0.3026 0.9310
vn -0.5032 -0.1682 0.8476
vn -0.0308 -0.0735 0.9968
vn -0.2709 0.1546 0.9501
vn 0.1130 0.2148 0.9701
vn -0.8064 -0.4598 0.3720
vn -0.7403 -0.1713 0.6501
vn -0.8485 0.0968 0.5203
vn -0.3959 -0.6636 0.6348
vn -0.4715 -0.5576 0.6832
vn -0.9006 0.1008 0.4227
vn -0.6605 -0.0189 0.7506
vn -0.5953 -0.2145 0.7743
vn -0.1104 -0.7994 0.5906
vn -0.4381 -0.5228 0.7312
vn -0.2292 -0.3501 0.9082
vn -0.7686 -0.1078 0.6306
vn -0.8762 -0.2416 0.4171
vn -0.7144 -0.1532 0.6828
vn -0.6343 -0.6612 0.4006
vn -0.2599 -0.4041 0.8770
vn -0.5448 -0.3487 0.7626
vn -0.0463 -0.8570 0.5132
vn 0.0295 -0.6884 0.7247
vn -0.4943 -0.1617 0.8541
vn -0.3763 -0.2274 0.8982
vn -0.3691 -0.3584 0.8575
vn -0.5056 -0.6331 0.5861
vn 0.0508 -0.6568 0.7523
vn -0.6899 0.1273 0.7126
vn -0.8518 0.0657 0.5198
vn -0.6531 -0.0702 0.7540
vn -0.9085 0.0786 0.4105
vn -0.5756 0.3767 0.7258
vn -0.8208 -0.2190 0.5275
vn -0.5251 0.0943 0.8458
vn -0.6628 -0.0861 0.7438
vn -0.6987 0.0627 0.7126
vn -0.3756 -0.0425 0.9258
vn 0.9563 0.2005 -0.2127
vn 0.9876 0.1439 0.0635
vn 0.9645 0.1641 0.2070
vn 0.9786 0.1660 -0.1218
vn 0.9948 -0.0926 0.0425
vn 0.8940 0.3533 0.2756
vn 0.9807 0.1289 0.1473
vn 0.9668 -0.1353 0.2165
vn 0.7807 0.1263 0.6120
vn 0.8123 0.2877 0.5074
vn 0.8370 0.1675 0.5209
vn 0.8872 0.0988 0.4506
vn 0.9997 -0.0236 -0.0112
vn 0.9919 -0.1079 -0.0670
vn 0.9799 0.0738 0.1855
vn 0.9524 0.2253 0.2052
vn 0.9257 0.2588 0.2760
vn 0.8566 0.2435 0.4549
vn 0.8327 -0.1572 0.5309
vn 0.9777 -0.1091 0.1796
vn 0.8536 0.4743 0.2157
vn 0.8980 0.4328 0.0787
vn 0.9373 0.3483 -0.0085
vn 0.9346 0.3495 0.0658
vn 0.9558 0.0390 -0.2915
vn 0.9467 -0.1981 0.2541
vn 0.9771 0.0782 0.1980
vn 0.8570 -0.1175 -0.5017
vn 0.9788 0.0135 -0.2046
vn 0.9911 -0.0134 0.1328
vn 0.9388 0.0513 0.3407
vn 0.9813 0.0948 0.1675
vn 0.9079 -0.1817 -0.3778
vn 0.9544 -0.0003 -0.2985
vn 0.7679 0.0975 -0.6331
vn 0.8741 0.2463 -0.4187
vn 0.6668 -0.2599 -0.6985
vn 0.6932 -0.1972 -0.6933
vn 0.8368 -0.1139 -0.5355
vn 0.9195 0.1082 -0.3779
vn 0.9669 0.1771 -0.1839
vn 0.9808 0.1241 0.1503
vn 0.9922 -0.0513 0.1138
vn 0.9737 0.1801 0.1393
vn 0.9026 0.4301 0.0169
vn 0.8840 0.3660 -0.2910
vn 0.9084 0.3495 -0.2297
vn 0.8893 -0.0048 -0.4572
vn 0.8782 0.4320 -0.2052
vn 0.9591 0.2577 0.1173
vn 0.9206 -0.0922 -0.3796
vn 0.9032 0.1013 -0.4172
vn 0.9856 -0.0619 0.1572
vn 0.6855 0.4096 -0.6019
vn 0.6838 0.2829 -0.6726
vn 0.8686 0.4418 -0.2244
vn 0.9127 0.3992 -0.0879
vn 0.8969 0.4414 0.0285
vn 0.7988 0.5658 0.2044
vn 0.8266 0.0635 -0.5592
vn 0.8599 0.1072 -0.4991
vn 0.7458 0.1529 0.6483
vn 0.8745 0.2657 0.4058
vn 0.8333 0.4028 0.3787
vn 0.8915 0.2850 0.3521
vn 0.7619 0.2513 0.5970
vn 0.8780 0.3943 0.2713
vn 0.9906 0.1343 0.0253
vn 0.9460 0.3212 -0.0432
vn 0.8607 0.5034 0.0755
vn 0.7824 0.3708 0.5004
vn 0.8648 0.4672 0.1839
vn 0.7328 0.6803 0.0153
vn 0.8792 0.3750 0.2938
vn 0.9179 0.3889 -0.0789
vn 0.9586 0.2807 0.0478
vn 0.9740 0.2241 -0.0325
vn 0.9597 0.1705 0.2236
vn 0.9020 0.3339 0.2737
vn 0.9606 0.2660 0.0803
vn 0.9240 0.3395 0.1760
vn 0.6842 0.6768 0.2718
vn 0.8185 0.5212 0.2417
vn 0.7087 0.4790 0.5180
vn 0.8868 0.0609 0.4581
vn 0.8118 0.5158 0.2737
vn 0.9165 0.1420 0.3739
vn 0.9962 0.0864 -0.0126
vn 0.9590 0.2726 0.0773
vn 0.9388 0.2412 0.2459
vn 0.8896 0.3877 0.2416
vn 0.9747 0.0917 -0.2039
vn 0.9689 0.0398 0.2442
vn 0.8834 0.2722 0.3815
vn 0.8851 -0.0003 0.4654
vn 0.9931 0.1127 0.0316
vn 0.9971 -0.0645 0.0416
vn 0.9809 0.1886 -0.0478
vn 0.9461 -0.1242 0.2992
vn 0.8968 0.2906 0.3336
vn 0.9335 0.3412 0.1106
vn 0.9754 0.1766 0.1317
vn 0.8062 0.4447 0.3903
vn 0.9187 0.3655 0.1493
vn 0.9245 0.3181 0.2100
vn 0.7353 0.5839 0.3441
vn 0.7784 0.4869 0.3962
vn 0.7310 0.6526 0.1994
vn 0.8612 0.4611 0.2139
vn 0.9482 0.3040 -0.0918
vn 0.9225 0.3818 0.0567
vn 0.7312 0.6686 0.1355
vn 0.8312 0.5548 -0.0376
vn 0.5240 0.8174 -0.2392
vn 0.7744 0.6272 0.0836
vn 0.4699 -0.3484 -0.8111
vn 0.7228 -0.1088 -0.6824
vn 0.3004 -0.5893 -0.7500
vn 0.6387 -0.0813 -0.7652
vn 0.8294 -0.0392 -0.5573
vn 0.9540 -0.0485 -0.2957
vn 0.8087 -0.2722 -0.5215
vn 0.8519 -0.1194 -0.5099
vn 0.6329 -0.1484 -0.7598
vn 0.4764 -0.1702 -0.8626
vn 0.6441 -0.0790 -0.7609
vn 0.4533 -0.4970 -0.7399
vn 0.3767 -0.3115 -0.8724
vn 0.5448 -0.3171 -0.7763
vn 0.7803 -0.2900 -0.5540
vn 0.8460 -0.1905 -0.4980
vn 0.8273 -0.3500 -0.4394
vn 0.8660 -0.2141 -0.4520
vn 0.9110 -0.3314 -0.2455
vn 0.9768 -0.2131 -0.0234
vn 0.9486 0.0849 -0.3047
vn 0.9158 0.1544 -0.3709
vn 0.7076 -0.1638 -0.6874
vn 0.5690 -0.0131 -0.8222
vn 0.7563 -0.0364 -0.6533
vn 0.6353 -0.0723 -0.7688
vn 0.6755 -0.0859 -0.7323
vn 0.7572 0.1458 -0.6366
vn 0.8332 -0.0086 -0.5529
vn 0.9040 0.1966 -0.3796
vn 0.7895 0.4163 -0.4509
vn 0.4198 -0.1227 -0.8993
vn 0.5693 -0.3531 -0.7424
vn 0.5344 -0.1921 -0.8231
vn 0.4529 0.1145 -0.8841
vn 0.6493 -0.0335 -0.7598
vn 0.7413 -0.0226 -0.6708
vn 0.9173 -0.1227 -0.3789
vn 0.8117 0.0625 -0.5807
vn 0.7010 -0.2396 -0.6717
vn 0.9087 -0.4175 -0.0069
vn 0.9916 0.0702 -0.1083
vn 0.9372 -0.2604 -0.2320
vn 0.9755 0.1078 0.1917
vn 0.9720 -0.0154 0.2344
vn 0.9574 0.2216 0.1850
vn 0.9430 0.3193 0.0934
vn 0.9166 0.3251 0.2327
vn 0.7802 0.1596 -0.6048
vn 0.9588 -0.1494 -0.2418
vn 0.9826 -0.1159 0.1451
vn 0.9996 -0.0067 0.0257
vn 0.8981 0.3199 0.3019
vn 0.9966 0.0769 -0.0301
vn 0.6783 0.3301 -0.6565
vn 0.8546 0.2293 -0.4660
vn 0.5721 0.0159 -0.8200
vn 0.8273 0.4354 -0.3550
vn 0.7581 0.3966 -0.5178
vn 0.7345 0.1298 -0.6661
vn 0.7944 0.3258 -0.5127
vn 0.6717 0.3251 -0.6657
vn 0.7558 0.0233 -0.6543
vn 0.4668 -0.2099 -0.8591
vn 0.8496 0.4411 -0.2892
vn 0.8017 0.4220 -0.4232
vn 0.7082 0.3845 -0.5921
vn 0.7606 0.6088 -0.2256
vn 0.5801 0.7438 -0.3319
vn 0.7076 0.2878 -0.6453
vn 0.7324 0.4171 -0.5382
vn 0.5887 0.3066 -0.7479
vn 0.7000 0.5516 -0.4536
vn 0.6192 0.3450 -0.7054
vn 0.6653 0.1342 -0.7344
vn 0.4943 0.4419 -0.7486
vn 0.5838 0.1932 -0.7886
vn 0.7608 0.6471 -0.0489
vn 0.8129 0.5605 0.1583
vn 0.8021 0.5970 0.0144
vn 0.8448 0.5280 -0.0871
vn 0.8939 0.4117 -0.1774
vn 0.8363 0.5306 0.1381
vn 0.8981 0.3528 -0.2627
vn 0.8482 0.5260 0.0627
vn 0.7414 0.5184 -0.4261
vn 0.6246 0.7474 0.2264
vn 0.7952 0.5656 -0.2185
vn 0.7492 0.6423 -0.1617
vn 0.4418 0.8957 0.0513
vn 0.5171 0.1975 -0.8328
vn 0.7121 0.0169 -0.7018
vn 0.5326 0.1329 -0.8359
vn 0.6980 0.3151 -0.6431
vn 0.7443 0.0545 -0.6656
vn 0.8593 -0.0436 -0.5096
vn 0.6121 0.1599 -0.7744
vn 0.7170 -0.1567 -0.6793
vn 0.6608 0.0715 -0.7471
vn 0.6577 0.4445 -0.6081
vn 0.6021 0.1999 -0.7730
vn 0.6574 0.1338 -0.7415
vn -0.0158 0.9922 0.1236
vn -0.0779 0.9920 -0.0997
vn -0.2627 0.9551 -0.1369
vn 0.0288 0.9976 0.0634
vn -0.0269 0.9799 0.1974
vn -0.1405 0.9361 -0.3224
vn 0.0392 0.9934 0.1077
vn 0.0830 0.9857 0.1466
vn -0.3950 0.9117 -0.1130
vn -0.4774 0.8094 -0.3419
vn -0.5406 0.8093 -0.2297
vn -0.1822 0.9778 0.1040
vn 0.1285 0.9914 -0.0266
vn 0.0657 0.9974 0.0285
vn 0.1090 0.9931 -0.0423
vn -0.0167 0.9957 0.0911
vn -0.3149 0.9304 0.1873
vn -0.3541 0.9291 -0.1066
vn 0.2440 0.9688 -0.0426
vn 0.4342 0.7784 -0.4534
vn 0.3801 0.6977 -0.6073
vn 0.0702 0.8733 -0.4821
vn -0.3129 0.8614 -0.4001
vn 0.1583 0.9555 0.2488
vn 0.2958 0.9231 -0.2456
vn 0.3036 0.9452 0.1201
vn 0.1396 0.9544 0.2637
vn 0.0016 0.9856 0.1694
vn 0.3882 0.9209 0.0365
vn 0.1340 0.7845 0.6055
vn 0.4600 0.7714 0.4396
vn 0.3479 0.8179 0.4583
vn 0.3533 0.8245 0.4421
vn 0.4803 0.8418 0.2463
vn 0.6494 0.7578 -0.0637
vn 0.8055 0.5864 -0.0861
vn 0.3765 0.9199 0.1098
vn 0.5478 0.8312 0.0951
vn 0.1236 0.9905 0.0597
vn 0.3357 0.9056 0.2593
vn 0.1789 0.9826 0.0503
vn 0.0724 0.9835 0.1655
vn 0.1733 0.9838 -0.0452
vn 0.3812 0.9243 0.0203
vn 0.6891 0.6214 -0.3728
vn 0.5438 0.8339 -0.0945
vn 0.6181 0.7477 -0.2425
vn 0.3997 0.8024 -0.4431
vn 0.0166 0.9780 -0.2079
vn 0.2597 0.9132 0.3139
vn 0.5833 0.7989 0.1469
vn 0.3168 0.9001 0.2992
vn 0.4578 0.7198 -0.5218
vn 0.6399 0.7071 -0.3008
vn 0.6580 0.5190 -0.5456
vn 0.1273 0.7723 -0.6224
vn -0.0256 0.7852 -0.6187
vn 0.1851 0.8224 -0.5379
vn 0.5421 0.8333 0.1083
vn 0.8046 0.5206 0.2857
vn 0.7388 0.6630 -0.1208
vn -0.2041 0.8174 -0.5386
vn -0.4696 0.7137 -0.5197
vn -0.5291 0.6920 -0.4910
vn -0.0140 0.9983 0.0571
vn -0.0037 0.9344 -0.3562
vn -0.6073 0.7332 -0.3059
vn -0.1826 0.9555 -0.2318
vn -0.5555 0.8268 -0.0883
vn -0.5274 0.7385 -0.4202
vn -0.2323 0.7705 -0.5937
vn -0.5649 0.6514 -0.5065
vn -0.6519 0.7524 -0.0944
vn -0.2995 0.9403 0.1619
vn -0.3988 0.9170 0.0083
vn -0.2504 0.9638 -0.0914
vn -0.3049 0.9512 -0.0467
vn -0.2130 0.9698 -0.1191
vn -0.0471 0.9988 0.0129
vn -0.2568 0.9601 -0.1110
vn -0.3242 0.8179 -0.4753
vn -0.3101 0.3457 -0.8856
vn -0.5232 0.4469 -0.7256
vn -0.3228 0.7034 -0.6333
vn -0.1390 0.9022 -0.4083
vn -0.1776 0.9765 -0.1220
vn -0.3198 0.9197 -0.2278
vn 0.0730 0.9726 -0.2208
vn -0.2840 0.9432 -0.1725
vn -0.5001 0.8511 0.1599
vn -0.6206 0.7838 -0.0241
vn -0.3642 0.9142 -0.1776
vn -0.0900 0.9577 -0.2732
vn -0.4149 0.9043 -0.1011
vn -0.5191 0.8489 0.0991
vn 0.0359 0.9931 -0.1119
vn -0.0513 0.9819 -0.1823
vn 0.3658 0.9177 -0.1551
vn 0.0590 0.9922 0.1099
vn 0.0334 0.9990 -0.0296
vn -0.0470 0.9912 0.1240
vn -0.0760 0.9628 -0.2592
vn 0.0915 0.7500 -0.6551
vn 0.0297 0.7857 -0.6178
vn -0.2324 0.9626 -0.1392
vn -0.1140 0.9150 -0.3869
vn 0.0584 0.5409 -0.8391
vn -0.2562 0.9329 -0.2531
vn 0.1943 0.8294 -0.5237
vn -0.1214 0.5178 -0.8469
vn 0.0822 0.8709 -0.4846
vn 0.2347 0.7125 -0.6613
vn 0.3750 0.7983 -0.4712
vn 0.1286 0.7172 -0.6849
vn -0.1284 0.7285 -0.6729
vn 0.2168 0.7445 -0.6315
vn 0.1060 0.5882 -0.8017
vn 0.6068 0.7043 0.3685
vn 0.4761 0.8271 0.2987
vn 0.6596 0.6809 0.3183
vn 0.6671 0.7399 0.0871
vn 0.4690 0.6954 0.5446
vn 0.6173 0.7297 0.2939
vn 0.6317 0.7384 0.2360
vn 0.2544 0.9237 0.2863
vn 0.7282 0.6552 0.2012
vn 0.7080 0.7027 0.0698
vn 0.6754 0.7042 0.2190
vn 0.3101 0.9507 -0.0068
vn 0.2960 0.9519 0.0790
vn 0.2620 0.9493 0.1737
vn 0.4566 0.8763 -0.1533
vn 0.5412 0.8373 0.0778
vn 0.4269 0.8349 0.3475
vn 0.2722 0.8061 0.5254
vn 0.6647 0.7471 -0.0019
vn 0.7107 0.6188 0.3348
vn 0.6010 0.7899 0.1217
vn 0.6571 0.6578 0.3681
vn 0.7494 0.6477 -0.1372
vn 0.5147 0.8351 0.1940
vn 0.4525 0.8477 0.2767
vn 0.6266 0.7732 -0.0981
vn 0.5750 0.7580 0.3078
vn 0.6954 0.6223 -0.3594
vn 0.6681 0.6352 -0.3875
vn 0.6660 0.7398 -0.0951
vn 0.6371 0.6835 -0.3563
vn 0.5251 0.8506 -0.0281
vn 0.3081 0.9511 0.0222
vn 0.4441 0.8666 -0.2277
vn 0.3442 0.7541 0.5594
vn 0.2339 0.8798 0.4137
vn 0.0263 0.9931 0.1138
vn 0.3733 0.9156 -0.1497
vn -0.0792 0.9633 0.2564
vn 0.2311 0.9441 0.2349
vn 0.2804 0.9196 0.2753
vn 0.4792 0.8505 -0.2168
vn 0.4093 0.9123 -0.0162
vn 0.5592 0.6127 -0.5585
vn 0.6684 0.6613 -0.3403
vn 0.6552 0.5873 -0.4751
vn 0.4857 0.7894 -0.3754
vn 0.5550 0.7001 -0.4493
vn 0.5432 0.6202 -0.5659
vn 0.7739 0.4989 -0.3902
vn 0.4784 0.6881 -0.5456
vn 0.3384 0.1342 -0.9314
vn 0.7421 0.4225 -0.5204
vn 0.6220 0.2510 -0.7417
vn 0.4527 0.8347 -0.3136
vn 0.6079 0.5906 -0.5307
vn 0.4591 0.8483 -0.2638
vn 0.3942 0.7084 -0.5855
vn 0.5701 0.7594 -0.3135
vn 0.5372 0.7437 -0.3979
vn 0.8254 0.4310 -0.3647
vn 0.1429 0.8617 -0.4869
vn 0.1912 0.7366 -0.6487
vn 0.4800 0.7034 -0.5242
vn 0.2641 0.7105 -0.6522
vn 0.1543 0.8287 -0.5379
vn 0.0817 0.7555 -0.6500
vn 0.6867 0.5119 -0.5162
vn 0.2186 0.8863 -0.4083
vn 0.1583 0.8812 -0.4454
vn 0.7281 0.4737 -0.4956
vn 0.1343 0.8572 -0.4971
vn 0.3256 0.8218 -0.4677
vn 0.2720 0.7176 -0.6412
vn 0.7430 0.6665 0.0620
vn 0.6604 0.6331 0.4039
vn 0.6028 0.6849 0.4094
vn 0.6125 0.7905 0.0013
vn 0.7355 0.6601 0.1526
vn 0.7098 0.7032 0.0404
vn 0.6212 0.7834 0.0201
vn 0.7841 0.5612 0.2650
vn 0.5669 0.7977 -0.2058
vn -0.0049 -0.5692 -0.8222
vn 0.3813 -0.3275 -0.8645
vn 0.1973 -0.5879 -0.7845
vn -0.1227 -0.1195 -0.9852
vn 0.2066 -0.1955 -0.9587
vn 0.3063 0.1701 -0.9366
vn -0.0947 0.1323 -0.9867
vn 0.3553 -0.0277 -0.9344
vn 0.0696 -0.6633 -0.7451
vn 0.1310 -0.3987 -0.9077
vn -0.0417 -0.5165 -0.8553
vn 0.0734 -0.6102 -0.7888
vn 0.0384 -0.3002 -0.9531
vn 0.4228 -0.1295 -0.8969
vn 0.3123 -0.2175 -0.9248
vn 0.1445 -0.3082 -0.9403
vn -0.0585 0.1465 -0.9875
vn 0.2872 0.1087 -0.9517
vn -0.2405 0.1261 -0.9624
vn 0.2183 -0.2368 -0.9467
vn 0.3786 -0.1786 -0.9082
vn 0.1207 0.1170 -0.9858
vn 0.3411 -0.3163 -0.8852
vn 0.4519 -0.4852 -0.7486
vn 0.2112 0.0215 -0.9772
vn 0.0921 -0.0011 -0.9958
vn -0.2058 0.0413 -0.9777
vn 0.6143 -0.0895 -0.7840
vn 0.6469 0.0809 -0.7583
vn 0.4009 -0.3056 -0.8637
vn 0.3578 -0.2967 -0.8854
vn 0.7908 0.1139 -0.6013
vn -0.1012 0.0557 -0.9933
vn -0.4189 -0.0675 -0.9055
vn 0.2298 -0.1727 -0.9578
vn -0.1115 0.2081 -0.9717
vn 0.3666 0.2495 -0.8963
vn 0.4908 0.0912 -0.8665
vn -0.0621 -0.1374 -0.9886
vn 0.3077 0.1702 -0.9361
vn 0.0684 0.0870 -0.9939
vn -0.0060 -0.6316 -0.7753
vn -0.1612 -0.1641 -0.9732
vn 0.2406 0.2558 -0.9363
vn 0.1279 0.1156 -0.9850
vn 0.0745 0.2902 -0.9541
vn 0.3103 0.0637 -0.9485
vn -0.0240 -0.1235 -0.9920
vn 0.0044 0.0130 -0.9999
vn 0.0222 0.3148 -0.9489
vn -0.2496 -0.4221 -0.8715
vn 0.5595 0.2818 -0.7794
vn 0.2459 0.3278 -0.9122
vn 0.4675 0.2856 -0.8366
vn 0.6093 -0.2067 -0.7655
vn 0.4677 -0.4361 -0.7688
vn 0.3542 -0.1643 -0.9206
vn -0.0931 -0.6069 -0.7893
vn 0.5270 0.2143 -0.8224
vn 0.2938 -0.1531 -0.9435
vn 0.0907 0.2370 -0.9673
vn 0.1891 -0.2454 -0.9508
vn 0.6524 -0.1473 -0.7434
vn 0.6334 -0.3110 -0.7086
vn 0.2609 -0.0649 -0.9632
vn 0.3252 0.0308 -0.9452
vn 0.4534 -0.3227 -0.8308
vn 0.2232 -0.1262 -0.9666
vn 0.2589 -0.3039 -0.9168
vn 0.3752 -0.3138 -0.8722
vn 0.3521 -0.2410 -0.9044
vn 0.4397 0.0479 -0.8968
vn 0.2169 0.0466 -0.9751
vn 0.1938 0.1310 -0.9723
vn 0.1187 -0.0374 -0.9922
vn 0.1220 0.1108 -0.9863
vn -0.2307 -0.2403 -0.9429
vn 0.0783 -0.3033 -0.9497
vn 0.5119 -0.2931 -0.8075
vn 0.5364 -0.1433 -0.8317
vn 0.2486 -0.2268 -0.9417
vn 0.3290 -0.0315 -0.9438
vn 0.2564 -0.2592 -0.9312
vn 0.4404 -0.0572 -0.8960
vn 0.3562 -0.2989 -0.8853
vn 0.3477 -0.3127 -0.8839
vn 0.4054 -0.2148 -0.8886
vn 0.5875 0.1556 -0.7941
vn 0.2260 -0.1529 -0.9621
vn -0.0334 -0.0500 -0.9982
vn 0.1856 -0.2831 -0.9410
vn -0.0361 -0.5390 -0.8415
vn 0.0687 -0.3759 -0.9241
vn 0.3000 -0.4951 -0.8154
vn 0.5311 0.1315 -0.8370
vn 0.4604 -0.0503 -0.8863
vn 0.4211 -0.0933 -0.9022
vn 0.0569 -0.0823 -0.9950
vn 0.5585 -0.0181 -0.8293
vn 0.5430 -0.4219 -0.7260
vn 0.4366 -0.1013 -0.8939
vn 0.2674 -0.1622 -0.9498
vn 0.5923 -0.3894 -0.7054
vn 0.6983 -0.2838 -0.6571
vn 0.4540 -0.0938 -0.8861
vn 0.5710 0.0343 -0.8202
vn -0.1542 0.4908 -0.8575
vn -0.3076 0.1385 -0.9414
vn -0.3411 0.3445 -0.8746
vn -0.0624 0.4693 -0.8808
vn -0.3672 0.3533 -0.8604
vn -0.5197 0.2954 -0.8016
vn -0.2631 0.6202 -0.7390
vn -0.6205 0.2517 -0.7427
vn -0.4620 0.1842 -0.8675
vn -0.3184 0.3638 -0.8754
vn -0.3225 0.6495 -0.6886
vn -0.4249 0.3557 -0.8324
vn 0.0274 0.4215 -0.9064
vn 0.1135 -0.2264 -0.9674
vn 0.0010 -0.0750 -0.9972
vn -0.2971 -0.0220 -0.9546
vn -0.3543 0.2079 -0.9117
vn -0.3268 0.3182 -0.8899
vn -0.4220 0.1439 -0.8951
vn -0.2097 0.5233 -0.8259
vn -0.2886 0.5218 -0.8028
vn -0.3063 0.3881 -0.8692
vn -0.0799 0.6824 -0.7266
vn -0.2371 0.4263 -0.8730
vn 0.1030 0.3227 -0.9409
vn 0.0894 0.2394 -0.9668
vn 0.0618 0.2311 -0.9710
vn 0.2027 0.6489 -0.7333
vn 0.3341 0.1169 -0.9353
vn 0.2778 0.2664 -0.9230
vn 0.2324 -0.0351 -0.9720
vn 0.0947 -0.0493 -0.9943
vn 0.1303 0.0471 -0.9903
vn 0.0306 -0.1008 -0.9944
vn 0.1103 -0.0451 -0.9929
vn 0.2202 -0.0790 -0.9723
vn -0.1344 -0.4102 -0.9020
vn 0.1307 -0.0844 -0.9878
vn 0.1250 0.1151 -0.9855
vn -0.2789 -0.2318 -0.9319
vn 0.2774 -0.1304 -0.9519
vn 0.2739 -0.0550 -0.9602
vn 0.0039 -0.1977 -0.9803
vn 0.0530 -0.2187 -0.9744
vn 0.4592 0.1615 -0.8735
vn 0.7675 0.1375 -0.6261
vn 0.8565 0.1060 -0.5052
vn 0.7008 0.1471 -0.6981
vn 0.6564 0.3774 -0.6532
vn 0.7445 0.0637 -0.6645
vn 0.6983 0.3079 -0.6462
vn 0.8354 0.0981 -0.5409
vn 0.5543 0.4699 -0.6870
vn 0.7118 0.3761 -0.5932
vn 0.5812 0.5754 -0.5754
vn 0.6168 0.4821 -0.6222
vn 0.4254 0.3297 -0.8428
vn 0.3887 0.1591 -0.9075
vn 0.6369 0.1260 -0.7606
vn 0.7858 0.0859 -0.6124
vn 0.5819 0.0271 -0.8128
vn 0.7182 -0.0726 -0.6920
vn 0.6734 0.1803 -0.7170
vn 0.6294 -0.0967 -0.7711
vn 0.6707 -0.1022 -0.7346
vn 0.6104 0.0950 -0.7864
vn 0.5546 0.1564 -0.8173
vn 0.6378 0.1070 -0.7627
vn 0.5502 0.2200 -0.8055
vn 0.3296 -0.0143 -0.9440
vn 0.0372 0.5273 -0.8489
vn 0.5146 -0.1730 -0.8398
vn 0.4714 -0.0903 -0.8773
vn 0.0697 0.2099 -0.9752
vn 0.1543 0.5612 -0.8132
vn 0.1214 0.0576 -0.9909
vn 0.3353 0.2283 -0.9140
vn 0.2276 0.2106 -0.9507
vn -0.9948 0.1014 -0.0104
vn -0.9966 0.0604 -0.0569
vn -0.9848 0.1668 0.0493
vn -0.9996 -0.0275 -0.0119
vn -0.9531 0.0785 -0.2923
vn -0.9744 0.1792 -0.1355
vn -0.9959 -0.0570 0.0706
vn -0.9906 0.1324 -0.0356
vn -0.9650 0.2612 0.0218
vn -0.9886 0.1217 -0.0885
vn -0.9526 0.2249 0.2050
vn -0.9632 0.2257 0.1458
vn -0.9564 0.2906 0.0288
vn -0.8703 0.4921 -0.0195
vn -0.9975 0.0695 0.0105
vn -0.9537 -0.1325 -0.2700
vn -0.9822 0.1037 0.1566
vn -0.9042 0.2695 -0.3314
vn -0.9648 0.2579 0.0520
vn -0.9524 0.2253 0.2055
vn -0.9631 0.2468 -0.1076
vn -0.9977 0.0662 -0.0172
vn -0.9785 -0.0116 0.2061
vn -0.9899 -0.0915 0.1086
vn -0.9443 0.2562 -0.2067
vn -0.9119 0.3968 -0.1047
vn -0.9112 0.1513 -0.3831
vn -0.8350 0.5385 -0.1129
vn -0.9052 0.4250 0.0023
vn -0.8615 0.1806 -0.4746
vn -0.7808 0.0867 -0.6188
vn -0.9181 0.3145 -0.2410
vn -0.9844 0.1093 -0.1382
vn -0.9755 0.1634 -0.1474
vn -0.9085 0.3154 -0.2741
vn -0.7628 0.6410 -0.0851
vn -0.8817 0.4639 -0.0855
vn -0.9167 0.3749 -0.1382
vn -0.9937 -0.0015 0.1118
vn -0.9806 0.1703 0.0969
vn -0.9017 0.3850 -0.1968
vn -0.8585 0.2963 -0.4185
vn -0.7495 0.5538 -0.3627
vn -0.8672 0.2368 -0.4382
vn -0.9580 0.1384 -0.2512
vn -0.9902 0.1238 0.0653
vn -0.9894 0.1446 -0.0130
vn -0.9486 -0.1999 -0.2455
vn -0.9786 0.0183 -0.2048
vn -0.9362 -0.1666 0.3096
vn -0.9430 -0.2588 -0.2095
vn -0.8603 -0.5054 -0.0664
vn -0.9897 0.1383 0.0375
vn -0.9625 0.2469 -0.1126
vn -0.9674 -0.2503 -0.0384
vn -0.9693 0.1489 -0.1959
vn -0.9617 -0.2384 -0.1351
vn -0.9114 0.1816 -0.3693
vn -0.9719 -0.0746 -0.2231
vn -0.9903 -0.1015 0.0951
vn -0.9915 0.1106 0.0687
vn -0.7783 0.2540 0.5743
vn -0.7089 0.0555 0.7031
vn -0.7518 0.0752 0.6551
vn -0.7863 0.2089 0.5815
vn -0.7869 0.2398 0.5686
vn -0.8005 0.1951 0.5667
vn -0.8025 0.1868 0.5666
vn -0.8730 0.1905 0.4489
vn -0.8475 0.1899 0.4957
vn -0.7171 0.3485 0.6036
vn -0.6995 0.1661 0.6951
vn -0.8515 0.3800 0.3614
vn -0.7836 0.3083 0.5394
vn -0.9471 0.2399 0.2133
vn -0.9546 0.1289 0.2686
vn -0.9756 0.2151 0.0449
vn -0.9567 0.2587 0.1331
vn -0.9176 0.2946 0.2669
vn -0.9085 0.2228 0.3536
vn -0.9089 0.4147 0.0446
vn -0.9746 0.2052 -0.0896
vn -0.8399 0.4843 0.2451
vn -0.8946 0.4434 -0.0555
vn -0.9658 0.2321 0.1155
vn -0.9273 0.3680 0.0689
vn -0.9300 0.3675 0.0050
vn -0.9468 0.2745 0.1681
vn -0.6843 0.6737 0.2791
vn -0.6763 0.6908 0.2558
vn -0.7004 0.7031 0.1229
vn -0.7344 0.6735 -0.0845
vn -0.8565 0.5076 -0.0933
vn -0.9156 0.3727 -0.1511
vn -0.9165 0.3894 -0.0913
vn -0.8301 0.5499 -0.0926
vn -0.9864 0.1636 0.0129
vn -0.9969 -0.0265 0.0746
vn -0.9551 -0.0459 0.2928
vn -0.9861 0.1605 -0.0419
vn -0.9913 0.1171 -0.0603
vn -0.9967 -0.0460 0.0674
vn -0.9966 0.0148 -0.0816
vn -0.9493 0.1963 -0.2455
vn -0.9863 0.1481 -0.0729
vn -0.9727 -0.1245 0.1956
vn -0.9703 -0.2420 0.0028
vn -0.9782 0.0135 -0.2074
vn -0.7512 0.5629 -0.3447
vn -0.6444 0.6401 -0.4183
vn -0.7260 0.5559 -0.4049
vn -0.6838 0.5343 -0.4968
vn -0.7850 0.4110 -0.4636
vn -0.6344 0.6222 -0.4588
vn -0.5796 0.7241 -0.3738
vn -0.8031 0.4746 -0.3602
vn -0.6581 0.7043 -0.2663
vn -0.6690 0.2927 -0.6832
vn -0.5384 0.3598 -0.7620
vn -0.7244 0.2766 -0.6315
vn -0.5592 0.4872 -0.6708
vn -0.7523 0.4619 -0.4697
vn -0.8366 0.2804 -0.4705
vn -0.9413 0.0798 -0.3279
vn -0.9272 0.2838 -0.2446
vn -0.7031 0.5060 -0.4996
vn -0.5163 0.6553 -0.5514
vn -0.5808 0.5972 -0.5532
vn -0.6052 0.6054 -0.5169
vn -0.6399 0.7491 -0.1714
vn -0.8189 0.4406 -0.3679
vn -0.7896 0.2755 -0.5483
vn -0.7301 0.5475 -0.4089
vn -0.8900 0.1772 -0.4200
vn -0.8786 0.0471 -0.4753
vn -0.8665 0.3651 -0.3403
vn -0.8275 0.5503 -0.1116
vn -0.9255 0.0882 -0.3683
vn -0.5338 0.5809 -0.6145
vn -0.6083 0.3398 -0.7173
vn -0.7403 -0.0880 -0.6665
vn -0.7942 -0.2127 -0.5693
vn -0.6597 -0.2885 -0.6939
vn -0.8702 -0.1209 -0.4777
vn -0.8047 -0.2372 -0.5443
vn -0.9212 -0.0276 -0.3881
vn -0.8365 0.5332 -0.1259
vn -0.9123 0.4069 -0.0455
vn -0.8934 0.3962 -0.2119
vn -0.8969 0.4279 -0.1116
vn -0.9200 0.3761 -0.1102
vn -0.9035 0.3583 -0.2351
vn -0.8750 0.4615 -0.1466
vn -0.7941 0.5684 -0.2152
vn -0.6701 0.7368 -0.0899
vn -0.9707 0.0786 -0.2273
vn -0.6980 0.7154 -0.0312
vn -0.6637 0.7331 -0.1486
vn -0.7668 -0.5617 -0.3105
vn -0.5133 -0.6931 -0.5062
vn -0.4935 -0.6634 -0.5625
vn -0.9877 -0.0881 -0.1295
vn -0.8948 -0.3251 -0.3059
vn -0.6610 -0.4340 -0.6121
vn -0.9887 0.0013 -0.1497
vn -0.9380 0.0136 -0.3464
vn -0.4904 -0.6686 -0.5590
vn -0.9633 -0.1897 -0.1897
vn -0.9659 -0.1261 -0.2262
vn -0.9753 -0.0997 -0.1970
vn -0.9135 -0.3924 -0.1074
vn -0.8590 -0.4982 -0.1179
vn -0.9488 -0.2807 -0.1450
vn -0.8126 -0.4366 -0.3860
vn -0.6466 -0.6129 -0.4542
vn -0.7413 -0.4769 -0.4723
vn -0.5621 -0.7767 -0.2841
vn -0.9920 -0.1243 -0.0214
vn -0.9841 -0.0833 -0.1571
vn -0.9825 0.0115 -0.1859
vn -0.9715 0.1661 -0.1691
vn -0.9932 -0.0989 0.0613
vn -0.9801 -0.1924 -0.0482
vn -0.9581 -0.2611 0.1176
vn -0.9968 0.0619 -0.0504
vn -0.9976 0.0339 -0.0598
vn -0.9342 -0.2661 -0.2374
vn -0.8589 0.0635 -0.5083
vn -0.9016 -0.2905 -0.3205
vn -0.9241 -0.2840 -0.2556
vn -0.8357 0.0597 -0.5459
vn -0.8875 0.0608 -0.4569
vn -0.9448 -0.0881 -0.3156
vn -0.7808 -0.0553 -0.6223
vn -0.7019 -0.5302 -0.4756
vn -0.9306 0.0053 -0.3661
vn -0.6628 0.0371 -0.7479
vn -0.7756 0.1103 -0.6215
vn -0.7963 -0.0857 -0.5987
vn 0.2223 -0.9061 -0.3599
vn 0.1147 -0.8587 -0.4995
vn -0.0362 -0.8662 -0.4983
vn 0.0881 -0.9874 -0.1318
vn 0.1994 -0.8338 -0.5148
vn 0.3102 -0.8657 -0.3928
vn 0.0834 -0.9434 -0.3210
vn 0.2721 -0.8634 -0.4249
vn -0.3010 -0.7372 -0.6049
vn -0.3595 -0.8694 -0.3389
vn -0.4219 -0.7398 -0.5242
vn -0.2876 -0.8371 -0.4653
vn -0.1471 -0.9556 -0.2554
vn -0.0449 -0.9891 -0.1403
vn -0.1802 -0.9827 -0.0415
vn -0.4185 -0.9067 -0.0523
vn 0.1861 -0.8819 -0.4331
vn -0.4374 -0.8421 -0.3154
vn -0.1705 -0.8696 -0.4634
vn 0.0394 -0.9762 -0.2132
vn 0.3590 -0.8308 -0.4254
vn 0.2136 -0.9515 -0.2215
vn -0.0522 -0.9810 -0.1871
vn -0.1861 -0.9376 -0.2938
vn 0.1854 -0.8811 -0.4352
vn 0.1473 -0.9890 -0.0124
vn 0.0125 -0.8080 -0.5890
vn 0.0944 -0.9952 -0.0262
vn 0.2765 -0.9520 -0.1314
vn -0.1007 -0.9706 -0.2188
vn -0.1348 -0.8790 -0.4574
vn 0.0651 -0.9957 0.0657
vn 0.4082 -0.7823 -0.4705
vn -0.0833 -0.8148 -0.5737
vn 0.5945 -0.7196 -0.3588
vn 0.5016 -0.8354 -0.2247
vn 0.0002 -0.9955 -0.0946
vn 0.2782 -0.8900 -0.3612
vn 0.1069 -0.8569 -0.5043
vn 0.2647 -0.8376 -0.4778
vn 0.0023 -0.9682 -0.2500
vn -0.4920 -0.8546 0.1662
vn 0.1581 -0.9302 -0.3313
vn 0.1758 -0.8625 -0.4745
vn 0.1196 -0.9895 -0.0807
vn 0.2423 -0.9694 0.0393
vn 0.3126 -0.9018 -0.2985
vn -0.2236 -0.8883 -0.4011
vn 0.0727 -0.9897 -0.1230
vn 0.1939 -0.9716 -0.1354
vn 0.1795 -0.8182 -0.5462
vn 0.1512 -0.9864 -0.0653
vn 0.3025 -0.9471 -0.1072
vn 0.2453 -0.9355 0.2544
vn 0.0918 -0.9717 -0.2175
vn 0.0064 -0.9644 -0.2644
vn -0.0796 -0.9482 -0.3075
vn -0.0574 -0.9293 -0.3650
vn 0.2605 -0.9170 -0.3020
vn 0.2555 -0.9634 0.0812
vn 0.0942 -0.9640 -0.2486
vn 0.0518 -0.7523 -0.6567
vn -0.0932 -0.8327 -0.5459
vn -0.3567 -0.6794 -0.6412
vn -0.4113 -0.7524 -0.5146
vn -0.0857 -0.7937 -0.6022
vn -0.0307 -0.7752 -0.6310
vn -0.5694 -0.7512 -0.3339
vn -0.3448 -0.7667 -0.5416
vn -0.3964 -0.7078 -0.5847
vn -0.3632 -0.7294 -0.5797
vn -0.0768 -0.8894 -0.4506
vn -0.6586 -0.7032 -0.2678
vn -0.6695 -0.6904 -0.2741
vn -0.4176 -0.8409 -0.3443
vn -0.6373 -0.6777 -0.3668
vn -0.6049 -0.6339 -0.4821
vn -0.6276 -0.6311 -0.4558
vn -0.6020 -0.5263 -0.6005
vn -0.5178 -0.6040 -0.6059
vn -0.5322 -0.7216 -0.4428
vn -0.3657 -0.7553 -0.5439
vn -0.1892 -0.8534 -0.4858
vn -0.4672 -0.6775 -0.5681
vn -0.6189 -0.7052 -0.3458
vn -0.3778 -0.7019 -0.6037
vn -0.3859 -0.7894 -0.4775
vn -0.4913 -0.7869 -0.3735
vn -0.4890 -0.7264 -0.4830
vn -0.2046 -0.8784 -0.4319
vn -0.4448 -0.6000 -0.6650
vn -0.3880 -0.4912 -0.7798
vn -0.1098 -0.7403 -0.6632
vn -0.2814 -0.6627 -0.6940
vn -0.2938 -0.8909 -0.3463
vn -0.2329 -0.8952 -0.3800
vn -0.2466 -0.7624 -0.5983
vn -0.3267 -0.9448 0.0256
vn -0.5418 -0.7550 -0.3693
vn -0.3590 -0.8471 -0.3918
vn 0.0600 -0.9440 -0.3246
vn -0.2792 -0.9585 -0.0569
vn -0.1705 -0.9536 -0.2483
vn -0.2940 -0.9445 -0.1467
vn -0.4350 -0.8995 -0.0410
vn 0.1757 -0.9387 -0.2965
vn -0.0693 -0.9928 -0.0979
vn -0.1780 -0.9744 -0.1376
vn 0.4397 -0.3000 -0.8465
vn 0.5507 -0.2100 -0.8078
vn 0.7233 -0.1947 -0.6625
vn 0.3747 -0.2230 -0.8999
vn 0.3642 -0.4067 -0.8378
vn 0.6446 -0.2208 -0.7319
vn 0.3961 -0.2859 -0.8726
vn 0.6810 -0.3567 -0.6395
vn 0.5189 -0.2799 -0.8077
vn 0.5482 -0.1744 -0.8180
vn 0.6429 -0.2029 -0.7386
vn 0.5906 -0.3863 -0.7085
vn 0.6632 -0.2729 -0.6970
vn 0.6300 -0.5853 -0.5105
vn 0.4603 -0.7277 -0.5085
vn 0.5550 -0.7299 -0.3991
vn 0.3544 -0.7170 -0.6002
vn 0.2344 -0.3614 -0.9025
vn 0.3627 -0.3737 -0.8537
vn 0.4419 -0.2856 -0.8504
vn 0.4591 -0.3637 -0.8105
vn 0.5765 -0.0630 -0.8147
vn 0.4684 -0.7973 -0.3807
vn 0.2555 -0.8644 -0.4329
vn 0.2851 -0.9335 -0.2174
vn 0.3277 -0.8670 -0.3752
vn 0.4076 -0.8301 -0.3806
vn 0.5711 -0.7635 -0.3017
vn 0.5095 -0.8350 -0.2079
vn 0.4614 -0.7242 -0.5125
vn 0.7209 -0.3894 -0.5732
vn 0.6930 -0.5094 -0.5102
vn 0.7262 -0.6320 -0.2704
vn 0.4232 -0.8250 -0.3746
vn 0.6610 -0.6664 -0.3450
vn 0.4756 -0.8216 -0.3143
vn 0.2176 -0.8747 -0.4330
vn 0.4339 -0.8971 -0.0831
vn 0.4312 -0.5127 -0.7424
vn 0.1454 -0.6974 -0.7018
vn 0.1189 -0.7294 -0.6737
vn 0.1634 -0.5607 -0.8117
vn 0.1311 -0.8819 -0.4528
vn 0.0251 -0.7080 -0.7057
vn -0.2114 -0.7147 -0.6667
vn 0.1503 -0.8425 -0.5174
vn 0.3832 -0.3858 -0.8392
vn 0.1261 -0.8938 -0.4303
vn -0.2599 -0.6653 -0.6999
vn 0.0301 -0.6319 -0.7744
vn 0.5010 -0.8393 0.2109
vn -0.0145 -0.8216 0.5698
vn 0.2805 -0.6724 0.6850
vn 0.5062 -0.6892 0.5184
vn 0.0254 -0.7405 0.6715
vn 0.2388 -0.7953 0.5573
vn 0.0276 -0.4961 0.8678
vn 0.2537 -0.7524 0.6079
vn 0.3111 -0.6026 0.7349
vn 0.1994 -0.7439 0.6378
vn 0.1841 -0.9108 0.3696
vn 0.2654 -0.8579 0.4400
vn 0.0830 -0.9458 0.3140
vn 0.3698 -0.8677 0.3321
vn 0.5409 -0.6862 0.4863
vn 0.5002 -0.8017 0.3272
vn 0.5280 -0.7394 0.4177
vn 0.4448 -0.6890 0.5723
vn 0.1868 -0.5147 0.8368
vn -0.0296 -0.9438 0.3291
vn 0.1471 -0.9741 0.1715
vn 0.0187 -0.9704 0.2408
vn 0.1413 -0.9566 -0.2550
vn -0.0590 -0.9911 0.1191
vn 0.0206 -0.9243 0.3812
vn 0.0197 -0.9874 -0.1571
vn -0.0398 -0.9959 -0.0816
vn -0.1101 -0.9939 0.0033
vn 0.2488 -0.8410 0.4805
vn 0.3893 -0.7630 0.5161
vn 0.2704 -0.7047 0.6560
vn 0.2876 -0.9253 0.2471
vn 0.1842 -0.9236 0.3362
vn 0.5346 -0.8068 0.2517
vn 0.0919 -0.9925 0.0803
vn 0.2277 -0.9620 -0.1508
vn 0.3143 -0.7255 0.6122
vn 0.1997 -0.9188 -0.3405
vn 0.7428 -0.6448 0.1803
vn 0.6637 -0.7194 0.2049
vn 0.4163 -0.7767 0.4726
vn 0.4045 0.1305 0.9052
vn 0.3450 -0.1997 0.9171
vn 0.2905 -0.0821 0.9533
vn 0.4749 0.2568 0.8417
vn 0.5637 -0.1237 0.8167
vn 0.2089 -0.3163 0.9254
vn 0.6627 0.2658 0.7001
vn 0.3677 0.1388 0.9195
vn 0.3773 -0.1708 0.9102
vn 0.3135 -0.0762 0.9465
vn 0.3441 0.0463 0.9378
vn 0.3953 0.0146 0.9184
vn 0.3356 0.1749 0.9256
vn 0.1358 0.0622 0.9888
vn 0.3704 0.0534 0.9274
vn 0.5466 -0.1887 0.8158
vn 0.5425 0.2907 0.7882
vn 0.3509 -0.0382 0.9356
vn 0.3597 0.2111 0.9089
vn 0.3114 0.3453 0.8853
vn 0.1038 0.1781 0.9785
vn -0.1039 -0.1265 0.9865
vn 0.2813 -0.1077 0.9536
vn 0.3673 -0.0856 0.9261
vn 0.4527 0.3319 0.8276
vn 0.1468 0.1802 0.9726
vn 0.5334 0.0768 0.8424
vn 0.4450 0.1173 0.8878
vn 0.2764 -0.1679 0.9463
vn 0.2372 -0.1020 0.9661
vn 0.4918 -0.3550 0.7951
vn 0.0372 0.2125 0.9764
vn 0.6032 0.3874 0.6972
vn 0.6467 0.2837 0.7080
vn 0.5919 0.3833 0.7091
vn 0.3991 0.4028 0.8237
vn 0.3391 0.1373 0.9307
vn 0.2893 0.3260 0.9000
vn 0.4054 0.2279 0.8853
vn 0.4316 -0.1871 0.8824
vn 0.3855 0.1745 0.9060
vn 0.3176 0.4843 0.8152
vn 0.3110 0.1842 0.9324
vn 0.6661 -0.0930 0.7400
vn 0.1483 -0.1121 0.9826
vn -0.1402 0.1079 0.9842
vn -0.4657 -0.0861 0.8807
vn 0.0265 0.0973 0.9949
vn 0.1542 -0.3021 0.9407
vn 0.3638 0.2890 0.8855
vn 0.2065 0.0381 0.9777
vn 0.5069 -0.1206 0.8535
vn -0.3344 0.1360 0.9326
vn -0.3150 0.2672 0.9107
vn -0.5159 0.0421 0.8556
vn -0.0053 0.1997 0.9799
vn 0.2544 0.1300 0.9583
vn 0.4450 0.1527 0.8824
vn 0.2637 0.3354 0.9044
vn -0.0322 0.6107 0.7912
vn -0.2972 0.6140 0.7312
vn 0.3117 -0.7736 0.5518
vn 0.4226 -0.5552 0.7163
vn 0.4729 -0.5713 0.6708
vn 0.3902 -0.6342 0.6675
vn 0.2395 -0.5228 0.8181
vn 0.3910 -0.4378 0.8096
vn 0.3790 -0.2330 0.8956
vn 0.2385 -0.5616 0.7923
vn 0.3507 -0.3953 0.8489
vn 0.3777 -0.5504 0.7446
vn 0.3507 -0.7389 0.5753
vn 0.5212 -0.4121 0.7474
vn 0.4690 -0.2662 0.8422
vn 0.4619 -0.2970 0.8357
vn 0.3777 -0.5575 0.7393
vn 0.5211 -0.1867 0.8328
vn 0.3262 -0.1386 0.9351
vn 0.3335 -0.3790 0.8632
vn 0.3375 -0.4756 0.8123
vn 0.3955 -0.2917 0.8709
vn 0.4579 -0.2371 0.8568
vn 0.4887 -0.2771 0.8273
vn 0.5568 0.1540 0.8162
vn 0.3089 -0.2170 0.9260
vn 0.4989 -0.0278 0.8662
vn 0.5158 0.0603 0.8546
vn 0.4139 -0.1836 0.8916
vn 0.5324 -0.3255 0.7814
vn 0.4790 -0.3993 0.7817
vn 0.6719 -0.0799 0.7363
vn 0.6301 0.2617 0.7311
vn 0.6465 0.1151 0.7542
vn 0.6391 0.0570 0.7670
vn 0.4189 0.0640 0.9058
vn 0.4424 -0.0241 0.8965
vn 0.2114 -0.1724 0.9621
vn 0.1924 -0.3113 0.9307
vn 0.0745 -0.3321 0.9403
vn 0.3285 0.0677 0.9421
vn 0.3014 -0.0675 0.9511
vn 0.1704 0.1527 0.9735
vn 0.3519 -0.2064 0.9130
vn 0.0326 -0.1549 0.9874
vn 0.2816 0.0887 0.9554
vn -0.2301 -0.0894 0.9691
vn -0.2130 0.1242 0.9691
vn -0.0500 0.1795 0.9825
vn 0.7019 0.6049 0.3761
vn 0.6613 0.6977 0.2755
vn 0.8037 0.4873 0.3416
vn 0.5173 0.6862 0.5114
vn 0.3824 0.8353 0.3951
vn 0.8921 0.1785 0.4151
vn 0.8294 0.3458 0.4387
vn 0.5490 0.5658 0.6152
vn 0.6870 0.6852 0.2421
vn 0.7584 0.4775 0.4436
vn 0.5681 0.6362 0.5220
vn 0.7403 0.4130 0.5305
vn 0.6590 0.6419 0.3920
vn 0.7072 0.5379 0.4588
vn 0.7495 0.5774 0.3237
vn 0.4907 0.7680 0.4116
vn 0.7689 0.2845 0.5725
vn 0.8215 0.3032 0.4828
vn 0.7370 0.4693 0.4864
vn 0.8027 0.3925 0.4490
vn 0.8103 0.3544 0.4668
vn 0.7765 0.3666 0.5125
vn 0.5111 0.6671 0.5420
vn 0.4435 0.6841 0.5791
vn 0.5809 0.6475 0.4933
vn 0.5250 0.5996 0.6041
vn 0.3309 0.6466 0.6873
vn 0.4213 0.5865 0.6917
vn 0.6237 0.5854 0.5179
vn 0.3931 0.4438 0.8053
vn 0.6566 0.5488 0.5174
vn 0.4708 0.6706 0.5733
vn 0.2734 0.8368 0.4744
vn 0.2873 0.6959 0.6582
vn 0.0275 0.8231 0.5672
vn 0.0925 0.7683 0.6334
vn 0.1105 0.3896 0.9143
vn -0.1123 0.4073 0.9064
vn 0.7573 0.3761 0.5339
vn 0.5720 0.3651 0.7346
vn 0.6522 0.4313 0.6234
vn 0.7753 0.1933 0.6013
vn 0.6732 0.1623 0.7214
vn 0.6104 0.2313 0.7576
vn 0.6078 -0.0268 0.7937
vn 0.5767 0.2714 0.7706
vn 0.8917 0.3071 0.3325
vn 0.7315 0.1970 0.6527
vn 0.8220 0.0589 0.5664
vn 0.9117 0.3248 0.2518
vn -0.4088 0.0653 0.9103
vn -0.5051 0.2036 0.8387
vn -0.7878 0.1761 0.5902
vn -0.5776 0.0224 0.8160
vn -0.5230 0.1531 0.8385
vn -0.4300 0.2797 0.8584
vn -0.4663 -0.0236 0.8843
vn -0.5146 0.2883 0.8075
vn -0.6281 0.1637 0.7607
vn -0.4410 0.3656 0.8196
vn -0.5772 0.2153 0.7878
vn -0.3348 0.1189 0.9348
vn -0.6852 0.2165 0.6954
vn -0.6420 0.0551 0.7647
vn -0.4978 0.1005 0.8615
vn -0.6697 0.2330 0.7051
vn -0.4386 0.3737 0.8173
vn -0.5098 0.3795 0.7721
vn -0.8126 0.1745 0.5561
vn -0.4200 0.1311 0.8980
vn -0.3876 -0.3080 0.8689
vn -0.5184 0.1118 0.8478
vn -0.2152 0.0015 0.9766
vn -0.4077 -0.1799 0.8952
vn -0.1897 0.3291 0.9250
vn -0.0870 -0.3606 0.9287
vn -0.3311 0.0011 0.9436
vn -0.0407 -0.1266 0.9911
vn -0.4228 0.2911 0.8582
vn -0.3054 0.4208 0.8542
vn -0.4743 0.3098 0.8241
vn -0.2179 0.3250 0.9203
vn -0.3194 0.2245 0.9206
vn -0.3214 0.6593 0.6797
vn -0.0813 0.3622 0.9285
vn 0.0593 0.0999 0.9932
vn -0.6366 0.3110 0.7057
vn -0.3082 0.2940 0.9048
vn 0.0105 0.7769 0.6296
vn 0.0172 0.6955 0.7183
vn -0.2515 0.4280 0.8681
vn 0.9402 0.2920 0.1756
vn 0.9272 0.3745 -0.0009
vn 0.9360 0.3484 -0.0501
vn 0.9233 -0.2040 0.3253
vn 0.9832 0.1294 0.1286
vn 0.9711 0.2382 0.0134
vn 0.9225 0.1527 0.3545
vn 0.9837 0.1793 0.0115
vn 0.9972 0.0676 -0.0320
vn 0.9733 0.2287 -0.0205
vn 0.9202 0.3529 -0.1693
vn 0.9774 0.0889 0.1917
vn 0.9643 0.0729 0.2546
vn 0.9912 -0.0830 0.1028
vn 0.8928 0.2267 0.3893
vn 0.9152 0.2227 0.3357
vn 0.9658 0.2402 0.0978
vn 0.9972 -0.0287 0.0694
vn 0.9881 0.1179 0.0988
vn 0.9881 0.1099 0.1076
vn 0.9581 0.2642 0.1102
vn 0.9540 0.2943 -0.0575
vn 0.9388 0.3445 0.0083
vn 0.9518 0.2858 0.1110
vn 0.7471 -0.0813 0.6597
vn 0.7405 0.1778 0.6482
vn 0.9231 -0.2380 0.3022
vn 0.8008 -0.2741 0.5326
vn 0.8417 0.0902 0.5323
vn 0.8599 -0.2628 0.4376
vn 0.9815 -0.0027 0.1913
vn 0.8911 0.1625 0.4237
vn 0.6143 -0.4804 0.6260
vn 0.7929 -0.5278 0.3045
vn 0.6832 -0.2521 0.6854
vn 0.7527 -0.5077 0.4192
vn 0.9226 -0.2968 0.2463
vn 0.8789 -0.2655 0.3962
vn 0.9573 -0.2519 0.1419
vn 0.9875 -0.0509 0.1491
vn 0.7917 0.5393 0.2871
vn 0.9921 -0.0108 0.1252
vn 0.8800 0.3241 0.3471
vn 0.8866 -0.2115 0.4112
vn 0.9407 0.2395 0.2403
vn 0.9945 -0.0021 0.1043
vn 0.9558 0.0388 -0.2914
vn 0.9445 0.1818 0.2736
vn 0.9111 0.2982 0.2846
vn 0.9312 -0.1201 0.3442
vn 0.8749 0.4789 -0.0722
vn 0.9694 0.1999 -0.1428
vn 0.9880 0.0621 -0.1416
vn 0.9822 -0.1641 -0.0915
vn 0.9972 -0.0018 -0.0753
vn 0.9532 0.3024 -0.0057
vn 0.8894 0.4516 0.0712
vn 0.9761 0.1981 0.0890
vn 0.9676 -0.0187 0.2518
vn 0.9675 -0.2058 0.1472
vn 0.9470 -0.2527 -0.1981
vn 0.9313 0.1890 0.3114
vn 0.9542 0.2804 0.1039
vn 0.8624 0.5060 -0.0119
vn 0.8936 0.3951 0.2131
vn 0.9765 0.1876 0.1057
vn 0.9409 -0.0969 0.3246
vn 0.9765 0.1714 0.1308
vn 0.9424 0.3345 -0.0035
vn 0.9515 0.0217 0.3069
vn 0.9007 0.3371 0.2741
vn 0.8831 0.4526 0.1232
vn 0.7629 0.6269 0.1578
vn 0.9163 0.3869 -0.1029
vn 0.8840 0.4590 -0.0890
vn 0.9716 0.1321 0.1965
vn 0.8827 0.3261 0.3384
vn 0.6772 0.6295 0.3809
vn 0.9088 0.3239 0.2630
vn 0.8206 0.3656 0.4392
vn 0.7888 0.3295 0.5189
vn 0.8957 0.3941 0.2058
vn 0.9339 0.0180 0.3571
vn 0.9555 -0.0671 0.2874
vn 0.8757 0.1322 0.4645
vn 0.9241 -0.0080 0.3820
vn 0.9285 0.1577 0.3363
vn 0.9292 0.0314 0.3681
vn 0.9233 0.3713 0.0986
vn 0.8568 0.3912 0.3361
vn 0.8764 0.4177 0.2397
vn 0.9083 0.4164 0.0400
vn 0.8914 0.4078 0.1979
vn 0.9925 0.0122 0.1213
vn 0.9714 0.1779 0.1571
vn 0.9888 -0.0484 0.1408
vn 0.9672 0.2521 0.0299
vn 0.9674 0.2471 0.0558
vn 0.9467 0.3205 0.0312
vn 0.9480 0.2442 -0.2043
vn 0.4273 -0.5215 0.7385
vn 0.5186 -0.5458 0.6582
vn 0.4451 -0.4281 0.7865
vn 0.4450 -0.3388 0.8290
vn 0.5742 -0.3434 0.7432
vn 0.4857 -0.4942 0.7210
vn 0.3794 -0.5585 0.7376
vn 0.5509 -0.5349 0.6406
vn 0.6036 -0.2992 0.7390
vn 0.5941 -0.5826 0.5546
vn 0.4690 -0.3488 0.8114
vn 0.4713 -0.4404 0.7642
vn 0.5408 -0.5728 0.6160
vn 0.4350 -0.6861 0.5832
vn 0.4017 -0.6580 0.6369
vn 0.4951 -0.6454 0.5817
vn 0.7786 -0.3698 0.5071
vn 0.6367 -0.5869 0.5002
vn 0.6046 -0.4157 0.6794
vn 0.8206 -0.3926 0.4153
vn 0.8004 -0.3763 0.4667
vn 0.7327 -0.3225 0.5993
vn 0.7474 -0.4386 0.4990
vn 0.8255 -0.5020 0.2581
vn 0.8549 -0.4949 0.1555
vn 0.9009 -0.4244 0.0916
vn 0.9371 -0.3010 0.1770
vn 0.5804 -0.2125 0.7861
vn 0.8268 -0.1902 0.5294
vn 0.6920 -0.3558 0.6281
vn 0.6956 -0.2683 0.6665
vn 0.6930 0.0004 0.7210
vn 0.8460 -0.1797 0.5021
vn 0.8544 -0.1825 0.4865
vn 0.8391 -0.1469 0.5238
vn 0.6087 -0.4941 0.6207
vn 0.8330 -0.0912 -0.5457
vn 0.6517 -0.2374 -0.7203
vn 0.4704 -0.1220 -0.8740
vn 0.8622 0.1829 -0.4724
vn 0.8705 -0.1608 -0.4652
vn 0.8244 -0.2803 -0.4917
vn 0.8602 0.0581 -0.5067
vn 0.8487 -0.2683 -0.4559
vn 0.8466 0.2359 -0.4770
vn 0.9058 0.1767 -0.3850
vn 0.9197 -0.1078 -0.3774
vn 0.9644 0.1236 -0.2339
vn 0.9396 -0.2759 -0.2024
vn 0.8861 -0.2861 -0.3648
vn 0.8602 -0.2145 -0.4626
vn 0.9727 0.1883 0.1360
vn 0.9767 0.1438 -0.1595
vn 0.9268 0.1800 -0.3296
vn 0.9336 0.3550 0.0497
vn 0.8857 0.4321 -0.1697
vn 0.9936 0.0695 -0.0887
vn 0.9622 0.2724 0.0077
vn 0.9565 0.2350 0.1726
vn 0.9323 0.3210 0.1666
vn 0.9386 -0.2932 -0.1821
vn 0.9335 -0.2506 -0.2565
vn 0.9329 -0.2424 -0.2664
vn 0.9508 -0.3097 -0.0040
vn 0.9627 -0.1580 -0.2198
vn 0.9321 -0.3494 -0.0956
vn 0.9540 -0.2394 -0.1807
vn 0.9859 -0.1671 -0.0092
vn 0.9673 -0.2185 -0.1284
vn -0.2235 0.9416 -0.2517
vn -0.1742 0.9756 -0.1337
vn -0.0654 0.9939 -0.0893
vn -0.3188 0.9472 0.0350
vn 0.0593 0.9951 -0.0788
vn -0.1774 0.9566 0.2312
vn -0.1046 0.9546 0.2790
vn 0.0432 0.9972 -0.0604
vn -0.3447 0.9362 -0.0685
vn -0.3927 0.9192 -0.0306
vn -0.3216 0.9230 -0.2111
vn -0.4109 0.8201 -0.3984
vn -0.5304 0.8464 0.0481
vn -0.2523 0.9507 -0.1803
vn -0.0454 0.9939 0.1001
vn -0.2071 0.9772 -0.0469
vn -0.2091 0.9777 -0.0184
vn -0.2759 0.9569 -0.0908
vn -0.1795 0.9765 0.1193
vn 0.0627 0.9486 -0.3103
vn -0.3865 0.9221 -0.0198
vn -0.2407 0.9700 -0.0339
vn -0.2396 0.9702 0.0362
vn -0.1684 0.9857 0.0112
vn -0.6725 0.6917 0.2632
vn -0.3416 0.9372 -0.0706
vn -0.5685 0.8120 0.1324
vn -0.1414 0.9472 0.2876
vn 0.0433 0.9839 0.1736
vn -0.1261 0.9691 -0.2119
vn -0.1818 0.9807 0.0717
vn -0.1627 0.9726 -0.1661
vn -0.7367 0.4396 0.5138
vn -0.5597 0.7425 0.3681
vn -0.6355 0.5168 0.5736
vn -0.0909 0.7795 0.6198
vn -0.1784 0.9073 0.3808
vn -0.4385 0.8469 0.3009
vn -0.4062 0.9015 0.1495
vn -0.3786 0.9246 -0.0432
vn -0.0417 0.9675 -0.2494
vn -0.1484 0.9875 0.0537
vn -0.3106 0.9269 0.2109
vn -0.4712 0.8216 0.3208
vn -0.0706 0.9973 0.0217
vn -0.1975 0.9781 0.0652
vn 0.0098 0.9950 0.0997
vn -0.2080 0.9766 -0.0544
vn -0.0333 0.9987 0.0374
vn 0.1171 0.9920 0.0470
vn -0.5251 0.8510 -0.0082
vn -0.1930 0.9584 -0.2104
vn 0.4437 0.8905 0.1004
vn 0.6088 0.7519 0.2532
vn 0.5316 0.8018 0.2730
vn -0.1107 0.9921 -0.0597
vn 0.0369 0.9926 -0.1158
vn -0.2125 0.9746 -0.0705
vn -0.2501 0.8727 0.4194
vn -0.0212 0.9673 0.2527
vn 0.1713 0.9411 0.2915
vn -0.4022 0.8070 -0.4324
vn -0.6369 0.7709 -0.0129
vn -0.5988 0.7774 -0.1927
vn -0.3515 0.8072 -0.4743
vn -0.3980 0.8500 -0.3452
vn -0.3140 0.8843 -0.3456
vn -0.2990 0.8800 -0.3692
vn -0.4606 0.8009 -0.3827
vn -0.4420 0.8941 -0.0727
vn -0.5126 0.8276 -0.2287
vn -0.4449 0.8119 -0.3779
vn -0.4882 0.8677 0.0936
vn -0.2380 0.9676 0.0840
vn -0.0328 0.9685 -0.2469
vn 0.0316 0.9323 -0.3602
vn -0.5327 0.8065 -0.2566
vn -0.5189 0.8307 -0.2016
vn -0.4870 0.8730 -0.0262
vn -0.6956 0.7129 -0.0892
vn -0.5142 0.7684 -0.3810
vn -0.3554 0.9061 -0.2295
vn -0.6366 0.7484 0.1861
vn -0.1133 0.9872 -0.1119
vn -0.5805 0.8013 0.1451
vn -0.6493 0.7605 -0.0058
vn -0.4076 0.9015 0.1453
vn -0.5521 0.7312 -0.4008
vn -0.0212 0.9632 -0.2680
vn -0.2261 0.9537 -0.1985
vn -0.1763 0.9790 -0.1025
vn -0.0419 0.9338 -0.3553
vn -0.2269 0.9690 -0.0972
vn -0.3333 0.9405 -0.0661
vn -0.1164 0.9932 -0.0036
vn -0.2342 0.9513 -0.2007
vn -0.2529 0.9624 -0.0991
vn -0.2973 0.9475 0.1181
vn -0.1593 0.9872 -0.0052
vn -0.2317 0.9702 -0.0709
vn -0.6732 0.2885 0.6809
vn -0.6231 0.4905 0.6092
vn -0.8305 0.3629 0.4225
vn -0.6240 0.3507 0.6983
vn -0.6751 0.4398 0.5923
vn -0.6238 0.3304 0.7084
vn -0.6850 0.1629 0.7101
vn -0.6485 0.4747 0.5952
vn -0.5914 0.5314 0.6065
vn -0.5494 0.5977 0.5839
vn -0.3895 0.4960 0.7760
vn -0.6352 0.4234 0.6460
vn -0.4202 0.5247 0.7403
vn -0.5686 0.4420 0.6938
vn -0.8085 0.3301 0.4872
vn -0.6902 0.4980 0.5250
vn -0.5826 0.6035 0.5443
vn -0.5402 0.5646 0.6240
vn -0.5032 0.6738 0.5411
vn -0.3010 0.7149 0.6312
vn -0.4364 0.5493 0.7126
vn -0.3642 0.4116 0.8354
vn -0.4569 0.6791 0.5746
vn -0.0174 0.7784 0.6275
vn 0.0431 0.6812 0.7308
vn -0.0066 0.7333 0.6799
vn -0.0720 0.7701 0.6338
vn -0.8205 0.5530 0.1447
vn -0.8365 0.5087 0.2038
vn -0.8112 0.5427 0.2176
vn -0.7575 0.6302 0.1701
vn -0.5478 0.7428 0.3850
vn -0.7962 0.5884 -0.1409
vn -0.6703 0.7381 0.0769
vn -0.6463 0.7609 0.0573
vn -0.5237 0.7544 0.3957
vn 0.4515 0.8495 0.2731
vn 0.5681 0.7134 0.4104
vn 0.4897 0.7562 0.4340
vn 0.4432 0.8776 0.1829
vn 0.5962 0.7727 0.2178
vn 0.7997 0.5585 0.2204
vn 0.5581 0.8278 0.0565
vn 0.4577 0.8760 0.1519
vn 0.5167 0.8144 0.2641
vn 0.2688 0.9453 0.1848
vn 0.2747 0.9365 0.2179
vn 0.3553 0.8964 0.2649
vn 0.3049 0.9426 0.1365
vn 0.2667 0.9449 0.1900
vn 0.4801 0.7734 0.4140
vn 0.5255 0.8392 0.1400
vn 0.5109 0.8458 0.1533
vn 0.2021 0.9276 0.3142
vn -0.0511 0.9934 0.1028
vn 0.1795 0.9592 0.2184
vn 0.5681 0.8142 0.1194
vn -0.1358 0.9763 0.1684
vn 0.0531 0.9986 -0.0040
vn -0.1066 0.9938 0.0330
vn 0.2662 0.8717 0.4115
vn 0.3474 0.8138 0.4658
vn 0.1309 0.8453 0.5180
vn 0.4501 0.8633 0.2282
vn 0.2850 0.8372 0.4668
vn 0.1770 0.7862 0.5921
vn 0.4466 0.7543 0.4812
vn 0.1789 0.8166 0.5487
vn 0.1581 0.8013 0.5770
vn 0.2463 0.0641 -0.9671
vn 0.4950 -0.1326 -0.8587
vn 0.3973 0.0655 -0.9154
vn -0.1917 -0.3063 -0.9324
vn 0.0108 -0.1569 -0.9875
vn 0.4195 -0.1776 -0.8902
vn -0.2001 -0.3519 -0.9144
vn 0.2176 -0.4047 -0.8882
vn 0.1953 0.2158 -0.9567
vn -0.0435 -0.2211 -0.9743
vn 0.1059 0.0948 -0.9898
vn -0.2360 -0.5997 -0.7647
vn 0.1309 -0.2078 -0.9694
vn -0.3130 -0.5719 -0.7583
vn -0.2363 -0.3851 -0.8921
vn 0.1615 -0.3430 -0.9253
vn 0.0664 -0.6028 -0.7951
vn -0.0856 -0.4137 -0.9064
vn -0.2577 -0.6403 -0.7236
vn 0.1563 -0.2955 -0.9425
vn 0.3208 0.0548 -0.9456
vn 0.3368 0.1373 -0.9315
vn 0.2831 -0.1892 -0.9402
vn 0.2846 -0.3091 -0.9075
vn -0.4518 -0.5626 -0.6924
vn -0.2534 -0.5227 -0.8140
vn -0.1779 -0.6764 -0.7147
vn -0.6090 -0.3642 -0.7046
vn -0.2198 -0.2822 -0.9338
vn 0.1170 -0.4054 -0.9066
vn -0.0169 -0.6502 -0.7595
vn 0.1036 -0.0893 -0.9906
vn -0.4411 -0.6257 -0.6434
vn -0.3191 -0.7102 -0.6276
vn -0.4164 -0.5215 -0.7447
vn -0.3463 -0.3839 -0.8560
vn -0.5650 -0.4252 -0.7071
vn -0.4445 -0.3269 -0.8340
vn -0.5859 -0.3733 -0.7193
vn -0.2224 -0.5289 -0.8190
vn 0.0170 -0.5386 -0.8424
vn -0.3739 -0.4122 -0.8308
vn -0.2685 -0.6355 -0.7239
vn 0.0149 -0.7278 -0.6856
vn 0.1203 0.4408 -0.8895
vn -0.3345 0.3027 -0.8924
vn -0.0369 0.2891 -0.9566
vn 0.2553 0.2611 -0.9309
vn -0.0825 0.1310 -0.9879
vn -0.5882 -0.0137 -0.8086
vn 0.1583 0.0503 -0.9861
vn -0.2696 -0.2318 -0.9347
vn 0.0448 0.1181 -0.9920
vn -0.1681 0.1038 -0.9803
vn -0.0724 -0.0026 -0.9974
vn 0.1684 0.3052 -0.9373
vn 0.2340 0.4609 -0.8561
vn -0.0911 -0.6237 -0.7763
vn -0.4600 -0.1997 -0.8652
vn -0.5105 -0.0683 -0.8571
vn -0.3918 -0.0068 -0.9200
vn 0.6073 -0.0500 -0.7929
vn 0.6299 -0.1296 -0.7658
vn 0.3849 -0.2366 -0.8921
vn 0.3984 -0.1593 -0.9033
vn 0.4448 -0.2109 -0.8704
vn 0.2742 0.0720 -0.9590
vn 0.4067 -0.2412 -0.8812
vn 0.3958 0.0456 -0.9172
vn 0.4405 -0.1638 -0.8827
vn 0.3805 -0.3304 -0.8637
vn 0.4158 0.0067 -0.9094
vn 0.2812 -0.0890 -0.9555
vn 0.2069 0.1408 -0.9682
vn 0.2524 0.0940 -0.9630
vn 0.4144 0.0159 -0.9100
vn -0.2122 -0.2592 -0.9422
vn 0.0836 -0.4194 -0.9039
vn 0.2033 -0.1814 -0.9622
vn -0.4375 -0.2980 -0.8484
vn -0.1533 -0.6557 -0.7393
vn 0.1313 -0.3063 -0.9428
vn -0.1488 -0.7943 -0.5890
vn 0.1285 -0.6758 -0.7258
vn -0.1030 -0.4731 -0.8749
vn 0.2288 -0.6940 -0.6826
vn -0.1452 -0.8274 -0.5425
vn 0.0501 -0.6187 -0.7840
vn 0.2579 0.0664 -0.9639
vn 0.0429 0.1044 -0.9936
vn 0.1236 -0.1310 -0.9836
vn 0.4014 -0.0118 -0.9158
vn 0.5594 0.2039 -0.8034
vn 0.6805 0.2069 -0.7029
vn 0.5803 0.0595 -0.8123
vn 0.2562 -0.1182 -0.9594
vn 0.3714 -0.1069 -0.9223
vn 0.0850 -0.0021 -0.9964
vn 0.3703 0.0741 -0.9260
vn 0.4333 -0.1592 -0.8871
vn -0.3981 -0.8095 -0.4316
vn -0.4461 -0.8244 -0.3484
vn -0.4146 -0.8113 -0.4122
vn -0.3499 -0.9002 -0.2592
vn -0.2942 -0.8153 -0.4986
vn -0.3022 -0.8708 -0.3878
vn -0.2457 -0.8673 -0.4329
vn -0.3431 -0.7670 -0.5422
vn -0.5508 -0.6855 -0.4761
vn -0.7625 -0.3839 -0.5207
vn -0.4207 -0.5841 -0.6941
vn -0.3752 -0.6353 -0.6749
vn -0.3146 -0.8061 -0.5012
vn -0.3052 -0.8500 -0.4294
vn -0.2784 -0.8836 -0.3765
vn -0.5967 -0.5820 -0.5524
vn -0.4822 -0.3577 -0.7997
vn -0.5895 -0.4896 -0.6425
vn -0.5999 -0.3085 -0.7382
vn -0.5263 -0.1960 -0.8274
vn -0.3157 -0.3370 -0.8870
vn -0.3031 -0.5418 -0.7840
vn -0.2963 -0.3422 -0.8917
vn -0.6083 0.0829 -0.7893
vn -0.5385 0.1934 -0.8201
vn -0.5993 0.2552 -0.7587
vn -0.3416 -0.0588 -0.9380
vn -0.6261 -0.6706 -0.3978
vn -0.6625 -0.5997 -0.4489
vn -0.4388 -0.8167 -0.3747
vn -0.3282 -0.8457 -0.4209
vn -0.3128 -0.6339 -0.7074
vn -0.1424 -0.6602 -0.7375
vn 0.1105 -0.8328 -0.5425
vn -0.4344 -0.3704 -0.8210
vn -0.2218 -0.8399 -0.4953
vn -0.3491 0.2812 -0.8939
vn -0.3610 0.4160 -0.8346
vn -0.4475 0.1897 -0.8739
vn -0.4064 0.3938 -0.8245
vn -0.2748 0.3669 -0.8888
vn -0.3454 0.2906 -0.8923
vn -0.4361 0.2819 -0.8546
vn -0.3224 0.2223 -0.9201
vn -0.2246 0.3424 -0.9123
vn -0.3722 0.1643 -0.9135
vn -0.4187 0.3013 -0.8567
vn -0.3063 -0.0648 -0.9497
vn -0.2816 0.2864 -0.9158
vn -0.2485 0.3456 -0.9049
vn -0.2315 0.3189 -0.9191
vn 0.0585 -0.3904 -0.9188
vn -0.0632 -0.2426 -0.9681
vn 0.0520 0.0127 -0.9986
vn 0.1003 0.0714 -0.9924
vn 0.0135 -0.2132 -0.9769
vn -0.0167 -0.1494 -0.9886
vn -0.0898 0.2024 -0.9752
vn 0.2078 0.1256 -0.9701
vn -0.0902 0.1877 -0.9781
vn -0.3731 0.2514 -0.8931
vn -0.5261 -0.1787 -0.8314
vn -0.2923 0.1451 -0.9453
vn -0.2868 0.0099 -0.9579
vn -0.5153 -0.1564 -0.8426
vn -0.6225 -0.2107 -0.7537
vn -0.4444 -0.1169 -0.8882
vn -0.6549 -0.1006 -0.7490
vn -0.4964 0.0494 -0.8667
usemtl Material.005
s 1
f 1/1/1 2/2/2 3/3/3
f 4/4/4 5/5/5 1/1/1
f 5/5/5 6/6/6 2/2/2
f 7/7/7 8/8/8 5/5/5
f 9/9/9 10/10/10 11/11/11
f 12/12/12 3/3/3 9/9/9
f 13/13/13 1/1/1 12/12/12
f 13/13/13 14/14/14 4/4/4
f 14/14/14 7/7/7 4/4/4
f 7/7/7 15/15/15 16/16/16
f 16/16/16 17/17/17 18/18/18
f 16/16/16 19/19/19 8/8/8
f 8/8/8 20/20/20 6/6/6
f 6/6/6 21/21/21 22/22/22
f 2/2/2 22/22/22 23/23/23
f 3/3/3 23/23/23 10/10/10
f 24/24/24 25/25/25 26/26/26
f 27/27/27 28/28/28 24/24/24
f 28/28/28 29/29/29 25/25/25
f 30/30/30 31/31/31 28/28/28
f 32/32/32 26/26/26 33/33/33
f 34/34/34 26/26/26 35/35/35
f 34/34/34 27/27/27 24/24/24
f 36/36/36 27/27/27 37/37/37
f 38/38/38 30/30/30 27/27/27
f 39/39/39 40/40/40 30/30/30
f 40/40/40 17/17/17 15/15/15
f 31/31/31 15/15/15 41/41/41
f 31/31/31 14/14/14 29/29/29
f 29/29/29 42/42/42 43/43/43
f 25/25/25 43/43/43 44/44/44
f 26/26/26 44/44/44 33/33/33
f 45/45/45 46/46/46 47/47/47
f 48/48/48 49/49/49 46/46/46
f 47/47/47 50/50/50 51/51/51
f 46/46/46 52/52/52 50/50/50
f 53/53/53 45/45/45 54/54/54
f 55/55/55 48/48/48 45/45/45
f 56/56/56 57/57/57 48/48/48
f 58/58/58 20/20/20 57/57/57
f 57/57/57 19/19/19 49/49/49
f 49/49/49 18/18/18 52/52/52
f 52/52/52 17/17/17 59/59/59
f 50/50/50 59/59/59 39/39/39
f 51/51/51 39/39/39 38/38/38
f 60/60/60 38/38/38 36/36/36
f 61/61/61 51/51/51 60/60/60
f 54/54/54 47/47/47 61/61/61
f 62/62/62 63/63/63 64/64/64
f 65/65/65 66/66/66 62/62/62
f 66/66/66 67/67/67 63/63/63
f 68/68/68 69/69/69 66/66/66
f 70/70/70 71/71/71 72/72/72
f 70/70/70 62/62/62 64/64/64
f 73/73/73 62/62/62 74/74/74
f 73/73/73 75/75/75 65/65/65
f 75/75/75 68/68/68 65/65/65
f 76/76/76 77/77/77 68/68/68
f 78/78/78 79/79/79 77/77/77
f 77/77/77 80/80/80 69/69/69
f 69/69/69 81/81/81 67/67/67
f 67/67/67 82/82/82 83/83/83
f 63/63/63 83/83/83 84/84/84
f 64/64/64 84/84/84 71/71/71
f 85/85/85 86/86/86 87/87/87
f 85/85/85 88/88/88 89/89/89
f 86/86/86 90/90/90 91/91/91
f 88/88/88 90/90/90 89/89/89
f 92/92/92 87/87/87 75/75/75
f 93/93/93 85/85/85 87/87/87
f 94/94/94 85/85/85 95/95/95
f 94/94/94 96/96/96 97/97/97
f 97/97/97 98/98/98 88/88/88
f 98/98/98 99/99/99 88/88/88
f 99/99/99 42/42/42 13/13/13
f 90/90/90 13/13/13 12/12/12
f 91/91/91 12/12/12 9/9/9
f 91/91/91 11/11/11 78/78/78
f 76/76/76 91/91/91 78/78/78
f 87/87/87 76/76/76 75/75/75
f 100/100/100 101/101/101 102/102/102
f 103/103/103 104/104/104 100/100/100
f 104/104/104 105/105/105 101/101/101
f 104/104/104 106/106/106 107/107/107
f 82/82/82 102/102/102 108/108/108
f 80/80/80 102/102/102 81/81/81
f 79/79/79 100/100/100 80/80/80
f 11/11/11 103/103/103 79/79/79
f 10/10/10 109/109/109 103/103/103
f 23/23/23 106/106/106 109/109/109
f 22/22/22 110/110/110 106/106/106
f 106/106/106 111/111/111 107/107/107
f 107/107/107 112/112/112 105/105/105
f 105/105/105 113/113/113 114/114/114
f 115/115/115 105/105/105 114/114/114
f 102/102/102 115/115/115 108/108/108
f 116/116/116 117/117/117 118/118/118
f 119/119/119 120/120/120 116/116/116
f 120/120/120 121/121/121 117/117/117
f 122/122/122 123/123/123 120/120/120
f 124/124/124 125/125/125 126/126/126
f 127/127/127 118/118/118 124/124/124
f 128/128/128 116/116/116 127/127/127
f 129/129/129 119/119/119 128/128/128
f 130/130/130 122/122/122 119/119/119
f 122/122/122 131/131/131 132/132/132
f 131/131/131 133/133/133 132/132/132
f 123/123/123 133/133/133 134/134/134
f 123/123/123 135/135/135 121/121/121
f 121/121/121 136/136/136 137/137/137
f 138/138/138 121/121/121 137/137/137
f 125/125/125 117/117/117 138/138/138
f 139/139/139 140/140/140 141/141/141
f 142/142/142 143/143/143 139/139/139
f 140/140/140 144/144/144 145/145/145
f 146/146/146 144/144/144 143/143/143
f 147/147/147 130/130/130 129/129/129
f 148/148/148 141/141/141 147/147/147
f 148/148/148 142/142/142 139/139/139
f 149/149/149 150/150/150 142/142/142
f 150/150/150 146/146/146 142/142/142
f 151/151/151 152/152/152 146/146/146
f 153/153/153 37/37/37 152/152/152
f 152/152/152 34/34/34 144/144/144
f 145/145/145 34/34/34 35/35/35
f 145/145/145 32/32/32 131/131/131
f 140/140/140 131/131/131 154/154/154
f 141/141/141 154/154/154 130/130/130
f 155/155/155 156/156/156 157/157/157
f 158/158/158 159/159/159 155/155/155
f 156/156/156 160/160/160 161/161/161
f 162/162/162 160/160/160 159/159/159
f 135/135/135 163/163/163 136/136/136
f 134/134/134 157/157/157 135/135/135
f 133/133/133 155/155/155 134/134/134
f 32/32/32 158/158/158 133/133/133
f 33/33/33 162/162/162 158/158/158
f 44/44/44 164/164/164 162/162/162
f 43/43/43 165/165/165 164/164/164
f 164/164/164 98/98/98 160/160/160
f 160/160/160 96/96/96 161/161/161
f 161/161/161 166/166/166 167/167/167
f 168/168/168 161/161/161 167/167/167
f 163/163/163 156/156/156 168/168/168
f 169/169/169 170/170/170 171/171/171
f 172/172/172 173/173/173 170/170/170
f 171/171/171 174/174/174 175/175/175
f 170/170/170 176/176/176 174/174/174
f 177/177/177 178/178/178 179/179/179
f 177/177/177 172/172/172 169/169/169
f 180/180/180 181/181/181 172/172/172
f 182/182/182 183/183/183 181/181/181
f 181/181/181 184/184/184 173/173/173
f 173/173/173 185/185/185 176/176/176
f 176/176/176 53/53/53 186/186/186
f 174/174/174 186/186/186 187/187/187
f 175/175/175 187/187/187 188/188/188
f 189/189/189 188/188/188 190/190/190
f 171/171/171 189/189/189 191/191/191
f 178/178/178 171/171/171 191/191/191
f 192/192/192 193/193/193 194/194/194
f 195/195/195 196/196/196 193/193/193
f 194/194/194 197/197/197 198/198/198
f 193/193/193 199/199/199 197/197/197
f 200/200/200 192/192/192 183/183/183
f 201/201/201 195/195/195 192/192/192
f 202/202/202 203/203/203 195/195/195
f 204/204/204 112/112/112 203/203/203
f 203/203/203 111/111/111 196/196/196
f 196/196/196 110/110/110 199/199/199
f 199/199/199 21/21/21 58/58/58
f 197/197/197 58/58/58 56/56/56
f 198/198/198 56/56/56 55/55/55
f 185/185/185 55/55/55 53/53/53
f 184/184/184 198/198/198 185/185/185
f 183/183/183 194/194/194 184/184/184
f 205/205/205 206/206/206 207/207/207
f 208/208/208 209/209/209 206/206/206
f 206/206/206 210/210/210 207/207/207
f 206/206/206 211/211/211 212/212/212
f 190/190/190 205/205/205 213/213/213
f 188/188/188 208/208/208 205/205/205
f 187/187/187 214/214/214 208/208/208
f 186/186/186 54/54/54 214/214/214
f 214/214/214 61/61/61 209/209/209
f 209/209/209 60/60/60 211/211/211
f 211/211/211 36/36/36 153/153/153
f 212/212/212 153/153/153 151/151/151
f 210/210/210 151/151/151 150/150/150
f 210/210/210 215/215/215 216/216/216
f 217/217/217 210/210/210 216/216/216
f 213/213/213 207/207/207 217/217/217
f 218/218/218 219/219/219 220/220/220
f 221/221/221 222/222/222 218/218/218
f 222/222/222 223/223/223 219/219/219
f 224/224/224 225/225/225 222/222/222
f 226/226/226 227/227/227 228/228/228
f 229/229/229 220/220/220 226/226/226
f 230/230/230 218/218/218 229/229/229
f 231/231/231 221/221/221 230/230/230
f 221/221/221 232/232/232 224/224/224
f 232/232/232 233/233/233 224/224/224
f 233/233/233 234/234/234 235/235/235
f 233/233/233 236/236/236 225/225/225
f 225/225/225 237/237/237 223/223/223
f 223/223/223 238/238/238 239/239/239
f 219/219/219 239/239/239 240/240/240
f 220/220/220 240/240/240 227/227/227
f 241/241/241 242/242/242 243/243/243
f 244/244/244 245/245/245 241/241/241
f 245/245/245 246/246/246 242/242/242
f 247/247/247 248/248/248 245/245/245
f 249/249/249 250/250/250 251/251/251
f 252/252/252 243/243/243 249/249/249
f 253/253/253 241/241/241 252/252/252
f 254/254/254 244/244/244 253/253/253
f 255/255/255 247/247/247 244/244/244
f 247/247/247 256/256/256 257/257/257
f 256/256/256 258/258/258 257/257/257
f 248/248/248 258/258/258 232/232/232
f 246/246/246 232/232/232 259/259/259
f 260/260/260 259/259/259 231/231/231
f 242/242/242 260/260/260 261/261/261
f 243/243/243 261/261/261 250/250/250
f 262/262/262 263/263/263 264/264/264
f 265/265/265 266/266/266 263/263/263
f 264/264/264 267/267/267 268/268/268
f 263/263/263 269/269/269 267/267/267
f 270/270/270 262/262/262 271/271/271
f 272/272/272 265/265/265 262/262/262
f 273/273/273 274/274/274 265/265/265
f 275/275/275 237/237/237 274/274/274
f 274/274/274 236/236/236 266/266/266
f 266/266/266 235/235/235 269/269/269
f 269/269/269 234/234/234 256/256/256
f 267/267/267 256/256/256 276/276/276
f 268/268/268 276/276/276 255/255/255
f 277/277/277 255/255/255 254/254/254
f 278/278/278 268/268/268 277/277/277
f 271/271/271 264/264/264 278/278/278
f 279/279/279 280/280/280 281/281/281
f 282/282/282 283/283/283 279/279/279
f 283/283/283 284/284/284 280/280/280
f 285/285/285 286/286/286 283/283/283
f 287/287/287 124/288/124 126/289/126
f 288/290/288 281/281/281 287/287/287
f 289/291/289 279/279/279 288/290/288
f 289/291/289 290/292/290 282/282/282
f 290/292/290 285/285/285 282/282/282
f 291/293/291 292/294/292 285/285/285
f 293/295/293 294/296/294 292/294/292
f 292/294/292 295/297/295 286/286/286
f 286/286/286 296/298/296 284/284/284
f 128/299/128 296/298/296 129/300/129
f 280/280/280 128/299/128 127/301/127
f 281/281/281 127/301/127 124/288/124
f 297/302/297 298/303/298 299/304/299
f 300/305/300 301/306/301 297/302/297
f 301/306/301 302/307/302 298/303/298
f 303/308/303 304/309/304 301/306/301
f 305/310/305 290/292/290 306/311/306
f 307/312/307 299/304/299 305/310/305
f 308/313/308 297/302/297 307/312/307
f 309/314/309 300/305/300 308/313/308
f 310/315/310 303/308/303 300/305/300
f 311/316/311 312/317/312 303/308/303
f 313/318/313 230/230/230 312/317/312
f 304/309/304 230/230/230 229/229/229
f 304/309/304 226/226/226 302/307/302
f 302/307/302 228/228/228 293/295/293
f 298/303/298 293/295/293 291/293/291
f 299/304/299 291/293/291 290/292/290
f 314/319/314 315/320/315 316/321/316
f 317/322/317 318/323/318 314/319/314
f 315/320/315 319/324/319 320/325/320
f 321/326/321 319/324/319 318/323/318
f 129/300/129 316/321/316 147/327/147
f 295/297/295 316/321/316 296/298/296
f 294/296/294 314/319/314 295/297/295
f 228/228/228 317/322/317 294/296/294
f 227/227/227 321/326/321 317/322/317
f 240/240/240 322/328/322 321/326/321
f 239/239/239 323/329/323 322/328/322
f 322/328/322 324/330/324 319/324/319
f 319/324/319 325/331/325 320/325/320
f 320/325/320 215/332/215 149/333/149
f 315/320/315 149/333/149 148/334/148
f 316/321/316 148/334/148 147/327/147
f 326/335/326 327/336/327 328/337/328
f 329/338/329 330/339/330 326/335/326
f 330/339/330 331/340/331 327/336/327
f 332/341/332 333/342/333 330/339/330
f 334/343/334 335/344/335 336/345/336
f 337/346/337 328/337/328 334/343/334
f 338/347/338 326/335/326 337/346/337
f 339/348/339 329/338/329 338/347/338
f 340/349/340 332/341/332 329/338/329
f 341/350/341 342/351/342 332/341/332
f 343/352/343 344/353/344 342/351/342
f 342/351/342 345/354/345 333/342/333
f 333/342/333 346/355/346 331/340/331
f 347/356/347 346/355/346 348/357/348
f 349/358/349 331/340/331 347/356/347
f 328/337/328 349/358/349 335/344/335
f 350/359/350 351/360/351 352/361/352
f 353/362/353 354/363/354 350/359/350
f 354/363/354 355/364/355 351/360/351
f 356/365/356 357/366/357 354/363/354
f 358/367/358 340/349/340 339/348/339
f 359/368/359 352/361/352 358/367/358
f 360/369/360 350/359/350 359/368/359
f 361/370/361 353/362/353 360/369/360
f 362/371/362 356/365/356 353/362/353
f 363/372/363 364/373/364 356/365/356
f 365/374/365 253/253/253 364/373/364
f 364/373/364 252/252/252 357/366/357
f 357/366/357 249/249/249 355/364/355
f 355/364/355 251/251/251 343/352/343
f 351/360/351 343/352/343 341/350/341
f 352/361/352 341/350/341 340/349/340
f 366/375/366 367/376/367 368/377/368
f 369/378/369 370/379/370 366/375/366
f 370/379/370 371/380/371 367/376/367
f 372/381/372 373/382/373 370/379/370
f 346/355/346 374/383/374 348/357/348
f 345/354/345 368/377/368 346/355/346
f 344/353/344 366/375/366 345/354/345
f 251/251/251 369/378/369 344/353/344
f 250/250/250 372/381/372 369/378/369
f 261/261/261 375/384/375 372/381/372
f 375/384/375 231/231/231 313/318/313
f 373/382/373 313/318/313 311/316/311
f 371/380/371 311/316/311 310/315/310
f 376/385/376 310/315/310 309/314/309
f 377/386/377 371/380/371 376/385/376
f 368/377/368 377/386/377 374/383/374
f 378/387/378 379/388/379 380/389/380
f 381/390/381 382/391/382 379/388/379
f 380/389/380 383/392/383 384/393/384
f 379/388/379 385/394/385 383/392/383
f 179/395/179 378/387/378 386/396/386
f 178/397/178 381/390/381 378/387/378
f 191/398/191 387/399/387 381/390/381
f 189/400/189 388/401/388 387/399/387
f 387/399/387 389/402/389 382/391/382
f 382/391/382 390/403/390 385/394/385
f 385/394/385 270/270/270 391/404/391
f 383/392/383 391/404/391 392/405/392
f 384/393/384 392/405/392 393/406/393
f 394/407/394 393/406/393 395/408/395
f 380/389/380 394/407/394 396/409/396
f 386/396/386 380/389/380 396/409/396
f 397/410/397 398/411/398 399/412/399
f 400/413/400 401/414/401 398/411/398
f 399/412/399 402/415/402 403/416/403
f 398/411/398 404/417/404 402/415/402
f 213/418/213 388/401/388 190/419/190
f 213/418/213 400/413/400 397/410/397
f 217/420/217 405/421/405 400/413/400
f 216/422/216 325/331/325 405/421/405
f 405/421/405 324/330/324 401/414/401
f 401/414/401 323/329/323 404/417/404
f 323/329/323 275/275/275 404/417/404
f 402/415/402 275/275/275 273/273/273
f 403/416/403 273/273/273 272/272/272
f 390/403/390 272/272/272 270/270/270
f 399/412/399 390/403/390 389/402/389
f 388/401/388 399/412/399 389/402/389
f 406/423/406 407/424/407 408/425/408
f 409/426/409 410/427/410 407/424/407
f 408/425/408 411/428/411 412/429/412
f 407/424/407 413/430/413 411/428/411
f 393/406/393 414/431/414 395/408/395
f 393/406/393 409/426/409 406/423/406
f 392/405/392 415/432/415 409/426/409
f 391/404/391 271/271/271 415/432/415
f 415/432/415 278/278/278 410/427/410
f 410/427/410 277/277/277 413/430/413
f 413/430/413 254/254/254 365/374/365
f 411/428/411 365/374/365 363/372/363
f 412/429/412 363/372/363 362/371/362
f 412/429/412 361/370/361 416/433/416
f 417/434/417 412/429/412 416/433/416
f 414/431/414 408/425/408 417/434/417
f 418/435/418 419/436/419 420/437/420
f 421/438/421 422/439/422 418/435/418
f 422/439/422 423/440/423 419/436/419
f 424/441/424 425/442/425 422/439/422
f 426/443/426 427/444/427 428/445/428
f 429/446/429 420/437/420 426/443/426
f 429/446/429 421/438/421 418/435/418
f 430/447/430 431/448/431 421/438/421
f 431/448/431 424/441/424 421/438/421
f 432/449/432 433/450/433 424/441/424
f 434/451/434 435/452/435 433/450/433
f 433/450/433 436/453/436 425/442/425
f 425/442/425 437/454/437 423/440/423
f 423/440/423 438/455/438 439/456/439
f 419/436/419 439/456/439 440/457/440
f 420/437/420 440/457/440 427/444/427
f 441/458/441 442/459/442 443/460/443
f 444/461/444 445/462/445 441/458/441
f 445/462/445 446/463/446 442/459/442
f 447/464/447 448/465/448 445/462/445
f 449/466/449 450/467/450 451/468/451
f 452/469/452 443/460/443 449/466/449
f 453/470/453 441/458/441 452/469/452
f 454/471/454 444/461/444 453/470/453
f 455/472/455 447/464/447 444/461/444
f 456/473/456 457/474/457 447/464/447
f 458/475/458 434/451/434 457/474/457
f 448/465/448 434/451/434 432/449/432
f 446/463/446 432/449/432 431/448/431
f 459/476/459 431/448/431 460/477/460
f 442/459/442 459/476/459 461/478/461
f 450/467/450 442/459/442 461/478/461
f 462/479/462 463/480/463 464/481/464
f 465/482/465 466/483/466 463/480/463
f 464/481/464 467/484/467 468/485/468
f 463/480/463 469/486/469 467/484/467
f 470/487/470 462/479/462 471/488/471
f 472/489/472 465/482/465 462/479/462
f 473/490/473 474/491/474 465/482/465
f 475/492/475 437/454/437 474/491/474
f 474/491/474 436/453/436 466/483/466
f 466/483/466 435/452/435 469/486/469
f 469/486/469 476/493/476 458/475/458
f 467/484/467 458/475/458 456/473/456
f 468/485/468 456/473/456 455/472/455
f 477/494/477 455/472/455 454/471/454
f 478/495/478 468/485/468 477/494/477
f 471/488/471 464/481/464 478/495/478
f 479/496/479 480/497/480 481/498/481
f 482/499/482 483/500/483 479/496/479
f 483/500/483 484/501/484 480/497/480
f 485/502/485 486/503/486 483/500/483
f 487/504/487 334/505/334 336/506/336
f 488/507/488 481/498/481 487/504/487
f 488/507/488 482/499/482 479/496/479
f 489/508/489 490/509/490 482/499/482
f 490/509/490 485/502/485 482/499/482
f 491/510/491 492/511/492 485/502/485
f 493/512/493 494/513/494 492/511/492
f 492/511/492 495/514/495 486/503/486
f 486/503/486 496/515/496 484/501/484
f 484/501/484 339/516/339 338/517/338
f 480/497/480 338/517/338 337/518/337
f 481/498/481 337/518/337 334/505/334
f 497/519/497 498/520/498 499/521/499
f 500/522/500 501/523/501 497/519/497
f 498/520/498 502/524/502 503/525/503
f 504/526/504 502/524/502 501/523/501
f 505/527/505 499/521/499 490/509/490
f 506/528/506 497/519/497 499/521/499
f 507/529/507 497/519/497 508/530/508
f 509/531/509 500/522/500 507/529/507
f 510/532/510 504/526/504 500/522/500
f 511/533/511 512/534/512 504/526/504
f 512/534/512 460/477/460 430/447/430
f 512/534/512 429/446/429 502/524/502
f 502/524/502 426/443/426 503/525/503
f 503/525/503 428/445/428 493/512/493
f 498/520/498 493/512/493 491/510/491
f 499/521/499 491/510/491 490/509/490
f 513/535/513 514/536/514 515/537/515
f 516/538/516 517/539/517 513/535/513
f 517/539/517 518/540/518 514/536/514
f 519/541/519 520/542/520 517/539/517
f 496/515/496 358/543/358 339/516/339
f 495/514/495 515/537/515 496/515/496
f 494/513/494 513/535/513 495/514/495
f 428/445/428 516/538/516 494/513/494
f 427/444/427 519/541/519 516/538/516
f 440/457/440 521/544/521 519/541/519
f 439/456/439 522/545/522 521/544/521
f 521/544/521 523/546/523 520/542/520
f 520/542/520 524/547/524 518/540/518
f 518/540/518 361/548/361 360/549/360
f 359/550/359 518/540/518 360/549/360
f 515/537/515 359/550/359 358/543/358
f 525/551/525 526/552/526 527/553/527
f 528/554/528 529/555/529 525/551/525
f 526/552/526 530/556/530 531/557/531
f 532/558/532 530/556/530 529/555/529
f 71/559/71 533/560/533 72/561/72
f 84/562/84 527/553/527 71/559/71
f 83/563/83 525/551/525 84/562/84
f 82/564/82 528/554/528 83/563/83
f 534/565/534 532/558/532 528/554/528
f 532/558/532 535/566/535 536/567/536
f 535/566/535 537/568/537 536/567/536
f 536/567/536 538/569/538 530/556/530
f 530/556/530 539/570/539 531/557/531
f 531/557/531 540/571/540 541/572/541
f 542/573/542 531/557/531 541/572/541
f 533/560/533 526/552/526 542/573/542
f 543/574/543 544/575/544 545/576/545
f 546/577/546 547/578/547 543/574/543
f 547/578/547 548/579/548 544/575/544
f 549/580/549 550/581/550 547/578/547
f 108/582/108 534/565/534 82/564/82
f 115/583/115 545/576/545 108/582/108
f 114/584/114 543/574/543 115/583/115
f 113/585/113 546/577/546 114/584/114
f 551/586/551 549/580/549 546/577/546
f 549/580/549 552/587/552 553/588/553
f 552/587/552 453/470/453 553/588/553
f 553/588/553 452/469/452 550/581/550
f 550/581/550 449/466/449 548/579/548
f 548/579/548 451/468/451 535/566/535
f 544/575/544 535/566/535 554/589/554
f 534/565/534 544/575/544 554/589/554
f 555/590/555 556/591/556 557/592/557
f 558/593/558 556/591/556 559/594/559
f 557/592/557 560/595/560 561/596/561
f 556/591/556 562/597/562 560/595/560
f 540/571/540 555/590/555 563/598/563
f 538/569/538 555/590/555 539/570/539
f 538/569/538 558/593/558 559/594/559
f 451/468/451 558/593/558 537/568/537
f 450/467/450 564/599/564 558/593/558
f 564/599/564 459/476/459 562/597/562
f 562/597/562 460/477/460 565/600/565
f 560/595/560 565/600/565 511/533/511
f 561/596/561 511/533/511 510/532/510
f 561/596/561 509/531/509 566/601/566
f 567/602/567 561/596/561 566/601/566
f 563/598/563 557/592/557 567/602/567
f 568/603/568 569/604/569 570/605/570
f 571/606/571 572/607/572 569/604/569
f 570/605/570 573/608/573 574/609/574
f 569/604/569 575/610/575 573/608/573
f 386/611/386 177/612/177 179/613/179
f 396/614/396 568/603/568 386/611/386
f 396/614/396 576/615/576 571/606/571
f 395/616/395 576/615/576 394/617/394
f 576/615/576 577/618/577 572/607/572
f 572/607/572 578/619/578 575/610/575
f 575/610/575 470/487/470 579/620/579
f 573/608/573 579/620/579 580/621/580
f 574/609/574 580/621/580 581/622/581
f 574/609/574 200/623/200 182/624/182
f 180/625/180 574/609/574 182/624/182
f 177/612/177 570/605/570 180/625/180
f 582/626/582 583/627/583 584/628/584
f 585/629/585 586/630/586 583/627/583
f 584/628/584 587/631/587 588/632/588
f 583/627/583 589/633/589 587/631/587
f 395/616/395 582/626/582 590/634/590
f 414/635/414 585/629/585 582/626/582
f 417/636/417 591/637/591 585/629/585
f 361/548/361 591/637/591 416/638/416
f 591/637/591 523/546/523 586/630/586
f 586/630/586 522/545/522 589/633/589
f 589/633/589 438/455/438 475/492/475
f 587/631/587 475/492/475 473/490/473
f 588/632/588 473/490/473 472/489/472
f 578/619/578 472/489/472 470/487/470
f 577/618/577 588/632/588 578/619/578
f 590/634/590 584/628/584 577/618/577
f 592/639/592 593/640/593 594/641/594
f 595/642/595 596/643/596 593/640/593
f 593/640/593 597/644/597 594/641/594
f 593/640/593 598/645/598 599/646/599
f 200/623/200 592/639/592 201/647/201
f 581/622/581 595/642/595 592/639/592
f 580/621/580 600/648/600 595/642/595
f 579/620/579 471/488/471 600/648/600
f 600/648/600 478/495/478 596/643/596
f 596/643/596 477/494/477 598/645/598
f 598/645/598 454/471/454 552/587/552
f 599/646/599 552/587/552 601/649/601
f 597/644/597 601/649/601 551/586/551
f 597/644/597 113/585/113 204/650/204
f 202/651/202 597/644/597 204/650/204
f 592/639/592 202/651/202 201/647/201
f 602/652/602 603/653/603 604/654/604
f 605/655/605 606/656/606 602/652/602
f 606/656/606 607/657/607 603/653/603
f 606/656/606 608/658/608 609/659/609
f 610/660/610 611/661/611 612/662/612
f 613/663/613 604/654/604 610/660/610
f 614/664/614 602/652/602 613/663/613
f 615/665/615 605/655/605 614/664/614
f 616/666/616 617/667/617 605/655/605
f 617/667/617 618/668/618 608/658/608
f 608/658/608 619/669/619 620/670/620
f 608/658/608 621/671/621 609/659/609
f 609/659/609 622/672/622 607/657/607
f 607/657/607 623/673/623 624/674/624
f 603/653/603 624/674/624 625/675/625
f 604/654/604 625/675/625 611/661/611
f 626/676/626 627/677/627 628/678/628
f 629/679/629 630/680/630 627/677/627
f 627/677/627 631/681/631 628/678/628
f 627/677/627 632/682/632 633/683/633
f 634/684/634 626/676/626 635/685/635
f 636/686/636 626/676/626 637/687/637
f 638/688/638 629/679/629 636/686/636
f 639/689/639 640/690/640 638/688/638
f 641/691/641 630/680/630 640/690/640
f 642/692/642 632/682/632 630/680/630
f 643/693/643 618/668/618 632/682/632
f 633/683/633 618/668/618 644/694/644
f 631/681/631 644/694/644 616/666/616
f 645/695/645 616/666/616 615/665/615
f 628/678/628 645/695/645 646/696/646
f 626/676/626 646/696/646 635/685/635
f 647/697/647 648/698/648 649/699/649
f 650/700/650 651/701/651 648/698/648
f 649/699/649 652/702/652 653/703/653
f 648/698/648 654/704/654 652/702/652
f 655/705/655 647/697/647 656/706/656
f 657/707/657 650/700/650 647/697/647
f 658/708/658 659/709/659 650/700/650
f 660/710/660 622/672/622 659/709/659
f 659/709/659 621/671/621 651/701/651
f 651/701/651 620/670/620 654/704/654
f 654/704/654 619/669/619 643/693/643
f 652/702/652 643/693/643 642/692/642
f 653/703/653 642/692/642 641/691/641
f 661/711/661 641/691/641 639/689/639
f 662/712/662 653/703/653 661/711/661
f 656/706/656 649/699/649 662/712/662
f 663/713/663 664/714/664 665/715/665
f 666/716/666 664/714/664 667/717/667
f 664/714/664 668/718/668 665/715/665
f 669/719/669 670/720/670 664/714/664
f 671/721/671 672/722/672 673/723/673
f 671/721/671 667/717/667 663/713/663
f 674/724/674 666/716/666 667/717/667
f 675/725/675 676/726/676 666/716/666
f 676/726/676 669/719/669 666/716/666
f 677/727/677 678/728/678 669/719/669
f 679/729/679 680/730/680 678/728/678
f 678/728/678 681/731/681 670/720/670
f 670/720/670 682/732/682 668/718/668
f 668/718/668 683/733/683 684/734/684
f 665/715/665 684/734/684 685/735/685
f 663/713/663 685/735/685 672/722/672
f 686/736/686 687/737/687 688/738/688
f 689/739/689 690/740/690 686/736/686
f 687/737/687 691/741/691 692/742/692
f 693/743/693 691/741/691 690/740/690
f 694/744/694 688/738/688 676/726/676
f 695/745/695 688/738/688 696/746/696
f 697/747/697 686/736/686 695/745/695
f 697/747/697 698/748/698 689/739/689
f 698/748/698 693/743/693 689/739/689
f 699/749/699 700/750/700 693/743/693
f 700/750/700 615/665/615 614/664/614
f 700/750/700 613/663/613 691/741/691
f 691/741/691 610/660/610 692/742/692
f 692/742/692 612/662/612 679/729/679
f 677/727/677 692/742/692 679/729/679
f 688/738/688 677/727/677 676/726/676
f 701/751/701 702/752/702 703/753/703
f 704/754/704 705/755/705 701/751/701
f 705/755/705 706/756/706 702/752/702
f 707/757/707 708/758/708 705/755/705
f 683/733/683 703/753/703 709/759/709
f 681/731/681 703/753/703 682/732/682
f 680/730/680 701/751/701 681/731/681
f 612/662/612 704/754/704 680/730/680
f 611/661/611 707/757/707 704/754/704
f 625/675/625 710/760/710 707/757/707
f 624/674/624 711/761/711 710/760/710
f 710/760/710 712/762/712 708/758/708
f 706/756/706 712/762/712 713/763/713
f 714/764/714 713/763/713 715/765/715
f 702/752/702 714/764/714 716/766/716
f 703/753/703 716/766/716 709/759/709
f 717/767/717 718/768/718 719/769/719
f 720/770/720 721/771/721 717/767/717
f 721/771/721 722/772/722 718/768/718
f 723/773/723 724/774/724 721/771/721
f 725/775/725 726/776/726 727/777/727
f 728/778/728 719/769/719 725/775/725
f 729/779/729 717/767/717 728/778/728
f 729/779/729 730/780/730 720/770/720
f 730/780/730 723/773/723 720/770/720
f 731/781/731 732/782/732 723/773/723
f 733/783/733 734/784/734 732/782/732
f 732/782/732 735/785/735 724/774/724
f 724/774/724 736/786/736 722/772/722
f 737/787/737 736/786/736 738/788/738
f 739/789/739 722/772/722 737/787/737
f 726/776/726 718/768/718 739/789/739
f 740/790/740 741/791/741 742/792/742
f 743/793/743 744/794/744 740/790/740
f 744/794/744 745/795/745 741/791/741
f 746/796/746 747/797/747 744/794/744
f 748/798/748 730/780/730 749/799/749
f 748/798/748 740/790/740 742/792/742
f 750/800/750 740/790/740 751/801/751
f 752/802/752 743/793/743 750/800/750
f 753/803/753 746/796/746 743/793/743
f 754/804/754 755/805/755 746/796/746
f 756/806/756 638/688/638 755/805/755
f 755/805/755 636/686/636 747/797/747
f 747/797/747 637/687/637 745/795/745
f 745/795/745 634/684/634 733/783/733
f 741/791/741 733/783/733 731/781/731
f 742/792/742 731/781/731 730/780/730
f 757/807/757 758/808/758 759/809/759
f 757/807/757 760/810/760 761/811/761
f 758/808/758 762/812/762 763/813/763
f 761/811/761 764/814/764 762/812/762
f 738/788/738 759/809/759 765/815/765
f 735/785/735 759/809/759 736/786/736
f 734/784/734 757/807/757 735/785/735
f 734/784/734 635/685/635 766/816/766
f 766/816/766 646/696/646 760/810/760
f 646/696/646 764/814/764 760/810/760
f 645/695/645 767/817/767 764/814/764
f 764/814/764 699/749/699 762/812/762
f 762/812/762 698/748/698 763/813/763
f 763/813/763 768/818/768 769/819/769
f 758/808/758 769/819/769 770/820/770
f 765/815/765 758/808/758 770/820/770
f 771/821/771 772/822/772 773/823/773
f 774/824/774 775/825/775 772/822/772
f 773/823/773 776/826/776 777/827/777
f 772/822/772 778/828/778 776/826/776
f 779/829/779 771/821/771 780/830/780
f 781/831/781 774/824/774 771/821/771
f 782/832/782 783/833/783 774/824/774
f 784/834/784 785/835/785 783/833/783
f 783/833/783 786/836/786 775/825/775
f 775/825/775 787/837/787 778/828/778
f 778/828/778 655/705/655 788/838/788
f 776/826/776 788/838/788 789/839/789
f 777/827/777 789/839/789 790/840/790
f 777/827/777 791/841/791 792/842/792
f 773/823/773 792/842/792 793/843/793
f 780/830/780 773/823/773 793/843/793
f 794/844/794 795/845/795 796/846/796
f 797/847/797 798/848/798 795/845/795
f 796/846/796 799/849/799 800/850/800
f 795/845/795 801/851/801 799/849/799
f 802/852/802 794/844/794 785/835/785
f 803/853/803 794/844/794 804/854/804
f 803/853/803 805/855/805 797/847/797
f 715/765/715 805/855/805 806/856/806
f 805/855/805 712/762/712 798/848/798
f 798/848/798 711/761/711 801/851/801
f 801/851/801 623/673/623 660/710/660
f 799/849/799 660/710/660 658/708/658
f 800/850/800 658/708/658 657/707/657
f 787/837/787 657/707/657 655/705/655
f 786/836/786 800/850/800 787/837/787
f 785/835/785 796/846/796 786/836/786
f 807/857/807 808/858/808 809/859/809
f 810/860/810 811/861/811 808/858/808
f 809/859/809 812/862/812 813/863/813
f 808/858/808 814/864/814 812/862/812
f 790/840/790 815/865/815 791/841/791
f 790/840/790 810/860/810 807/857/807
f 789/839/789 816/866/816 810/860/810
f 788/838/788 656/706/656 816/866/816
f 816/866/816 662/712/662 811/861/811
f 811/861/811 661/711/661 814/864/814
f 814/864/814 639/689/639 756/806/756
f 812/862/812 756/806/756 754/804/754
f 812/862/812 753/803/753 813/863/813
f 813/863/813 752/802/752 817/867/817
f 809/859/809 817/867/817 818/868/818
f 815/865/815 809/859/809 818/868/818
f 819/869/819 820/870/820 821/871/821
f 822/872/822 823/873/823 819/869/819
f 823/873/823 824/874/824 820/870/820
f 823/873/823 825/875/825 826/876/826
f 827/877/827 828/878/828 829/879/829
f 830/880/830 821/871/821 827/877/827
f 831/881/831 819/869/819 830/880/830
f 832/882/832 822/872/822 831/881/831
f 822/872/822 833/883/833 834/884/834
f 833/883/833 825/875/825 834/884/834
f 835/885/835 836/886/836 825/875/825
f 825/875/825 837/887/837 826/876/826
f 826/876/826 838/888/838 824/874/824
f 824/874/824 839/889/839 840/890/840
f 820/870/820 840/890/840 841/891/841
f 821/871/821 841/891/841 828/878/828
f 842/892/842 843/893/843 844/894/844
f 842/892/842 845/895/845 846/896/846
f 846/896/846 847/897/847 843/893/843
f 845/895/845 848/898/848 846/896/846
f 849/899/849 850/900/850 851/901/851
f 852/902/852 844/894/844 849/899/849
f 853/903/853 842/892/842 852/902/852
f 854/904/854 855/905/855 853/903/853
f 856/906/856 845/895/845 855/905/855
f 857/907/857 858/908/858 845/895/845
f 858/908/858 859/909/859 835/885/835
f 848/898/848 835/885/835 833/883/833
f 848/898/848 860/910/860 847/897/847
f 847/897/847 832/882/832 861/911/861
f 843/893/843 861/911/861 862/912/862
f 844/894/844 862/912/862 850/900/850
f 863/913/863 864/914/864 865/915/865
f 866/916/866 867/917/867 864/914/864
f 865/915/865 868/918/868 869/919/869
f 864/914/864 870/920/870 868/918/868
f 871/921/871 863/913/863 872/922/872
f 873/923/873 866/916/866 863/913/863
f 874/924/874 875/925/875 866/916/866
f 839/889/839 875/925/875 876/926/876
f 875/925/875 837/887/837 867/917/867
f 867/917/867 836/886/836 870/920/870
f 870/920/870 859/909/859 877/927/877
f 868/918/868 877/927/877 857/907/857
f 869/919/869 857/907/857 856/906/856
f 878/928/878 856/906/856 854/904/854
f 879/929/879 869/919/869 878/928/878
f 872/922/872 865/915/865 879/929/879
f 880/930/880 881/931/881 882/932/882
f 883/933/883 884/934/884 880/930/880
f 884/934/884 885/935/885 881/931/881
f 886/936/886 887/937/887 884/934/884
f 888/938/888 889/939/889 890/940/890
f 888/938/888 880/930/880 882/932/882
f 891/941/891 883/933/883 880/930/880
f 892/942/892 893/943/893 883/933/883
f 893/943/893 886/936/886 883/933/883
f 894/944/894 895/945/895 886/936/886
f 896/946/896 897/947/897 895/945/895
f 895/945/895 898/948/898 887/937/887
f 885/935/885 898/948/898 899/949/899
f 885/935/885 900/950/900 901/951/901
f 881/931/881 901/951/901 902/952/902
f 882/932/882 902/952/902 889/939/889
f 903/953/903 904/954/904 905/955/905
f 903/953/903 906/956/906 907/957/907
f 904/954/904 908/958/908 909/959/909
f 906/956/906 908/958/908 907/957/907
f 910/960/910 893/943/893 911/961/911
f 912/962/912 905/955/905 910/960/910
f 913/963/913 903/953/903 912/962/912
f 914/964/914 915/965/915 913/963/913
f 916/966/916 906/956/906 915/965/915
f 917/967/917 918/968/918 906/956/906
f 919/969/919 831/881/831 918/968/918
f 918/968/918 830/880/830 908/958/908
f 908/958/908 827/877/827 909/959/909
f 909/959/909 829/879/829 896/946/896
f 904/954/904 896/946/896 894/944/894
f 905/955/905 894/944/894 893/943/893
f 920/970/920 921/971/921 922/972/922
f 923/973/923 924/974/924 920/970/920
f 924/974/924 925/975/925 921/971/921
f 926/976/926 927/977/927 924/974/924
f 900/950/900 922/972/922 928/978/928
f 898/948/898 922/972/922 899/949/899
f 897/947/897 920/970/920 898/948/898
f 829/879/829 923/973/923 897/947/897
f 828/878/828 926/976/926 923/973/923
f 841/891/841 929/979/929 926/976/926
f 840/890/840 930/980/930 929/979/929
f 929/979/929 931/981/931 927/977/927
f 927/977/927 932/982/932 925/975/925
f 925/975/925 933/983/933 934/984/934
f 921/971/921 934/984/934 935/985/935
f 928/978/928 921/971/921 935/985/935
f 936/986/936 937/987/937 938/988/938
f 939/989/939 940/990/940 936/986/936
f 940/990/940 941/991/941 937/987/937
f 942/992/942 943/993/943 940/990/940
f 672/994/672 944/995/944 673/996/673
f 685/997/685 938/988/938 672/994/672
f 684/998/684 936/986/936 685/997/685
f 683/999/683 939/989/939 684/998/684
f 945/1000/945 942/992/942 939/989/939
f 946/1001/946 947/1002/947 942/992/942
f 948/1003/948 949/1004/949 947/1002/947
f 947/1002/947 950/1005/950 943/993/943
f 941/991/941 950/1005/950 951/1006/951
f 952/1007/952 951/1006/951 953/1008/953
f 954/1009/954 941/991/941 952/1007/952
f 944/995/944 937/987/937 954/1009/954
f 955/1010/955 956/1011/956 957/1012/957
f 958/1013/958 959/1014/959 955/1010/955
f 959/1014/959 960/1015/960 956/1011/956
f 961/1016/961 962/1017/962 959/1014/959
f 683/999/683 957/1012/957 945/1000/945
f 716/1018/716 957/1012/957 709/1019/709
f 714/1020/714 955/1010/955 716/1018/716
f 715/1021/715 958/1013/958 714/1020/714
f 963/1022/963 961/1016/961 958/1013/958
f 964/1023/964 965/1024/965 961/1016/961
f 966/1025/966 853/903/853 965/1024/965
f 965/1024/965 852/902/852 962/1017/962
f 962/1017/962 849/899/849 960/1015/960
f 960/1015/960 851/901/851 948/1003/948
f 956/1011/956 948/1003/948 946/1001/946
f 957/1012/957 946/1001/946 945/1000/945
f 967/1026/967 968/1027/968 969/1028/969
f 970/1029/970 971/1030/971 967/1026/967
f 968/1027/968 972/1031/972 973/1032/973
f 971/1030/971 974/1033/974 972/1031/972
f 953/1008/953 969/1028/969 975/1034/975
f 950/1005/950 969/1028/969 951/1006/951
f 949/1004/949 967/1026/967 950/1005/950
f 851/901/851 970/1029/970 949/1004/949
f 850/900/850 976/1035/976 970/1029/970
f 862/912/862 974/1033/974 976/1035/976
f 974/1033/974 832/882/832 919/969/919
f 972/1031/972 919/969/919 917/967/917
f 973/1032/973 917/967/917 916/966/916
f 977/1036/977 916/966/916 914/964/914
f 978/1037/978 973/1032/973 977/1036/977
f 969/1028/969 978/1037/978 975/1034/975
f 979/1038/979 980/1039/980 981/1040/981
f 979/1038/979 982/1041/982 983/1042/983
f 980/1039/980 984/1043/984 985/1044/985
f 983/1042/983 986/1045/986 984/1043/984
f 779/1046/779 981/1040/981 781/1047/781
f 987/1048/987 979/1038/979 981/1040/981
f 988/1049/988 979/1038/979 989/1050/989
f 988/1049/988 990/1051/990 991/1052/991
f 991/1052/991 992/1053/992 982/1041/982
f 982/1041/982 993/1054/993 986/1045/986
f 986/1045/986 871/921/871 994/1055/994
f 984/1043/984 994/1055/994 995/1056/995
f 985/1044/985 995/1056/995 996/1057/996
f 985/1044/985 802/1058/802 784/1059/784
f 782/1060/782 985/1044/985 784/1059/784
f 781/1047/781 980/1039/980 782/1060/782
f 997/1061/997 998/1062/998 999/1063/999
f 1000/1064/1000 1001/1065/1001 998/1062/998
f 999/1063/999 1002/1066/1002 1003/1067/1003
f 998/1062/998 1004/1068/1004 1002/1066/1002
f 1005/1069/1005 990/1051/990 1006/1070/1006
f 1007/1071/1007 997/1061/997 1005/1069/1005
f 1007/1071/1007 1008/1072/1008 1000/1064/1000
f 1009/1073/1009 932/982/932 1008/1072/1008
f 1008/1072/1008 931/981/931 1001/1065/1001
f 1001/1065/1001 930/980/930 1004/1068/1004
f 1004/1068/1004 839/889/839 876/926/876
f 1002/1066/1002 876/926/876 874/924/874
f 1003/1067/1003 874/924/874 873/923/873
f 993/1054/993 873/923/873 871/921/871
f 992/1053/992 1003/1067/1003 993/1054/993
f 990/1051/990 999/1063/999 992/1053/992
f 1010/1074/1010 1011/1075/1011 1012/1076/1012
f 1013/1077/1013 1014/1078/1014 1011/1075/1011
f 1012/1076/1012 1015/1079/1015 1016/1080/1016
f 1011/1075/1011 1017/1081/1017 1015/1079/1015
f 802/1058/802 1010/1074/1010 804/1082/804
f 996/1057/996 1013/1077/1013 1010/1074/1010
f 995/1056/995 1018/1083/1018 1013/1077/1013
f 994/1055/994 872/922/872 1018/1083/1018
f 1018/1083/1018 879/929/879 1014/1078/1014
f 1014/1078/1014 878/928/878 1017/1081/1017
f 1017/1081/1017 854/904/854 966/1025/966
f 1015/1079/1015 966/1025/966 964/1023/964
f 1016/1080/1016 964/1023/964 963/1022/963
f 806/1084/806 963/1022/963 715/1021/715
f 803/1085/803 1016/1080/1016 806/1084/806
f 804/1082/804 1012/1076/1012 803/1085/803
f 1019/1086/1019 1020/1087/1020 1021/1088/1021
f 1022/1089/1022 1023/1090/1023 1019/1086/1019
f 1023/1090/1023 1024/1091/1024 1020/1087/1020
f 1025/1092/1025 1026/1093/1026 1023/1090/1023
f 1027/1094/1027 1028/1095/1028 1029/1096/1029
f 1030/1097/1030 1021/1088/1021 1027/1094/1027
f 1031/1098/1031 1019/1086/1019 1030/1097/1030
f 1032/1099/1032 1022/1089/1022 1031/1098/1031
f 1033/1100/1033 1025/1092/1025 1022/1089/1022
f 1034/1101/1034 1035/1102/1035 1025/1092/1025
f 1036/1103/1036 1037/1104/1037 1035/1102/1035
f 1035/1102/1035 1038/1105/1038 1026/1093/1026
f 1026/1093/1026 1039/1106/1039 1024/1091/1024
f 1024/1091/1024 1040/1107/1040 1041/1108/1041
f 1020/1087/1020 1041/1108/1041 1042/1109/1042
f 1021/1088/1021 1042/1109/1042 1028/1095/1028
f 1043/1110/1043 1044/1111/1044 1045/1112/1045
f 1046/1113/1046 1047/1114/1047 1043/1110/1043
f 1047/1114/1047 1048/1115/1048 1044/1111/1044
f 1049/1116/1049 1050/1117/1050 1047/1114/1047
f 1051/1118/1051 1052/1119/1052 1053/1120/1053
f 1054/1121/1054 1045/1112/1045 1051/1118/1051
f 1055/1122/1055 1043/1110/1043 1054/1121/1054
f 1056/1123/1056 1046/1113/1046 1055/1122/1055
f 1046/1113/1046 1057/1124/1057 1049/1116/1049
f 1057/1124/1057 1058/1125/1058 1049/1116/1049
f 1058/1125/1058 1059/1126/1059 1036/1103/1036
f 1050/1117/1050 1036/1103/1036 1034/1101/1034
f 1050/1117/1050 1033/1100/1033 1048/1115/1048
f 1060/1127/1060 1033/1100/1033 1032/1099/1032
f 1044/1111/1044 1060/1127/1060 1061/1128/1061
f 1045/1112/1045 1061/1128/1061 1052/1119/1052
f 1062/1129/1062 1063/1130/1063 1064/1131/1064
f 1065/1132/1065 1066/1133/1066 1063/1130/1063
f 1064/1131/1064 1067/1134/1067 1068/1135/1068
f 1063/1130/1063 1069/1136/1069 1067/1134/1067
f 1070/1137/1070 1062/1129/1062 1071/1138/1071
f 1072/1139/1072 1065/1132/1065 1062/1129/1062
f 1073/1140/1073 1074/1141/1074 1065/1132/1065
f 1075/1142/1075 1039/1106/1039 1074/1141/1074
f 1074/1141/1074 1038/1105/1038 1066/1133/1066
f 1066/1133/1066 1037/1104/1037 1069/1136/1069
f 1069/1136/1069 1059/1126/1059 1076/1143/1076
f 1067/1134/1067 1076/1143/1076 1057/1124/1057
f 1068/1135/1068 1057/1124/1057 1077/1144/1077
f 1078/1145/1078 1077/1144/1077 1056/1123/1056
f 1079/1146/1079 1068/1135/1068 1078/1145/1078
f 1071/1138/1071 1064/1131/1064 1079/1146/1079
f 1080/1147/1080 1081/1148/1081 1082/1149/1082
f 1083/1150/1083 1084/1151/1084 1080/1147/1080
f 1084/1151/1084 1085/1152/1085 1081/1148/1081
f 1086/1153/1086 1087/1154/1087 1084/1151/1084
f 1088/1155/1088 725/1156/725 727/1157/727
f 1089/1158/1089 1082/1149/1082 1088/1155/1088
f 1089/1158/1089 1083/1150/1083 1080/1147/1080
f 1090/1159/1090 1091/1160/1091 1083/1150/1083
f 1091/1160/1091 1086/1153/1086 1083/1150/1083
f 1092/1161/1092 1093/1162/1093 1086/1153/1086
f 1094/1163/1094 1095/1164/1095 1093/1162/1093
f 1093/1162/1093 1096/1165/1096 1087/1154/1087
f 1087/1154/1087 1097/1166/1097 1085/1152/1085
f 1085/1152/1085 749/1167/749 729/1168/729
f 1081/1148/1081 729/1168/729 728/1169/728
f 1082/1149/1082 728/1169/728 725/1156/725
f 1098/1170/1098 1099/1171/1099 1100/1172/1100
f 1101/1173/1101 1102/1174/1102 1098/1170/1098
f 1099/1171/1099 1103/1175/1103 1104/1176/1104
f 1105/1177/1105 1103/1175/1103 1102/1174/1102
f 1106/1178/1106 1091/1160/1091 1107/1179/1107
f 1106/1178/1106 1098/1170/1098 1100/1172/1100
f 1108/1180/1108 1101/1173/1101 1098/1170/1098
f 1109/1181/1109 1101/1173/1101 1110/1182/1110
f 1101/1173/1101 1111/1183/1111 1105/1177/1105
f 1111/1183/1111 1112/1184/1112 1105/1177/1105
f 1112/1184/1112 1032/1099/1032 1031/1098/1031
f 1112/1184/1112 1030/1097/1030 1103/1175/1103
f 1103/1175/1103 1027/1094/1027 1104/1176/1104
f 1104/1176/1104 1029/1096/1029 1094/1163/1094
f 1099/1171/1099 1094/1163/1094 1092/1161/1092
f 1091/1160/1091 1099/1171/1099 1092/1161/1092
f 1113/1185/1113 1114/1186/1114 1115/1187/1115
f 1116/1188/1116 1114/1186/1114 1117/1189/1117
f 1114/1186/1114 1118/1190/1118 1115/1187/1115
f 1119/1191/1119 1120/1192/1120 1114/1186/1114
f 749/1167/749 1113/1185/1113 748/1193/748
f 1096/1165/1096 1113/1185/1113 1097/1166/1097
f 1096/1165/1096 1116/1188/1116 1117/1189/1117
f 1095/1164/1095 1028/1095/1028 1116/1188/1116
f 1028/1095/1028 1119/1191/1119 1116/1188/1116
f 1042/1109/1042 1121/1194/1121 1119/1191/1119
f 1041/1108/1041 1122/1195/1122 1121/1194/1121
f 1121/1194/1121 1123/1196/1123 1120/1192/1120
f 1120/1192/1120 1124/1197/1124 1118/1190/1118
f 1118/1190/1118 752/1198/752 750/1199/750
f 1115/1187/1115 750/1199/750 751/1200/751
f 1113/1185/1113 751/1200/751 748/1193/748
f 1125/1201/1125 1126/1202/1126 1127/1203/1127
f 1128/1204/1128 1129/1205/1129 1125/1201/1125
f 1129/1205/1129 1130/1206/1130 1126/1202/1126
f 1131/1207/1131 1132/1208/1132 1129/1205/1129
f 889/1209/889 1133/1210/1133 890/1211/890
f 902/1212/902 1127/1203/1127 889/1209/889
f 901/1213/901 1125/1201/1125 902/1212/902
f 901/1213/901 1134/1214/1134 1128/1204/1128
f 1134/1214/1134 1131/1207/1131 1128/1204/1128
f 1135/1215/1135 1136/1216/1136 1131/1207/1131
f 1137/1217/1137 1138/1218/1138 1136/1216/1136
f 1136/1216/1136 1139/1219/1139 1132/1208/1132
f 1132/1208/1132 1140/1220/1140 1130/1206/1130
f 1130/1206/1130 1141/1221/1141 1142/1222/1142
f 1143/1223/1143 1130/1206/1130 1142/1222/1142
f 1133/1210/1133 1126/1202/1126 1143/1223/1143
f 1144/1224/1144 1145/1225/1145 1146/1226/1146
f 1147/1227/1147 1148/1228/1148 1144/1224/1144
f 1148/1228/1148 1149/1229/1149 1145/1225/1145
f 1150/1230/1150 1151/1231/1151 1148/1228/1148
f 928/1232/928 1134/1214/1134 900/1233/900
f 935/1234/935 1146/1226/1146 928/1232/928
f 934/1235/934 1144/1224/1144 935/1234/935
f 934/1235/934 1152/1236/1152 1147/1227/1147
f 1152/1236/1152 1150/1230/1150 1147/1227/1147
f 1153/1237/1153 1154/1238/1154 1150/1230/1150
f 1154/1238/1154 1056/1123/1056 1055/1122/1055
f 1154/1238/1154 1054/1121/1054 1151/1231/1151
f 1151/1231/1151 1051/1118/1051 1149/1229/1149
f 1149/1229/1149 1053/1120/1053 1137/1217/1137
f 1135/1215/1135 1149/1229/1149 1137/1217/1137
f 1146/1226/1146 1135/1215/1135 1134/1214/1134
f 1155/1239/1155 1156/1240/1156 1157/1241/1157
f 1158/1242/1158 1159/1243/1159 1155/1239/1155
f 1159/1243/1159 1160/1244/1160 1156/1240/1156
f 1159/1243/1159 1161/1245/1161 1162/1246/1162
f 1141/1221/1141 1157/1241/1157 1163/1247/1163
f 1139/1219/1139 1157/1241/1157 1140/1220/1140
f 1138/1218/1138 1155/1239/1155 1139/1219/1139
f 1053/1120/1053 1158/1242/1158 1138/1218/1138
f 1052/1119/1052 1164/1248/1164 1158/1242/1158
f 1061/1128/1061 1161/1245/1161 1164/1248/1164
f 1161/1245/1161 1032/1099/1032 1165/1249/1165
f 1161/1245/1161 1111/1183/1111 1162/1246/1162
f 1160/1244/1160 1111/1183/1111 1166/1250/1166
f 1167/1251/1167 1166/1250/1166 1109/1181/1109
f 1156/1240/1156 1167/1251/1167 1168/1252/1168
f 1157/1241/1157 1168/1252/1168 1163/1247/1163
f 1169/1253/1169 1170/1254/1170 1171/1255/1171
f 1172/1256/1172 1173/1257/1173 1170/1254/1170
f 1171/1255/1171 1174/1258/1174 1175/1259/1175
f 1170/1254/1170 1176/1260/1176 1174/1258/1174
f 779/1261/779 1169/1253/1169 987/1262/987
f 780/1263/780 1172/1256/1172 1169/1253/1169
f 793/1264/793 1177/1265/1177 1172/1256/1172
f 792/1266/792 1178/1267/1178 1177/1265/1177
f 1177/1265/1177 1179/1268/1179 1173/1257/1173
f 1173/1257/1173 1180/1269/1180 1176/1260/1176
f 1176/1260/1176 1070/1137/1070 1181/1270/1181
f 1174/1258/1174 1181/1270/1181 1182/1271/1182
f 1175/1259/1175 1182/1271/1182 1183/1272/1183
f 988/1273/988 1183/1272/1183 1006/1274/1006
f 989/1275/989 1175/1259/1175 988/1273/988
f 1169/1253/1169 989/1275/989 987/1262/987
f 1184/1276/1184 1185/1277/1185 1186/1278/1186
f 1187/1279/1187 1188/1280/1188 1185/1277/1185
f 1186/1278/1186 1189/1281/1189 1190/1282/1190
f 1185/1277/1185 1191/1283/1191 1189/1281/1189
f 791/1284/791 1184/1276/1184 1178/1267/1178
f 815/1285/815 1187/1279/1187 1184/1276/1184
f 818/1286/818 1192/1287/1192 1187/1279/1187
f 752/1198/752 1192/1287/1192 817/1288/817
f 1192/1287/1192 1123/1196/1123 1188/1280/1188
f 1188/1280/1188 1122/1195/1122 1191/1283/1191
f 1191/1283/1191 1040/1107/1040 1075/1142/1075
f 1189/1281/1189 1075/1142/1075 1073/1140/1073
f 1190/1282/1190 1073/1140/1073 1072/1139/1072
f 1180/1269/1180 1072/1139/1072 1070/1137/1070
f 1179/1268/1179 1190/1282/1190 1180/1269/1180
f 1178/1267/1178 1186/1278/1186 1179/1268/1179
f 1193/1289/1193 1194/1290/1194 1195/1291/1195
f 1196/1292/1196 1197/1293/1197 1194/1290/1194
f 1195/1291/1195 1198/1294/1198 1199/1295/1199
f 1194/1290/1194 1200/1296/1200 1198/1294/1198
f 1006/1274/1006 1193/1289/1193 1005/1297/1005
f 1183/1272/1183 1196/1292/1196 1193/1289/1193
f 1182/1271/1182 1201/1298/1201 1196/1292/1196
f 1181/1270/1181 1071/1138/1071 1201/1298/1201
f 1201/1298/1201 1079/1146/1079 1197/1293/1197
f 1197/1293/1197 1078/1145/1078 1200/1296/1200
f 1200/1296/1200 1056/1123/1056 1202/1299/1202
f 1198/1294/1198 1202/1299/1202 1153/1237/1153
f 1199/1295/1199 1153/1237/1153 1152/1236/1152
f 1009/1300/1009 1152/1236/1152 933/1301/933
f 1007/1302/1007 1199/1295/1199 1009/1300/1009
f 1005/1297/1005 1195/1291/1195 1007/1302/1007
f 1203/1303/1203 1204/1304/1204 1205/1305/1205
f 1206/1306/1206 1207/1307/1207 1203/1303/1203
f 1207/1307/1207 1208/1308/1208 1204/1304/1204
f 1209/1309/1209 1210/1310/1210 1207/1307/1207
f 1211/1311/1211 1212/1312/1212 1213/1313/1213
f 1214/1314/1214 1205/1305/1205 1211/1311/1211
f 1215/1315/1215 1203/1303/1203 1214/1314/1214
f 1216/1316/1216 1206/1306/1206 1215/1315/1215
f 1217/1317/1217 1209/1309/1209 1206/1306/1206
f 1218/1318/1218 1219/1319/1219 1209/1309/1209
f 1220/1320/1220 1221/1321/1221 1219/1319/1219
f 1219/1319/1219 1222/1322/1222 1210/1310/1210
f 1210/1310/1210 1223/1323/1223 1208/1308/1208
f 1208/1308/1208 1224/1324/1224 1225/1325/1225
f 1204/1304/1204 1225/1325/1225 1226/1326/1226
f 1205/1305/1205 1226/1326/1226 1212/1312/1212
f 1227/1327/1227 1228/1328/1228 1229/1329/1229
f 1230/1330/1230 1231/1331/1231 1228/1328/1228
f 1229/1329/1229 1232/1332/1232 1233/1333/1233
f 1228/1328/1228 1234/1334/1234 1232/1332/1232
f 1235/1335/1235 1227/1327/1227 1236/1336/1236
f 1237/1337/1237 1230/1330/1230 1227/1327/1227
f 1238/1338/1238 1239/1339/1239 1230/1330/1230
f 1240/1340/1240 1241/1341/1241 1239/1339/1239
f 1239/1339/1239 1242/1342/1242 1231/1331/1231
f 1231/1331/1231 1243/1343/1243 1234/1334/1234
f 1234/1334/1234 1244/1344/1244 1220/1320/1220
f 1232/1332/1232 1220/1320/1220 1218/1318/1218
f 1233/1333/1233 1218/1318/1218 1217/1317/1217
f 1245/1345/1245 1217/1317/1217 1216/1316/1216
f 1246/1346/1246 1233/1333/1233 1245/1345/1245
f 1236/1336/1236 1229/1329/1229 1246/1346/1246
f 1247/1347/1247 1248/1348/1248 1249/1349/1249
f 1250/1350/1250 1251/1351/1251 1247/1347/1247
f 1251/1351/1251 1252/1352/1252 1248/1348/1248
f 1253/1353/1253 1254/1354/1254 1251/1351/1251
f 1255/1355/1255 1256/1356/1256 1257/1357/1257
f 1258/1358/1258 1249/1349/1249 1255/1355/1255
f 1259/1359/1259 1247/1347/1247 1258/1358/1258
f 1259/1359/1259 1223/1323/1223 1250/1350/1250
f 1223/1323/1223 1253/1353/1253 1250/1350/1250
f 1253/1353/1253 1221/1321/1221 1260/1360/1260
f 1260/1360/1260 1244/1344/1244 1243/1343/1243
f 1260/1360/1260 1242/1342/1242 1254/1354/1254
f 1254/1354/1254 1241/1341/1241 1252/1352/1252
f 1252/1352/1252 1261/1361/1261 1262/1362/1262
f 1248/1348/1248 1262/1362/1262 1263/1363/1263
f 1249/1349/1249 1263/1363/1263 1256/1356/1256
f 1264/1364/1264 1265/1365/1265 1266/1366/1266
f 1267/1367/1267 1268/1368/1268 1264/1364/1264
f 1268/1368/1268 1269/1369/1269 1265/1365/1265
f 1270/1370/1270 1271/1371/1271 1268/1368/1268
f 1272/1372/1272 70/1373/70 72/1374/72
f 1273/1375/1273 1266/1366/1266 1272/1372/1272
f 1274/1376/1274 1264/1364/1264 1273/1375/1273
f 1275/1377/1275 1267/1367/1267 1274/1376/1274
f 1276/1378/1276 1270/1370/1270 1267/1367/1267
f 1277/1379/1277 1278/1380/1278 1270/1370/1270
f 1279/1381/1279 1280/1382/1280 1278/1380/1278
f 1278/1380/1278 1281/1383/1281 1271/1371/1271
f 1271/1371/1271 1282/1384/1282 1269/1369/1269
f 1269/1369/1269 92/1385/92 73/1386/73
f 1265/1365/1265 73/1386/73 74/1387/74
f 1266/1366/1266 74/1387/74 70/1373/70
f 1283/1388/1283 1284/1389/1284 1285/1390/1285
f 1286/1391/1286 1287/1392/1287 1283/1388/1283
f 1287/1392/1287 1288/1393/1288 1284/1389/1284
f 1289/1394/1289 1290/1395/1290 1287/1392/1287
f 1291/1396/1291 1276/1378/1276 1275/1377/1275
f 1292/1397/1292 1285/1390/1285 1291/1396/1291
f 1293/1398/1293 1283/1388/1283 1292/1397/1292
f 1294/1399/1294 1286/1391/1286 1293/1398/1293
f 1295/1400/1295 1289/1394/1289 1286/1391/1286
f 1296/1401/1296 1297/1402/1297 1289/1394/1289
f 1298/1403/1298 1215/1315/1215 1297/1402/1297
f 1297/1402/1297 1214/1314/1214 1290/1395/1290
f 1290/1395/1290 1211/1311/1211 1288/1393/1288
f 1288/1393/1288 1213/1313/1213 1279/1381/1279
f 1284/1389/1284 1279/1381/1279 1277/1379/1277
f 1285/1390/1285 1277/1379/1277 1276/1378/1276
f 1299/1404/1299 1300/1405/1300 1301/1406/1301
f 1302/1407/1302 1303/1408/1303 1299/1404/1299
f 1303/1408/1303 1304/1409/1304 1300/1405/1300
f 1305/1410/1305 1306/1411/1306 1303/1408/1303
f 1282/1384/1282 93/1412/93 92/1385/92
f 1281/1383/1281 1301/1406/1301 1282/1384/1282
f 1280/1382/1280 1299/1404/1299 1281/1383/1281
f 1213/1313/1213 1302/1407/1302 1280/1382/1280
f 1212/1312/1212 1305/1410/1305 1302/1407/1302
f 1226/1326/1226 1307/1413/1307 1305/1410/1305
f 1225/1325/1225 1308/1414/1308 1307/1413/1307
f 1307/1413/1307 1309/1415/1309 1306/1411/1306
f 1304/1409/1304 1309/1415/1309 1310/1416/1310
f 1304/1409/1304 166/1417/166 94/1418/94
f 1300/1405/1300 94/1418/94 95/1419/95
f 1301/1406/1301 95/1419/95 93/1412/93
f 1311/1420/1311 1312/1421/1312 1313/1422/1313
f 1314/1423/1314 1315/1424/1315 1312/1421/1312
f 1313/1422/1313 1316/1425/1316 1317/1426/1317
f 1312/1421/1312 1318/1427/1318 1316/1425/1316
f 890/1428/890 1311/1420/1311 1319/1429/1319
f 1320/1430/1320 1314/1423/1314 1311/1420/1311
f 1321/1431/1321 1322/1432/1322 1314/1423/1314
f 1323/1433/1323 1324/1434/1324 1322/1432/1322
f 1322/1432/1322 1325/1435/1325 1315/1424/1315
f 1315/1424/1315 1326/1436/1326 1318/1427/1318
f 1318/1427/1318 1235/1335/1235 1327/1437/1327
f 1316/1425/1316 1327/1437/1327 1328/1438/1328
f 1317/1426/1317 1328/1438/1328 1329/1439/1329
f 1330/1440/1330 1329/1439/1329 1331/1441/1331
f 1332/1442/1332 1317/1426/1317 1330/1440/1330
f 1319/1429/1319 1313/1422/1313 1332/1442/1332
f 1333/1443/1333 1334/1444/1334 1335/1445/1335
f 1336/1446/1336 1337/1447/1337 1334/1444/1334
f 1335/1445/1335 1338/1448/1338 1339/1449/1339
f 1334/1444/1334 1340/1450/1340 1338/1448/1338
f 1341/1451/1341 1333/1443/1333 1324/1434/1324
f 1342/1452/1342 1336/1446/1336 1333/1443/1333
f 1343/1453/1343 1344/1454/1344 1336/1446/1336
f 1345/1455/1345 1346/1456/1346 1344/1454/1344
f 1344/1454/1344 1347/1457/1347 1337/1447/1337
f 1337/1447/1337 1348/1458/1348 1340/1450/1340
f 1340/1450/1340 1261/1361/1261 1240/1340/1240
f 1338/1448/1338 1240/1340/1240 1238/1338/1238
f 1339/1449/1339 1238/1338/1238 1237/1337/1237
f 1326/1436/1326 1237/1337/1237 1235/1335/1235
f 1325/1435/1325 1339/1449/1339 1326/1436/1326
f 1324/1434/1324 1335/1445/1335 1325/1435/1325
f 1349/1459/1349 1350/1460/1350 1351/1461/1351
f 1352/1462/1352 1353/1463/1353 1350/1460/1350
f 1351/1461/1351 1354/1464/1354 1355/1465/1355
f 1350/1460/1350 1356/1466/1356 1354/1464/1354
f 1331/1441/1331 1349/1459/1349 1357/1467/1357
f 1329/1439/1329 1352/1462/1352 1349/1459/1349
f 1328/1438/1328 1358/1468/1358 1352/1462/1352
f 1327/1437/1327 1236/1336/1236 1358/1468/1358
f 1358/1468/1358 1246/1346/1246 1353/1463/1353
f 1353/1463/1353 1245/1345/1245 1356/1466/1356
f 1356/1466/1356 1216/1316/1216 1298/1403/1298
f 1354/1464/1354 1298/1403/1298 1296/1401/1296
f 1355/1465/1355 1296/1401/1296 1295/1400/1295
f 1359/1469/1359 1295/1400/1295 1294/1399/1294
f 1360/1470/1360 1355/1465/1355 1359/1469/1359
f 1357/1467/1357 1351/1461/1351 1360/1470/1360
f 1361/1471/1361 1362/1472/1362 1363/1473/1363
f 1364/1474/1364 1365/1475/1365 1361/1471/1361
f 1365/1475/1365 1366/1476/1366 1362/1472/1362
f 1367/1477/1367 1368/1478/1368 1365/1475/1365
f 125/1479/125 1369/1480/1369 126/1481/126
f 138/1482/138 1363/1473/1363 125/1479/125
f 137/1483/137 1361/1471/1361 138/1482/138
f 136/1484/136 1364/1474/1364 137/1483/137
f 1370/1485/1370 1367/1477/1367 1364/1474/1364
f 1371/1486/1371 1372/1487/1372 1367/1477/1367
f 1373/1488/1373 1374/1489/1374 1372/1487/1372
f 1372/1487/1372 1375/1490/1375 1368/1478/1368
f 1368/1478/1368 1376/1491/1376 1366/1476/1366
f 1366/1476/1366 1377/1492/1377 1378/1493/1378
f 1362/1472/1362 1378/1493/1378 1379/1494/1379
f 1363/1473/1363 1379/1494/1379 1369/1480/1369
f 1380/1495/1380 1381/1496/1381 1382/1497/1382
f 1383/1498/1383 1384/1499/1384 1380/1495/1380
f 1384/1499/1384 1385/1500/1385 1381/1496/1381
f 1384/1499/1384 1386/1501/1386 1387/1502/1387
f 163/1503/163 1370/1485/1370 136/1484/136
f 168/1504/168 1382/1497/1382 163/1503/163
f 167/1505/167 1380/1495/1380 168/1504/168
f 166/1417/166 1383/1498/1383 167/1505/167
f 1383/1498/1383 1309/1415/1309 1388/1506/1388
f 1309/1415/1309 1386/1501/1386 1388/1506/1388
f 1308/1414/1308 1259/1359/1259 1386/1501/1386
f 1386/1501/1386 1258/1358/1258 1387/1502/1387
f 1387/1502/1387 1255/1355/1255 1385/1500/1385
f 1385/1500/1385 1257/1357/1257 1373/1488/1373
f 1381/1496/1381 1373/1488/1373 1371/1486/1371
f 1382/1497/1382 1371/1486/1371 1370/1485/1370
f 1389/1507/1389 1390/1508/1390 1391/1509/1391
f 1392/1510/1392 1393/1511/1393 1389/1507/1389
f 1393/1511/1393 1394/1512/1394 1390/1508/1390
f 1395/1513/1395 1396/1514/1396 1393/1511/1393
f 1376/1491/1376 1397/1515/1397 1377/1492/1377
f 1375/1490/1375 1391/1509/1391 1376/1491/1376
f 1374/1489/1374 1389/1507/1389 1375/1490/1375
f 1257/1357/1257 1392/1510/1392 1374/1489/1374
f 1256/1356/1256 1395/1513/1395 1392/1510/1392
f 1263/1363/1263 1398/1516/1398 1395/1513/1395
f 1262/1362/1262 1348/1458/1348 1398/1516/1398
f 1398/1516/1398 1347/1457/1347 1396/1514/1396
f 1396/1514/1396 1346/1456/1346 1394/1512/1394
f 1394/1512/1394 1399/1517/1399 1400/1518/1400
f 1390/1508/1390 1400/1518/1400 1401/1519/1401
f 1391/1509/1391 1401/1519/1401 1397/1515/1397
f 1402/1520/1402 1403/1521/1403 1404/1522/1404
f 1405/1523/1405 1406/1524/1406 1402/1520/1402
f 1406/1524/1406 1407/1525/1407 1403/1521/1403
f 1408/1526/1408 1409/1527/1409 1406/1524/1406
f 1410/1528/1410 1411/1529/1411 1412/1530/1412
f 1413/1531/1413 1404/1522/1404 1410/1528/1410
f 1414/1532/1414 1402/1520/1402 1413/1531/1413
f 1415/1533/1415 1405/1523/1405 1414/1532/1414
f 1416/1534/1416 1408/1526/1408 1405/1523/1405
f 1417/1535/1417 1418/1536/1418 1408/1526/1408
f 1418/1536/1418 1419/1537/1419 1420/1538/1420
f 1409/1527/1409 1420/1538/1420 1421/1539/1421
f 1409/1527/1409 1422/1540/1422 1407/1525/1407
f 1407/1525/1407 1423/1541/1423 1424/1542/1424
f 1403/1521/1403 1424/1542/1424 1425/1543/1425
f 1404/1522/1404 1425/1543/1425 1411/1529/1411
f 1426/1544/1426 1427/1545/1427 1428/1546/1428
f 1429/1547/1429 1430/1548/1430 1427/1545/1427
f 1428/1546/1428 1431/1549/1431 1432/1550/1432
f 1427/1545/1427 1433/1551/1433 1431/1549/1431
f 1434/1552/1434 1426/1544/1426 1435/1553/1435
f 1436/1554/1436 1429/1547/1429 1426/1544/1426
f 1437/1555/1437 1438/1556/1438 1429/1547/1429
f 1439/1557/1439 1440/1558/1440 1438/1556/1438
f 1438/1556/1438 1441/1559/1441 1430/1548/1430
f 1430/1548/1430 1442/1560/1442 1433/1551/1433
f 1433/1551/1433 1419/1537/1419 1443/1561/1443
f 1431/1549/1431 1443/1561/1443 1417/1535/1417
f 1432/1550/1432 1417/1535/1417 1416/1534/1416
f 1444/1562/1444 1416/1534/1416 1415/1533/1415
f 1445/1563/1445 1432/1550/1432 1444/1562/1444
f 1435/1553/1435 1428/1546/1428 1445/1563/1445
f 1446/1564/1446 1447/1565/1447 1448/1566/1448
f 1446/1564/1446 1449/1567/1449 1450/1568/1450
f 1450/1568/1450 1451/1569/1451 1447/1565/1447
f 1449/1567/1449 1452/1570/1452 1450/1568/1450
f 1453/1571/1453 1454/1572/1454 1455/1573/1455
f 1456/1574/1456 1448/1566/1448 1453/1571/1453
f 1457/1575/1457 1446/1564/1446 1456/1574/1456
f 1423/1541/1423 1458/1576/1458 1457/1575/1457
f 1422/1540/1422 1449/1567/1449 1458/1576/1458
f 1449/1567/1449 1420/1538/1420 1459/1577/1459
f 1420/1538/1420 1442/1560/1442 1459/1577/1459
f 1459/1577/1459 1441/1559/1441 1452/1570/1452
f 1452/1570/1452 1440/1558/1440 1451/1569/1451
f 1451/1569/1451 1460/1578/1460 1461/1579/1461
f 1447/1565/1447 1461/1579/1461 1462/1580/1462
f 1448/1566/1448 1462/1580/1462 1454/1572/1454
f 1463/1581/1463 1464/1582/1464 1465/1583/1465
f 1466/1584/1466 1467/1585/1467 1463/1581/1463
f 1467/1585/1467 1468/1586/1468 1464/1582/1464
f 1469/1587/1469 1470/1588/1470 1467/1585/1467
f 1471/1589/1471 287/1590/287 126/1591/126
f 1472/1592/1472 1465/1583/1465 1471/1589/1471
f 1473/1593/1473 1463/1581/1463 1472/1592/1472
f 1474/1594/1474 1466/1584/1466 1473/1593/1473
f 1475/1595/1475 1469/1587/1469 1466/1584/1466
f 1476/1596/1476 1477/1597/1477 1469/1587/1469
f 1478/1598/1478 1479/1599/1479 1477/1597/1477
f 1477/1597/1477 1480/1600/1480 1470/1588/1470
f 1470/1588/1470 1481/1601/1481 1468/1586/1468
f 1468/1586/1468 306/1602/306 289/1603/289
f 1464/1582/1464 289/1603/289 288/1604/288
f 1465/1583/1465 288/1604/288 287/1590/287
f 1482/1605/1482 1483/1606/1483 1484/1607/1484
f 1485/1608/1485 1486/1609/1486 1482/1605/1482
f 1486/1609/1486 1487/1610/1487 1483/1606/1483
f 1488/1611/1488 1489/1612/1489 1486/1609/1486
f 1490/1613/1490 1475/1595/1475 1474/1594/1474
f 1491/1614/1491 1484/1607/1484 1490/1613/1490
f 1492/1615/1492 1482/1605/1482 1491/1614/1491
f 1493/1616/1493 1485/1608/1485 1492/1615/1492
f 1494/1617/1494 1488/1611/1488 1485/1608/1485
f 1495/1618/1495 1496/1619/1496 1488/1611/1488
f 1497/1620/1497 1414/1532/1414 1496/1619/1496
f 1496/1619/1496 1413/1531/1413 1489/1612/1489
f 1489/1612/1489 1410/1528/1410 1487/1610/1487
f 1487/1610/1487 1412/1530/1412 1478/1598/1478
f 1483/1606/1483 1478/1598/1478 1476/1596/1476
f 1484/1607/1484 1476/1596/1476 1475/1595/1475
f 1498/1621/1498 1499/1622/1499 1500/1623/1500
f 1501/1624/1501 1502/1625/1502 1498/1621/1498
f 1502/1625/1502 1503/1626/1503 1499/1622/1499
f 1504/1627/1504 1505/1628/1505 1502/1625/1502
f 1481/1601/1481 305/1629/305 306/1602/306
f 1480/1600/1480 1500/1623/1500 1481/1601/1481
f 1479/1599/1479 1498/1621/1498 1480/1600/1480
f 1412/1530/1412 1501/1624/1501 1479/1599/1479
f 1411/1529/1411 1504/1627/1504 1501/1624/1501
f 1425/1543/1425 1506/1630/1506 1504/1627/1504
f 1506/1630/1506 1423/1541/1423 1507/1631/1507
f 1506/1630/1506 1508/1632/1508 1505/1628/1505
f 1505/1628/1505 1509/1633/1509 1503/1626/1503
f 1503/1626/1503 309/1634/309 308/1635/308
f 307/1636/307 1503/1626/1503 308/1635/308
f 1500/1623/1500 307/1636/307 305/1629/305
f 1510/1637/1510 1511/1638/1511 1512/1639/1512
f 1513/1640/1513 1514/1641/1514 1511/1638/1511
f 1512/1639/1512 1515/1642/1515 1516/1643/1516
f 1511/1638/1511 1517/1644/1517 1515/1642/1515
f 727/1645/727 1510/1637/1510 1518/1646/1518
f 1519/1647/1519 1513/1640/1513 1510/1637/1510
f 1520/1648/1520 1521/1649/1521 1513/1640/1513
f 1522/1650/1522 1523/1651/1523 1521/1649/1521
f 1521/1649/1521 1524/1652/1524 1514/1641/1514
f 1514/1641/1514 1525/1653/1525 1517/1644/1517
f 1517/1644/1517 1434/1552/1434 1526/1654/1526
f 1515/1642/1515 1526/1654/1526 1527/1655/1527
f 1516/1643/1516 1527/1655/1527 1528/1656/1528
f 1529/1657/1529 1528/1656/1528 1530/1658/1530
f 1531/1659/1531 1516/1643/1516 1529/1657/1529
f 1518/1646/1518 1512/1639/1512 1531/1659/1531
f 1532/1660/1532 1533/1661/1533 1534/1662/1534
f 1535/1663/1535 1536/1664/1536 1533/1661/1533
f 1534/1662/1534 1537/1665/1537 1538/1666/1538
f 1533/1661/1533 1539/1667/1539 1537/1665/1537
f 1540/1668/1540 1532/1660/1532 1523/1651/1523
f 1541/1669/1541 1535/1663/1535 1532/1660/1532
f 1542/1670/1542 1543/1671/1543 1535/1663/1535
f 1544/1672/1544 1545/1673/1545 1543/1671/1543
f 1543/1671/1543 1546/1674/1546 1536/1664/1536
f 1536/1664/1536 1547/1675/1547 1539/1667/1539
f 1539/1667/1539 1460/1578/1460 1439/1557/1439
f 1537/1665/1537 1439/1557/1439 1437/1555/1437
f 1538/1666/1538 1437/1555/1437 1436/1554/1436
f 1525/1653/1525 1436/1554/1436 1434/1552/1434
f 1524/1652/1524 1538/1666/1538 1525/1653/1525
f 1523/1651/1523 1534/1662/1534 1524/1652/1524
f 1548/1676/1548 1549/1677/1549 1550/1678/1550
f 1551/1679/1551 1552/1680/1552 1549/1677/1549
f 1550/1678/1550 1553/1681/1553 1554/1682/1554
f 1549/1677/1549 1555/1683/1555 1553/1681/1553
f 1530/1658/1530 1548/1676/1548 1556/1684/1556
f 1528/1656/1528 1551/1679/1551 1548/1676/1548
f 1527/1655/1527 1557/1685/1557 1551/1679/1551
f 1526/1654/1526 1435/1553/1435 1557/1685/1557
f 1557/1685/1557 1445/1563/1445 1552/1680/1552
f 1552/1680/1552 1444/1562/1444 1555/1683/1555
f 1555/1683/1555 1415/1533/1415 1497/1620/1497
f 1553/1681/1553 1497/1620/1497 1495/1618/1495
f 1554/1682/1554 1495/1618/1495 1494/1617/1494
f 1558/1686/1558 1494/1617/1494 1493/1616/1493
f 1559/1687/1559 1554/1682/1554 1558/1686/1558
f 1556/1684/1556 1550/1678/1550 1559/1687/1559
f 1560/1688/1560 1561/1689/1561 1562/1690/1562
f 1563/1691/1563 1564/1692/1564 1560/1688/1560
f 1564/1692/1564 1565/1693/1565 1561/1689/1561
f 1566/1694/1566 1567/1695/1567 1564/1692/1564
f 335/1696/335 1568/1697/1568 336/1698/336
f 349/1699/349 1562/1690/1562 335/1696/335
f 347/1700/347 1560/1688/1560 349/1699/349
f 348/1701/348 1563/1691/1563 347/1700/347
f 1569/1702/1569 1566/1694/1566 1563/1691/1563
f 1570/1703/1570 1571/1704/1571 1566/1694/1566
f 1572/1705/1572 1573/1706/1573 1571/1704/1571
f 1571/1704/1571 1574/1707/1574 1567/1695/1567
f 1567/1695/1567 1575/1708/1575 1565/1693/1565
f 1565/1693/1565 1576/1709/1576 1577/1710/1577
f 1561/1689/1561 1577/1710/1577 1578/1711/1578
f 1562/1690/1562 1578/1711/1578 1568/1697/1568
f 1579/1712/1579 1580/1713/1580 1581/1714/1581
f 1582/1715/1582 1583/1716/1583 1579/1712/1579
f 1583/1716/1583 1584/1717/1584 1580/1713/1580
f 1585/1718/1585 1586/1719/1586 1583/1716/1583
f 374/1720/374 1569/1702/1569 348/1701/348
f 377/1721/377 1581/1714/1581 374/1720/374
f 376/1722/376 1579/1712/1579 377/1721/377
f 309/1634/309 1582/1715/1582 376/1722/376
f 1509/1633/1509 1585/1718/1585 1582/1715/1582
f 1508/1632/1508 1587/1723/1587 1585/1718/1585
f 1507/1631/1507 1457/1575/1457 1587/1723/1587
f 1587/1723/1587 1456/1574/1456 1586/1719/1586
f 1586/1719/1586 1453/1571/1453 1584/1717/1584
f 1584/1717/1584 1455/1573/1455 1572/1705/1572
f 1580/1713/1580 1572/1705/1572 1570/1703/1570
f 1581/1714/1581 1570/1703/1570 1569/1702/1569
f 1588/1724/1588 1589/1725/1589 1590/1726/1590
f 1591/1727/1591 1592/1728/1592 1588/1724/1588
f 1592/1728/1592 1593/1729/1593 1589/1725/1589
f 1594/1730/1594 1595/1731/1595 1592/1728/1592
f 1575/1708/1575 1596/1732/1596 1576/1709/1576
f 1574/1707/1574 1590/1726/1590 1575/1708/1575
f 1573/1706/1573 1588/1724/1588 1574/1707/1574
f 1455/1573/1455 1591/1727/1591 1573/1706/1573
f 1454/1572/1454 1594/1730/1594 1591/1727/1591
f 1462/1580/1462 1597/1733/1597 1594/1730/1594
f 1461/1579/1461 1547/1675/1547 1597/1733/1597
f 1597/1733/1597 1546/1674/1546 1595/1731/1595
f 1595/1731/1595 1545/1673/1545 1593/1729/1593
f 1593/1729/1593 1598/1734/1598 1599/1735/1599
f 1589/1725/1589 1599/1735/1599 1600/1736/1600
f 1590/1726/1590 1600/1736/1600 1596/1732/1596
f 1601/1737/1601 1602/1738/1602 1603/1739/1603
f 1604/1740/1604 1605/1741/1605 1601/1737/1601
f 1605/1741/1605 1606/1742/1606 1602/1738/1602
f 1607/1743/1607 1608/1744/1608 1605/1741/1605
f 1609/1745/1609 1610/1746/1610 1611/1747/1611
f 1612/1748/1612 1603/1739/1603 1609/1745/1609
f 1613/1749/1613 1601/1737/1601 1612/1748/1612
f 1614/1750/1614 1604/1740/1604 1613/1749/1613
f 1615/1751/1615 1607/1743/1607 1604/1740/1604
f 1616/1752/1616 1617/1753/1617 1607/1743/1607
f 1618/1754/1618 1619/1755/1619 1617/1753/1617
f 1617/1753/1617 1620/1756/1620 1608/1744/1608
f 1606/1742/1606 1620/1756/1620 1621/1757/1621
f 1606/1742/1606 1622/1758/1622 1623/1759/1623
f 1602/1738/1602 1623/1759/1623 1624/1760/1624
f 1603/1739/1603 1624/1760/1624 1610/1746/1610
f 1625/1761/1625 1626/1762/1626 1627/1763/1627
f 1628/1764/1628 1629/1765/1629 1626/1762/1626
f 1627/1763/1627 1630/1766/1630 1631/1767/1631
f 1626/1762/1626 1632/1768/1632 1630/1766/1630
f 1633/1769/1633 1625/1761/1625 1634/1770/1634
f 1635/1771/1635 1628/1764/1628 1625/1761/1625
f 1636/1772/1636 1637/1773/1637 1628/1764/1628
f 1638/1774/1638 1639/1775/1639 1637/1773/1637
f 1637/1773/1637 1640/1776/1640 1629/1765/1629
f 1629/1765/1629 1641/1777/1641 1632/1768/1632
f 1632/1768/1632 1642/1778/1642 1618/1754/1618
f 1630/1766/1630 1618/1754/1618 1616/1752/1616
f 1631/1767/1631 1616/1752/1616 1615/1751/1615
f 1643/1779/1643 1615/1751/1615 1614/1750/1614
f 1644/1780/1644 1631/1767/1631 1643/1779/1643
f 1634/1770/1634 1627/1763/1627 1644/1780/1644
f 1645/1781/1645 1646/1782/1646 1647/1783/1647
f 1648/1784/1648 1649/1785/1649 1645/1781/1645
f 1649/1785/1649 1650/1786/1650 1646/1782/1646
f 1651/1787/1651 1652/1788/1652 1649/1785/1649
f 1653/1789/1653 1654/1790/1654 1655/1791/1655
f 1656/1792/1656 1647/1783/1647 1653/1789/1653
f 1657/1793/1657 1645/1781/1645 1656/1792/1656
f 1622/1758/1622 1648/1784/1648 1657/1793/1657
f 1621/1757/1621 1651/1787/1651 1648/1784/1648
f 1620/1756/1620 1658/1794/1658 1651/1787/1651
f 1658/1794/1658 1642/1778/1642 1641/1777/1641
f 1658/1794/1658 1640/1776/1640 1652/1788/1652
f 1652/1788/1652 1639/1775/1639 1650/1786/1650
f 1650/1786/1650 1659/1795/1659 1660/1796/1660
f 1646/1782/1646 1660/1796/1660 1661/1797/1661
f 1647/1783/1647 1661/1797/1661 1654/1790/1654
f 1662/1798/1662 1663/1799/1663 1664/1800/1664
f 1665/1801/1665 1666/1802/1666 1662/1798/1662
f 1666/1802/1666 1667/1803/1667 1663/1799/1663
f 1668/1804/1668 1669/1805/1669 1666/1802/1666
f 1670/1806/1670 487/1807/487 336/1808/336
f 1671/1809/1671 1664/1800/1664 1670/1806/1670
f 1672/1810/1672 1662/1798/1662 1671/1809/1671
f 1673/1811/1673 1665/1801/1665 1672/1810/1672
f 1674/1812/1674 1668/1804/1668 1665/1801/1665
f 1675/1813/1675 1676/1814/1676 1668/1804/1668
f 1677/1815/1677 1678/1816/1678 1676/1814/1676
f 1676/1814/1676 1679/1817/1679 1669/1805/1669
f 1669/1805/1669 1680/1818/1680 1667/1803/1667
f 1667/1803/1667 505/1819/505 489/1820/489
f 1663/1799/1663 489/1820/489 488/1821/488
f 1664/1800/1664 488/1821/488 487/1807/487
f 1681/1822/1681 1682/1823/1682 1683/1824/1683
f 1684/1825/1684 1685/1826/1685 1681/1822/1681
f 1685/1826/1685 1686/1827/1686 1682/1823/1682
f 1687/1828/1687 1688/1829/1688 1685/1826/1685
f 1689/1830/1689 1674/1812/1674 1673/1811/1673
f 1690/1831/1690 1683/1824/1683 1689/1830/1689
f 1691/1832/1691 1681/1822/1681 1690/1831/1690
f 1692/1833/1692 1684/1825/1684 1691/1832/1691
f 1693/1834/1693 1687/1828/1687 1684/1825/1684
f 1694/1835/1694 1695/1836/1695 1687/1828/1687
f 1696/1837/1696 1613/1749/1613 1695/1836/1695
f 1695/1836/1695 1612/1748/1612 1688/1829/1688
f 1688/1829/1688 1609/1745/1609 1686/1827/1686
f 1686/1827/1686 1611/1747/1611 1677/1815/1677
f 1682/1823/1682 1677/1815/1677 1675/1813/1675
f 1683/1824/1683 1675/1813/1675 1674/1812/1674
f 1697/1838/1697 1698/1839/1698 1699/1840/1699
f 1700/1841/1700 1701/1842/1701 1697/1838/1697
f 1701/1842/1701 1702/1843/1702 1698/1839/1698
f 1703/1844/1703 1704/1845/1704 1701/1842/1701
f 1680/1818/1680 506/1846/506 505/1819/505
f 1679/1817/1679 1699/1840/1699 1680/1818/1680
f 1678/1816/1678 1697/1838/1697 1679/1817/1679
f 1611/1747/1611 1700/1841/1700 1678/1816/1678
f 1610/1746/1610 1703/1844/1703 1700/1841/1700
f 1624/1760/1624 1705/1847/1705 1703/1844/1703
f 1623/1759/1623 1706/1848/1706 1705/1847/1705
f 1704/1845/1704 1706/1848/1706 1707/1849/1707
f 1702/1843/1702 1707/1849/1707 1708/1850/1708
f 1702/1843/1702 509/1851/509 507/1852/507
f 1698/1839/1698 507/1852/507 508/1853/508
f 1699/1840/1699 508/1853/508 506/1846/506
f 1709/1854/1709 1710/1855/1710 1711/1856/1711
f 1712/1857/1712 1713/1858/1713 1710/1855/1710
f 1711/1856/1711 1714/1859/1714 1715/1860/1715
f 1710/1855/1710 1716/1861/1716 1714/1859/1714
f 673/1862/673 1709/1854/1709 1717/1863/1717
f 1718/1864/1718 1712/1857/1712 1709/1854/1709
f 1719/1865/1719 1720/1866/1720 1712/1857/1712
f 1721/1867/1721 1722/1868/1722 1720/1866/1720
f 1720/1866/1720 1723/1869/1723 1713/1858/1713
f 1713/1858/1713 1724/1870/1724 1716/1861/1716
f 1716/1861/1716 1633/1769/1633 1725/1871/1725
f 1714/1859/1714 1725/1871/1725 1726/1872/1726
f 1715/1860/1715 1726/1872/1726 1727/1873/1727
f 1728/1874/1728 1727/1873/1727 1729/1875/1729
f 1730/1876/1730 1715/1860/1715 1728/1874/1728
f 1717/1863/1717 1711/1856/1711 1730/1876/1730
f 1731/1877/1731 1732/1878/1732 1733/1879/1733
f 1734/1880/1734 1735/1881/1735 1732/1878/1732
f 1733/1879/1733 1736/1882/1736 1737/1883/1737
f 1732/1878/1732 1738/1884/1738 1736/1882/1736
f 1739/1885/1739 1731/1877/1731 1722/1868/1722
f 1740/1886/1740 1734/1880/1734 1731/1877/1731
f 1741/1887/1741 1742/1888/1742 1734/1880/1734
f 1743/1889/1743 1744/1890/1744 1742/1888/1742
f 1742/1888/1742 1745/1891/1745 1735/1881/1735
f 1735/1881/1735 1746/1892/1746 1738/1884/1738
f 1738/1884/1738 1659/1795/1659 1638/1774/1638
f 1736/1882/1736 1638/1774/1638 1636/1772/1636
f 1737/1883/1737 1636/1772/1636 1635/1771/1635
f 1724/1870/1724 1635/1771/1635 1633/1769/1633
f 1723/1869/1723 1737/1883/1737 1724/1870/1724
f 1722/1868/1722 1733/1879/1733 1723/1869/1723
f 1747/1893/1747 1748/1894/1748 1749/1895/1749
f 1750/1896/1750 1751/1897/1751 1748/1894/1748
f 1749/1895/1749 1752/1898/1752 1753/1899/1753
f 1748/1894/1748 1754/1900/1754 1752/1898/1752
f 1729/1875/1729 1747/1893/1747 1755/1901/1755
f 1727/1873/1727 1750/1896/1750 1747/1893/1747
f 1726/1872/1726 1756/1902/1756 1750/1896/1750
f 1725/1871/1725 1634/1770/1634 1756/1902/1756
f 1756/1902/1756 1644/1780/1644 1751/1897/1751
f 1751/1897/1751 1643/1779/1643 1754/1900/1754
f 1754/1900/1754 1614/1750/1614 1696/1837/1696
f 1752/1898/1752 1696/1837/1696 1694/1835/1694
f 1753/1899/1753 1694/1835/1694 1693/1834/1693
f 1757/1903/1757 1693/1834/1693 1692/1833/1692
f 1758/1904/1758 1753/1899/1753 1757/1903/1757
f 1755/1901/1755 1749/1895/1749 1758/1904/1758
f 1759/1905/1759 1760/1906/1760 1761/1907/1761
f 1762/1908/1762 1763/1909/1763 1759/1905/1759
f 1763/1909/1763 1764/1910/1764 1760/1906/1760
f 1765/1911/1765 1766/1912/1766 1763/1909/1763
f 533/1913/533 1767/1914/1767 72/1915/72
f 542/1916/542 1761/1907/1761 533/1913/533
f 541/1917/541 1759/1905/1759 542/1916/542
f 540/1918/540 1762/1908/1762 541/1917/541
f 1768/1919/1768 1765/1911/1765 1762/1908/1762
f 1769/1920/1769 1770/1921/1770 1765/1911/1765
f 1771/1922/1771 1772/1923/1772 1770/1921/1770
f 1770/1921/1770 1773/1924/1773 1766/1912/1766
f 1766/1912/1766 1774/1925/1774 1764/1910/1764
f 1764/1910/1764 1775/1926/1775 1776/1927/1776
f 1760/1906/1760 1776/1927/1776 1777/1928/1777
f 1761/1907/1761 1777/1928/1777 1767/1914/1767
f 1778/1929/1778 1779/1930/1779 1780/1931/1780
f 1781/1932/1781 1779/1930/1779 1782/1933/1782
f 1779/1930/1779 1783/1934/1783 1780/1931/1780
f 1779/1930/1779 1784/1935/1784 1785/1936/1785
f 540/1918/540 1778/1929/1778 1768/1919/1768
f 567/1937/567 1778/1929/1778 563/1938/563
f 566/1939/566 1782/1933/1782 567/1937/567
f 566/1939/566 1708/1850/1708 1781/1932/1781
f 1781/1932/1781 1707/1849/1707 1786/1940/1786
f 1786/1940/1786 1706/1848/1706 1784/1935/1784
f 1706/1848/1706 1657/1793/1657 1784/1935/1784
f 1784/1935/1784 1656/1792/1656 1785/1936/1785
f 1785/1936/1785 1653/1789/1653 1783/1934/1783
f 1783/1934/1783 1655/1791/1655 1771/1922/1771
f 1780/1931/1780 1771/1922/1771 1769/1920/1769
f 1778/1929/1778 1769/1920/1769 1768/1919/1768
f 1787/1941/1787 1788/1942/1788 1789/1943/1789
f 1790/1944/1790 1791/1945/1791 1787/1941/1787
f 1791/1945/1791 1792/1946/1792 1788/1942/1788
f 1793/1947/1793 1794/1948/1794 1791/1945/1791
f 1774/1925/1774 1795/1949/1795 1775/1926/1775
f 1773/1924/1773 1789/1943/1789 1774/1925/1774
f 1772/1923/1772 1787/1941/1787 1773/1924/1773
f 1655/1791/1655 1790/1944/1790 1772/1923/1772
f 1654/1790/1654 1793/1947/1793 1790/1944/1790
f 1661/1797/1661 1796/1950/1796 1793/1947/1793
f 1660/1796/1660 1746/1892/1746 1796/1950/1796
f 1796/1950/1796 1745/1891/1745 1794/1948/1794
f 1794/1948/1794 1744/1890/1744 1792/1946/1792
f 1792/1946/1792 1797/1951/1797 1798/1952/1798
f 1788/1942/1788 1798/1952/1798 1799/1953/1799
f 1789/1943/1789 1799/1953/1799 1795/1949/1795
f 1800/1954/1800 1801/1955/1801 1802/1956/1802
f 1803/1957/1803 1804/1958/1804 1800/1954/1800
f 1804/1958/1804 1805/1959/1805 1801/1955/1801
f 1806/1960/1806 1807/1961/1807 1804/1958/1804
f 1808/1962/1808 1809/1963/1809 1810/1964/1810
f 1811/1965/1811 1802/1956/1802 1808/1962/1808
f 1812/1966/1812 1800/1954/1800 1811/1965/1811
f 1813/1967/1813 1803/1957/1803 1812/1966/1812
f 1814/1968/1814 1806/1960/1806 1803/1957/1803
f 1815/1969/1815 1816/1970/1816 1806/1960/1806
f 1817/1971/1817 1818/1972/1818 1816/1970/1816
f 1816/1970/1816 1819/1973/1819 1807/1961/1807
f 1805/1959/1805 1819/1973/1819 1820/1974/1820
f 1805/1959/1805 1821/1975/1821 1822/1976/1822
f 1801/1955/1801 1822/1976/1822 1823/1977/1823
f 1802/1956/1802 1823/1977/1823 1809/1963/1809
f 1824/1978/1824 1825/1979/1825 1826/1980/1826
f 1827/1981/1827 1828/1982/1828 1825/1979/1825
f 1826/1980/1826 1829/1983/1829 1830/1984/1830
f 1825/1979/1825 1831/1985/1831 1829/1983/1829
f 1832/1986/1832 1824/1978/1824 1833/1987/1833
f 1834/1988/1834 1827/1981/1827 1824/1978/1824
f 1835/1989/1835 1836/1990/1836 1827/1981/1827
f 1837/1991/1837 1838/1992/1838 1836/1990/1836
f 1836/1990/1836 1839/1993/1839 1828/1982/1828
f 1828/1982/1828 1840/1994/1840 1831/1985/1831
f 1831/1985/1831 1841/1995/1841 1817/1971/1817
f 1829/1983/1829 1817/1971/1817 1815/1969/1815
f 1830/1984/1830 1815/1969/1815 1814/1968/1814
f 1842/1996/1842 1814/1968/1814 1813/1967/1813
f 1843/1997/1843 1830/1984/1830 1842/1996/1842
f 1833/1987/1833 1826/1980/1826 1843/1997/1843
f 1844/1998/1844 1845/1999/1845 1846/2000/1846
f 1847/2001/1847 1848/2002/1848 1844/1998/1844
f 1848/2002/1848 1849/2003/1849 1845/1999/1845
f 1848/2002/1848 1850/2004/1850 1851/2005/1851
f 1852/2006/1852 1853/2007/1853 1854/2008/1854
f 1855/2009/1855 1846/2000/1846 1852/2006/1852
f 1856/2010/1856 1844/1998/1844 1855/2009/1855
f 1821/1975/1821 1847/2001/1847 1856/2010/1856
f 1847/2001/1847 1819/1973/1819 1857/2011/1857
f 1819/1973/1819 1850/2004/1850 1857/2011/1857
f 1850/2004/1850 1841/1995/1841 1840/1994/1840
f 1851/2005/1851 1840/1994/1840 1839/1993/1839
f 1851/2005/1851 1838/1992/1838 1849/2003/1849
f 1849/2003/1849 1858/2012/1858 1859/2013/1859
f 1845/1999/1845 1859/2013/1859 1860/2014/1860
f 1846/2000/1846 1860/2014/1860 1853/2007/1853
f 1861/2015/1861 1862/2016/1862 1863/2017/1863
f 1864/2018/1864 1865/2019/1865 1861/2015/1861
f 1865/2019/1865 1866/2020/1866 1862/2016/1862
f 1867/2021/1867 1868/2022/1868 1865/2019/1865
f 1717/2023/1717 671/2024/671 673/2025/673
f 1730/2026/1730 1863/2017/1863 1717/2023/1717
f 1728/2027/1728 1861/2015/1861 1730/2026/1730
f 1729/2028/1729 1864/2018/1864 1728/2027/1728
f 1869/2029/1869 1867/2021/1867 1864/2018/1864
f 1870/2030/1870 1871/2031/1871 1867/2021/1867
f 1872/2032/1872 1873/2033/1873 1871/2031/1871
f 1871/2031/1871 1874/2034/1874 1868/2022/1868
f 1868/2022/1868 1875/2035/1875 1866/2020/1866
f 1866/2020/1866 694/2036/694 675/2037/675
f 1862/2016/1862 675/2037/675 674/2038/674
f 1863/2017/1863 674/2038/674 671/2024/671
f 1876/2039/1876 1877/2040/1877 1878/2041/1878
f 1879/2042/1879 1880/2043/1880 1876/2039/1876
f 1880/2043/1880 1881/2044/1881 1877/2040/1877
f 1882/2045/1882 1883/2046/1883 1880/2043/1880
f 1755/2047/1755 1869/2029/1869 1729/2028/1729
f 1758/2048/1758 1878/2041/1878 1755/2047/1755
f 1757/2049/1757 1876/2039/1876 1758/2048/1758
f 1692/2050/1692 1879/2042/1879 1757/2049/1757
f 1884/2051/1884 1882/2045/1882 1879/2042/1879
f 1885/2052/1885 1886/2053/1886 1882/2045/1882
f 1887/2054/1887 1812/1966/1812 1886/2053/1886
f 1886/2053/1886 1811/1965/1811 1883/2046/1883
f 1883/2046/1883 1808/1962/1808 1881/2044/1881
f 1881/2044/1881 1810/1964/1810 1872/2032/1872
f 1877/2040/1877 1872/2032/1872 1870/2030/1870
f 1878/2041/1878 1870/2030/1870 1869/2029/1869
f 1888/2055/1888 1889/2056/1889 1890/2057/1890
f 1891/2058/1891 1892/2059/1892 1888/2055/1888
f 1892/2059/1892 1893/2060/1893 1889/2056/1889
f 1894/2061/1894 1895/2062/1895 1892/2059/1892
f 1875/2035/1875 696/2063/696 694/2036/694
f 1874/2034/1874 1890/2057/1890 1875/2035/1875
f 1873/2033/1873 1888/2055/1888 1874/2034/1874
f 1810/1964/1810 1891/2058/1891 1873/2033/1873
f 1809/1963/1809 1894/2061/1894 1891/2058/1891
f 1823/1977/1823 1896/2064/1896 1894/2061/1894
f 1822/1976/1822 1897/2065/1897 1896/2064/1896
f 1896/2064/1896 1898/2066/1898 1895/2062/1895
f 1895/2062/1895 1899/2067/1899 1893/2060/1893
f 697/2068/697 1899/2067/1899 768/2069/768
f 1889/2056/1889 697/2068/697 695/2070/695
f 1890/2057/1890 695/2070/695 696/2063/696
f 1900/2071/1900 1901/2072/1901 1902/2073/1902
f 1903/2074/1903 1904/2075/1904 1901/2072/1901
f 1902/2073/1902 1905/2076/1905 1906/2077/1906
f 1901/2072/1901 1907/2078/1907 1905/2076/1905
f 336/2079/336 1900/2071/1900 1670/2080/1670
f 1568/2081/1568 1903/2074/1903 1900/2071/1900
f 1578/2082/1578 1908/2083/1908 1903/2074/1903
f 1577/2084/1577 1909/2085/1909 1908/2083/1908
f 1908/2083/1908 1910/2086/1910 1904/2075/1904
f 1904/2075/1904 1911/2087/1911 1907/2078/1907
f 1907/2078/1907 1832/1986/1832 1912/2088/1912
f 1905/2076/1905 1912/2088/1912 1913/2089/1913
f 1906/2077/1906 1913/2089/1913 1914/2090/1914
f 1672/2091/1672 1914/2090/1914 1673/2092/1673
f 1671/2093/1671 1906/2077/1906 1672/2091/1672
f 1670/2080/1670 1902/2073/1902 1671/2093/1671
f 1915/2094/1915 1916/2095/1916 1917/2096/1917
f 1918/2097/1918 1919/2098/1919 1916/2095/1916
f 1917/2096/1917 1920/2099/1920 1921/2100/1921
f 1916/2095/1916 1922/2101/1922 1920/2099/1920
f 1576/2102/1576 1915/2094/1915 1909/2085/1909
f 1596/2103/1596 1918/2097/1918 1915/2094/1915
f 1600/2104/1600 1923/2105/1923 1918/2097/1918
f 1599/2106/1599 1924/2107/1924 1923/2105/1923
f 1923/2105/1923 1925/2108/1925 1919/2098/1919
f 1919/2098/1919 1926/2109/1926 1922/2101/1922
f 1922/2101/1922 1858/2012/1858 1837/1991/1837
f 1920/2099/1920 1837/1991/1837 1835/1989/1835
f 1921/2100/1921 1835/1989/1835 1834/1988/1834
f 1911/2087/1911 1834/1988/1834 1832/1986/1832
f 1910/2086/1910 1921/2100/1921 1911/2087/1911
f 1909/2085/1909 1917/2096/1917 1910/2086/1910
f 1927/2110/1927 1928/2111/1928 1929/2112/1929
f 1930/2113/1930 1931/2114/1931 1928/2111/1928
f 1929/2112/1929 1932/2115/1932 1933/2116/1933
f 1928/2111/1928 1934/2117/1934 1932/2115/1932
f 1673/2092/1673 1927/2110/1927 1689/2118/1689
f 1914/2090/1914 1930/2113/1930 1927/2110/1927
f 1913/2089/1913 1935/2119/1935 1930/2113/1930
f 1912/2088/1912 1833/1987/1833 1935/2119/1935
f 1935/2119/1935 1843/1997/1843 1931/2114/1931
f 1931/2114/1931 1842/1996/1842 1934/2117/1934
f 1934/2117/1934 1813/1967/1813 1887/2054/1887
f 1932/2115/1932 1887/2054/1887 1885/2052/1885
f 1933/2116/1933 1885/2052/1885 1884/2051/1884
f 1691/2120/1691 1884/2051/1884 1692/2050/1692
f 1690/2121/1690 1933/2116/1933 1691/2120/1691
f 1689/2118/1689 1929/2112/1929 1690/2121/1690
f 1936/2122/1936 1937/2123/1937 1938/2124/1938
f 1939/2125/1939 1940/2126/1940 1936/2122/1936
f 1940/2126/1940 1941/2127/1941 1937/2123/1937
f 1942/2128/1942 1943/2129/1943 1940/2126/1940
f 726/2130/726 1519/2131/1519 727/2132/727
f 739/2133/739 1938/2124/1938 726/2130/726
f 737/2134/737 1936/2122/1936 739/2133/739
f 738/2135/738 1939/2125/1939 737/2134/737
f 1944/2136/1944 1942/2128/1942 1939/2125/1939
f 1945/2137/1945 1946/2138/1946 1942/2128/1942
f 1947/2139/1947 1948/2140/1948 1946/2138/1946
f 1946/2138/1946 1949/2141/1949 1943/2129/1943
f 1943/2129/1943 1950/2142/1950 1941/2127/1941
f 1941/2127/1941 1540/2143/1540 1522/2144/1522
f 1937/2123/1937 1522/2144/1522 1520/2145/1520
f 1938/2124/1938 1520/2145/1520 1519/2131/1519
f 1951/2146/1951 1952/2147/1952 1953/2148/1953
f 1951/2146/1951 1954/2149/1954 1955/2150/1955
f 1955/2150/1955 1956/2151/1956 1952/2147/1952
f 1954/2149/1954 1957/2152/1957 1955/2150/1955
f 765/2153/765 1944/2136/1944 738/2135/738
f 770/2154/770 1953/2148/1953 765/2153/765
f 769/2155/769 1951/2146/1951 770/2154/770
f 768/2069/768 1958/2156/1958 769/2155/769
f 1958/2156/1958 1898/2066/1898 1954/2149/1954
f 1954/2149/1954 1897/2065/1897 1959/2157/1959
f 1959/2157/1959 1821/1975/1821 1856/2010/1856
f 1959/2157/1959 1855/2009/1855 1957/2152/1957
f 1957/2152/1957 1852/2006/1852 1956/2151/1956
f 1956/2151/1956 1854/2008/1854 1947/2139/1947
f 1952/2147/1952 1947/2139/1947 1945/2137/1945
f 1953/2148/1953 1945/2137/1945 1944/2136/1944
f 1960/2158/1960 1961/2159/1961 1962/2160/1962
f 1963/2161/1963 1964/2162/1964 1960/2158/1960
f 1964/2162/1964 1965/2163/1965 1961/2159/1961
f 1966/2164/1966 1967/2165/1967 1964/2162/1964
f 1950/2142/1950 1541/2166/1541 1540/2143/1540
f 1949/2141/1949 1962/2160/1962 1950/2142/1950
f 1948/2140/1948 1960/2158/1960 1949/2141/1949
f 1854/2008/1854 1963/2161/1963 1948/2140/1948
f 1853/2007/1853 1966/2164/1966 1963/2161/1963
f 1860/2014/1860 1968/2167/1968 1966/2164/1966
f 1859/2013/1859 1926/2109/1926 1968/2167/1968
f 1968/2167/1968 1925/2108/1925 1967/2165/1967
f 1967/2165/1967 1924/2107/1924 1965/2163/1965
f 1965/2163/1965 1598/2168/1598 1544/2169/1544
f 1961/2159/1961 1544/2169/1544 1542/2170/1542
f 1962/2160/1962 1542/2170/1542 1541/2166/1541
f 1969/2171/1969 1970/2172/1970 1971/2173/1971
f 1972/2174/1972 1973/2175/1973 1969/2171/1969
f 1973/2175/1973 1974/2176/1974 1970/2172/1970
f 1975/2177/1975 1976/2178/1976 1973/2175/1973
f 1977/2179/1977 1971/2173/1971 1978/2180/1978
f 1979/2181/1979 1969/2171/1969 1971/2173/1971
f 1980/2182/1980 1969/2171/1969 1981/2183/1981
f 1982/2184/1982 1972/2174/1972 1980/2182/1980
f 1983/2185/1983 1975/2177/1975 1972/2174/1972
f 1984/2186/1984 1985/2187/1985 1975/2177/1975
f 1986/2188/1986 1987/2189/1987 1985/2187/1985
f 1985/2187/1985 1988/2190/1988 1976/2178/1976
f 1976/2178/1976 1989/2191/1989 1974/2176/1974
f 1974/2176/1974 1990/2192/1990 1991/2193/1991
f 1970/2172/1970 1991/2193/1991 1992/2194/1992
f 1971/2173/1971 1992/2194/1992 1978/2180/1978
f 1993/2195/1993 1994/2196/1994 1995/2197/1995
f 1996/2198/1996 1997/2199/1997 1994/2196/1994
f 1995/2197/1995 1998/2200/1998 1999/2201/1999
f 1994/2196/1994 2000/2202/2000 1998/2200/1998
f 2001/2203/2001 1993/2195/1993 2002/2204/2002
f 2003/2205/2003 1996/2198/1996 1993/2195/1993
f 2004/2206/2004 2005/2207/2005 1996/2198/1996
f 2006/2208/2006 2007/2209/2007 2005/2207/2005
f 2005/2207/2005 2008/2210/2008 1997/2199/1997
f 1997/2199/1997 2009/2211/2009 2000/2202/2000
f 2000/2202/2000 2010/2212/2010 1986/2188/1986
f 1998/2200/1998 1986/2188/1986 1984/2186/1984
f 1999/2201/1999 1984/2186/1984 1983/2185/1983
f 2011/2213/2011 1983/2185/1983 1982/2184/1982
f 2012/2214/2012 1999/2201/1999 2011/2213/2011
f 2002/2204/2002 1995/2197/1995 2012/2214/2012
f 2013/2215/2013 2014/2216/2014 2015/2217/2015
f 2016/2218/2016 2017/2219/2017 2013/2215/2013
f 2017/2219/2017 2018/2220/2018 2014/2216/2014
f 2019/2221/2019 2020/2222/2020 2017/2219/2017
f 2021/2223/2021 2022/2224/2022 2023/2225/2023
f 2024/2226/2024 2015/2217/2015 2021/2223/2021
f 2025/2227/2025 2013/2215/2013 2024/2226/2024
f 1990/2192/1990 2016/2218/2016 2025/2227/2025
f 1989/2191/1989 2019/2221/2019 2016/2218/2016
f 2019/2221/2019 1987/2189/1987 2026/2228/2026
f 2026/2228/2026 2010/2212/2010 2009/2211/2009
f 2026/2228/2026 2008/2210/2008 2020/2222/2020
f 2020/2222/2020 2007/2209/2007 2018/2220/2018
f 2018/2220/2018 2027/2229/2027 2028/2230/2028
f 2014/2216/2014 2028/2230/2028 2029/2231/2029
f 2015/2217/2015 2029/2231/2029 2022/2224/2022
f 2030/2232/2030 2031/2233/2031 2032/2234/2032
f 2033/2235/2033 2034/2236/2034 2030/2232/2030
f 2034/2236/2034 2035/2237/2035 2031/2233/2031
f 2036/2238/2036 2037/2239/2037 2034/2236/2034
f 1319/2240/1319 888/2241/888 890/2242/890
f 1332/2243/1332 2032/2234/2032 1319/2240/1319
f 1330/2244/1330 2030/2232/2030 1332/2243/1332
f 1331/2245/1331 2033/2235/2033 1330/2244/1330
f 2038/2246/2038 2036/2238/2036 2033/2235/2033
f 2039/2247/2039 2040/2248/2040 2036/2238/2036
f 2041/2249/2041 2042/2250/2042 2040/2248/2040
f 2040/2248/2040 2043/2251/2043 2037/2239/2037
f 2037/2239/2037 2044/2252/2044 2035/2237/2035
f 2035/2237/2035 911/2253/911 892/2254/892
f 2031/2233/2031 892/2254/892 891/2255/891
f 2032/2234/2032 891/2255/891 888/2241/888
f 2045/2256/2045 2046/2257/2046 2047/2258/2047
f 2048/2259/2048 2049/2260/2049 2045/2256/2045
f 2049/2260/2049 2050/2261/2050 2046/2257/2046
f 2051/2262/2051 2052/2263/2052 2049/2260/2049
f 1357/2264/1357 2038/2246/2038 1331/2245/1331
f 1360/2265/1360 2047/2258/2047 1357/2264/1357
f 1359/2266/1359 2045/2256/2045 1360/2265/1360
f 1294/2267/1294 2048/2259/2048 1359/2266/1359
f 2053/2268/2053 2051/2262/2051 2048/2259/2048
f 2054/2269/2054 2055/2270/2055 2051/2262/2051
f 2056/2271/2056 1980/2182/1980 2055/2270/2055
f 2055/2270/2055 1981/2183/1981 2052/2263/2052
f 2050/2261/2050 1981/2183/1981 1979/2181/1979
f 2050/2261/2050 1977/2179/1977 2041/2249/2041
f 2046/2257/2046 2041/2249/2041 2039/2247/2039
f 2047/2258/2047 2039/2247/2039 2038/2246/2038
f 2057/2272/2057 2058/2273/2058 2059/2274/2059
f 2060/2275/2060 2061/2276/2061 2057/2272/2057
f 2061/2276/2061 2062/2277/2062 2058/2273/2058
f 2063/2278/2063 2064/2279/2064 2061/2276/2061
f 2044/2252/2044 910/2280/910 911/2253/911
f 2043/2251/2043 2059/2274/2059 2044/2252/2044
f 2042/2250/2042 2057/2272/2057 2043/2251/2043
f 1977/2179/1977 2060/2275/2060 2042/2250/2042
f 1978/2180/1978 2063/2278/2063 2060/2275/2060
f 1992/2194/1992 2065/2281/2065 2063/2278/2063
f 1991/2193/1991 2066/2282/2066 2065/2281/2065
f 2065/2281/2065 2067/2283/2067 2064/2279/2064
f 2064/2279/2064 2068/2284/2068 2062/2277/2062
f 913/2285/913 2068/2284/2068 914/2286/914
f 912/2287/912 2062/2277/2062 913/2285/913
f 2059/2274/2059 912/2287/912 910/2280/910
f 2069/2288/2069 2070/2289/2070 2071/2290/2071
f 2072/2291/2072 2073/2292/2073 2070/2289/2070
f 2071/2290/2071 2074/2293/2074 2075/2294/2075
f 2070/2289/2070 2076/2295/2076 2074/2293/2074
f 72/2296/72 2069/2288/2069 1272/2297/1272
f 1767/2298/1767 2072/2291/2072 2069/2288/2069
f 1777/2299/1777 2077/2300/2077 2072/2291/2072
f 1776/2301/1776 2078/2302/2078 2077/2300/2077
f 2077/2300/2077 2079/2303/2079 2073/2292/2073
f 2073/2292/2073 2080/2304/2080 2076/2295/2076
f 2076/2295/2076 2001/2203/2001 2081/2305/2081
f 2074/2293/2074 2081/2305/2081 2082/2306/2082
f 2075/2294/2075 2082/2306/2082 2083/2307/2083
f 1274/2308/1274 2083/2307/2083 1275/2309/1275
f 1273/2310/1273 2075/2294/2075 1274/2308/1274
f 1272/2297/1272 2071/2290/2071 1273/2310/1273
f 2084/2311/2084 2085/2312/2085 2086/2313/2086
f 2087/2314/2087 2088/2315/2088 2085/2312/2085
f 2086/2313/2086 2089/2316/2089 2090/2317/2090
f 2085/2312/2085 2091/2318/2091 2089/2316/2089
f 1775/2319/1775 2084/2311/2084 2078/2302/2078
f 1795/2320/1795 2087/2314/2087 2084/2311/2084
f 1799/2321/1799 2092/2322/2092 2087/2314/2087
f 1798/2323/1798 2093/2324/2093 2092/2322/2092
f 2092/2322/2092 2094/2325/2094 2088/2315/2088
f 2088/2315/2088 2095/2326/2095 2091/2318/2091
f 2091/2318/2091 2027/2229/2027 2006/2208/2006
f 2089/2316/2089 2006/2208/2006 2004/2206/2004
f 2090/2317/2090 2004/2206/2004 2003/2205/2003
f 2080/2304/2080 2003/2205/2003 2001/2203/2001
f 2079/2303/2079 2090/2317/2090 2080/2304/2080
f 2078/2302/2078 2086/2313/2086 2079/2303/2079
f 2096/2327/2096 2097/2328/2097 2098/2329/2098
f 2099/2330/2099 2100/2331/2100 2097/2328/2097
f 2098/2329/2098 2101/2332/2101 2102/2333/2102
f 2097/2328/2097 2103/2334/2103 2101/2332/2101
f 1275/2309/1275 2096/2327/2096 1291/2335/1291
f 2083/2307/2083 2099/2330/2099 2096/2327/2096
f 2082/2306/2082 2104/2336/2104 2099/2330/2099
f 2081/2305/2081 2002/2204/2002 2104/2336/2104
f 2104/2336/2104 2012/2214/2012 2100/2331/2100
f 2100/2331/2100 2011/2213/2011 2103/2334/2103
f 2103/2334/2103 1982/2184/1982 2056/2271/2056
f 2101/2332/2101 2056/2271/2056 2054/2269/2054
f 2102/2333/2102 2054/2269/2054 2053/2268/2053
f 1293/2337/1293 2053/2268/2053 1294/2267/1294
f 1292/2338/1292 2102/2333/2102 1293/2337/1293
f 1291/2335/1291 2098/2329/2098 1292/2338/1292
f 2105/2339/2105 2106/2340/2106 2107/2341/2107
f 2108/2342/2108 2109/2343/2109 2105/2339/2105
f 2109/2343/2109 2110/2344/2110 2106/2340/2106
f 2111/2345/2111 2112/2346/2112 2109/2343/2109
f 944/2347/944 1718/2348/1718 673/2349/673
f 954/2350/954 2107/2341/2107 944/2347/944
f 952/2351/952 2105/2339/2105 954/2350/954
f 953/2352/953 2108/2342/2108 952/2351/952
f 2113/2353/2113 2111/2345/2111 2108/2342/2108
f 2114/2354/2114 2115/2355/2115 2111/2345/2111
f 2116/2356/2116 2117/2357/2117 2115/2355/2115
f 2115/2355/2115 2118/2358/2118 2112/2346/2112
f 2112/2346/2112 2119/2359/2119 2110/2344/2110
f 2110/2344/2110 1739/2360/1739 1721/2361/1721
f 2106/2340/2106 1721/2361/1721 1719/2362/1719
f 2107/2341/2107 1719/2362/1719 1718/2348/1718
f 2120/2363/2120 2121/2364/2121 2122/2365/2122
f 2123/2366/2123 2124/2367/2124 2120/2363/2120
f 2124/2367/2124 2125/2368/2125 2121/2364/2121
f 2126/2369/2126 2127/2370/2127 2124/2367/2124
f 975/2371/975 2113/2353/2113 953/2352/953
f 978/2372/978 2122/2365/2122 975/2371/975
f 977/2373/977 2120/2363/2120 978/2372/978
f 914/2286/914 2123/2366/2123 977/2373/977
f 2068/2284/2068 2126/2369/2126 2123/2366/2123
f 2067/2283/2067 2128/2374/2128 2126/2369/2126
f 2066/2282/2066 2025/2227/2025 2128/2374/2128
f 2128/2374/2128 2024/2226/2024 2127/2370/2127
f 2127/2370/2127 2021/2223/2021 2125/2368/2125
f 2125/2368/2125 2023/2225/2023 2116/2356/2116
f 2121/2364/2121 2116/2356/2116 2114/2354/2114
f 2122/2365/2122 2114/2354/2114 2113/2353/2113
f 2129/2375/2129 2130/2376/2130 2131/2377/2131
f 2132/2378/2132 2133/2379/2133 2129/2375/2129
f 2133/2379/2133 2134/2380/2134 2130/2376/2130
f 2135/2381/2135 2136/2382/2136 2133/2379/2133
f 2119/2359/2119 1740/2383/1740 1739/2360/1739
f 2118/2358/2118 2131/2377/2131 2119/2359/2119
f 2117/2357/2117 2129/2375/2129 2118/2358/2118
f 2023/2225/2023 2132/2378/2132 2117/2357/2117
f 2022/2224/2022 2135/2381/2135 2132/2378/2132
f 2029/2231/2029 2137/2384/2137 2135/2381/2135
f 2028/2230/2028 2095/2326/2095 2137/2384/2137
f 2137/2384/2137 2094/2325/2094 2136/2382/2136
f 2136/2382/2136 2093/2324/2093 2134/2380/2134
f 2134/2380/2134 1797/2385/1797 1743/2386/1743
f 2130/2376/2130 1743/2386/1743 1741/2387/1741
f 2131/2377/2131 1741/2387/1741 1740/2383/1740
f 2138/2388/2138 2139/2389/2139 2140/2390/2140
f 2141/2391/2141 2142/2392/2142 2138/2388/2138
f 2142/2392/2142 2143/2393/2143 2139/2389/2139
f 2144/2394/2144 2145/2395/2145 2142/2392/2142
f 2146/2396/2146 2147/2397/2147 2148/2398/2148
f 2146/2396/2146 2138/2388/2138 2140/2390/2140
f 2149/2399/2149 2138/2388/2138 2150/2400/2150
f 2151/2401/2151 2141/2391/2141 2149/2399/2149
f 2152/2402/2152 2144/2394/2144 2141/2391/2141
f 2153/2403/2153 2154/2404/2154 2144/2394/2144
f 2155/2405/2155 2156/2406/2156 2154/2404/2154
f 2154/2404/2154 2157/2407/2157 2145/2395/2145
f 2145/2395/2145 2158/2408/2158 2143/2393/2143
f 2143/2393/2143 2159/2409/2159 2160/2410/2160
f 2139/2389/2139 2160/2410/2160 2161/2411/2161
f 2140/2390/2140 2161/2411/2161 2147/2397/2147
f 2162/2412/2162 2163/2413/2163 2164/2414/2164
f 2165/2415/2165 2166/2416/2166 2163/2413/2163
f 2164/2414/2164 2167/2417/2167 2168/2418/2168
f 2163/2413/2163 2169/2419/2169 2167/2417/2167
f 2170/2420/2170 2162/2412/2162 2171/2421/2171
f 2172/2422/2172 2165/2415/2165 2162/2412/2162
f 2173/2423/2173 2174/2424/2174 2165/2415/2165
f 2175/2425/2175 2176/2426/2176 2174/2424/2174
f 2174/2424/2174 2177/2427/2177 2166/2416/2166
f 2166/2416/2166 2178/2428/2178 2169/2419/2169
f 2169/2419/2169 2179/2429/2179 2155/2405/2155
f 2167/2417/2167 2155/2405/2155 2153/2403/2153
f 2168/2418/2168 2153/2403/2153 2152/2402/2152
f 2180/2430/2180 2152/2402/2152 2151/2401/2151
f 2181/2431/2181 2168/2418/2168 2180/2430/2180
f 2171/2421/2171 2164/2414/2164 2181/2431/2181
f 2182/2432/2182 2183/2433/2183 2184/2434/2184
f 2185/2435/2185 2186/2436/2186 2182/2432/2182
f 2186/2436/2186 2187/2437/2187 2183/2433/2183
f 2188/2438/2188 2189/2439/2189 2186/2436/2186
f 2190/2440/2190 2191/2441/2191 2192/2442/2192
f 2193/2443/2193 2184/2434/2184 2190/2440/2190
f 2194/2444/2194 2182/2432/2182 2193/2443/2193
f 2159/2409/2159 2185/2435/2185 2194/2444/2194
f 2185/2435/2185 2157/2407/2157 2188/2438/2188
f 2157/2407/2157 2195/2445/2195 2188/2438/2188
f 2156/2406/2156 2178/2428/2178 2195/2445/2195
f 2195/2445/2195 2177/2427/2177 2189/2439/2189
f 2189/2439/2189 2176/2426/2176 2187/2437/2187
f 2187/2437/2187 2196/2446/2196 2197/2447/2197
f 2183/2433/2183 2197/2447/2197 2198/2448/2198
f 2184/2434/2184 2198/2448/2198 2191/2441/2191
f 2199/2449/2199 2200/2450/2200 2201/2451/2201
f 2202/2452/2202 2203/2453/2203 2199/2449/2199
f 2203/2453/2203 2204/2454/2204 2200/2450/2200
f 2205/2455/2205 2206/2456/2206 2203/2453/2203
f 1518/2457/1518 1088/2458/1088 727/2459/727
f 1531/2460/1531 2201/2451/2201 1518/2457/1518
f 1529/2461/1529 2199/2449/2199 1531/2460/1531
f 1530/2462/1530 2202/2452/2202 1529/2461/1529
f 2207/2463/2207 2205/2455/2205 2202/2452/2202
f 2208/2464/2208 2209/2465/2209 2205/2455/2205
f 2210/2466/2210 2211/2467/2211 2209/2465/2209
f 2209/2465/2209 2212/2468/2212 2206/2456/2206
f 2206/2456/2206 2213/2469/2213 2204/2454/2204
f 2204/2454/2204 1107/2470/1107 1090/2471/1090
f 2200/2450/2200 1090/2471/1090 1089/2472/1089
f 2201/2451/2201 1089/2472/1089 1088/2458/1088
f 2214/2473/2214 2215/2474/2215 2216/2475/2216
f 2217/2476/2217 2218/2477/2218 2214/2473/2214
f 2218/2477/2218 2219/2478/2219 2215/2474/2215
f 2220/2479/2220 2221/2480/2221 2218/2477/2218
f 1556/2481/1556 2207/2463/2207 1530/2462/1530
f 1559/2482/1559 2216/2475/2216 1556/2481/1556
f 1558/2483/1558 2214/2473/2214 1559/2482/1559
f 1493/2484/1493 2217/2476/2217 1558/2483/1558
f 2222/2485/2222 2220/2479/2220 2217/2476/2217
f 2223/2486/2223 2224/2487/2224 2220/2479/2220
f 2225/2488/2225 2149/2399/2149 2224/2487/2224
f 2224/2487/2224 2150/2400/2150 2221/2480/2221
f 2221/2480/2221 2146/2396/2146 2219/2478/2219
f 2219/2478/2219 2148/2398/2148 2210/2466/2210
f 2215/2474/2215 2210/2466/2210 2208/2464/2208
f 2216/2475/2216 2208/2464/2208 2207/2463/2207
f 2226/2489/2226 2227/2490/2227 2228/2491/2228
f 2229/2492/2229 2230/2493/2230 2226/2489/2226
f 2227/2490/2227 2231/2494/2231 2232/2495/2232
f 2233/2496/2233 2231/2494/2231 2230/2493/2230
f 2213/2469/2213 1106/2497/1106 1107/2470/1107
f 2212/2468/2212 2228/2491/2228 2213/2469/2213
f 2211/2467/2211 2226/2489/2226 2212/2468/2212
f 2148/2398/2148 2229/2492/2229 2211/2467/2211
f 2147/2397/2147 2233/2496/2233 2229/2492/2229
f 2161/2411/2161 2234/2498/2234 2233/2496/2233
f 2160/2410/2160 2235/2499/2235 2234/2498/2234
f 2234/2498/2234 2236/2500/2236 2231/2494/2231
f 2231/2494/2231 2237/2501/2237 2232/2495/2232
f 1110/2502/1110 2237/2501/2237 1109/2503/1109
f 2227/2490/2227 1110/2502/1110 1108/2504/1108
f 2228/2491/2228 1108/2504/1108 1106/2497/1106
f 2238/2505/2238 2239/2506/2239 2240/2507/2240
f 2241/2508/2241 2242/2509/2242 2239/2506/2239
f 2240/2507/2240 2243/2510/2243 2244/2511/2244
f 2239/2506/2239 2245/2512/2245 2243/2510/2243
f 126/2513/126 2238/2505/2238 1471/2514/1471
f 1369/2515/1369 2241/2508/2241 2238/2505/2238
f 1379/2516/1379 2246/2517/2246 2241/2508/2241
f 1378/2518/1378 2247/2519/2247 2246/2517/2246
f 2246/2517/2246 2248/2520/2248 2242/2509/2242
f 2242/2509/2242 2249/2521/2249 2245/2512/2245
f 2245/2512/2245 2170/2420/2170 2250/2522/2250
f 2243/2510/2243 2250/2522/2250 2251/2523/2251
f 2244/2511/2244 2251/2523/2251 2252/2524/2252
f 1473/2525/1473 2252/2524/2252 1474/2526/1474
f 1472/2527/1472 2244/2511/2244 1473/2525/1473
f 1471/2514/1471 2240/2507/2240 1472/2527/1472
f 2253/2528/2253 2254/2529/2254 2255/2530/2255
f 2256/2531/2256 2257/2532/2257 2254/2529/2254
f 2255/2530/2255 2258/2533/2258 2259/2534/2259
f 2254/2529/2254 2260/2535/2260 2258/2533/2258
f 1377/2536/1377 2253/2528/2253 2247/2519/2247
f 1397/2537/1397 2256/2531/2256 2253/2528/2253
f 1401/2538/1401 2261/2539/2261 2256/2531/2256
f 1400/2540/1400 2262/2541/2262 2261/2539/2261
f 2261/2539/2261 2263/2542/2263 2257/2532/2257
f 2257/2532/2257 2264/2543/2264 2260/2535/2260
f 2260/2535/2260 2196/2446/2196 2175/2425/2175
f 2258/2533/2258 2175/2425/2175 2173/2423/2173
f 2259/2534/2259 2173/2423/2173 2172/2422/2172
f 2249/2521/2249 2172/2422/2172 2170/2420/2170
f 2248/2520/2248 2259/2534/2259 2249/2521/2249
f 2247/2519/2247 2255/2530/2255 2248/2520/2248
f 2265/2544/2265 2266/2545/2266 2267/2546/2267
f 2268/2547/2268 2269/2548/2269 2266/2545/2266
f 2267/2546/2267 2270/2549/2270 2271/2550/2271
f 2266/2545/2266 2272/2551/2272 2270/2549/2270
f 1474/2526/1474 2265/2544/2265 1490/2552/1490
f 2252/2524/2252 2268/2547/2268 2265/2544/2265
f 2251/2523/2251 2273/2553/2273 2268/2547/2268
f 2250/2522/2250 2171/2421/2171 2273/2553/2273
f 2273/2553/2273 2181/2431/2181 2269/2548/2269
f 2269/2548/2269 2180/2430/2180 2272/2551/2272
f 2272/2551/2272 2151/2401/2151 2225/2488/2225
f 2270/2549/2270 2225/2488/2225 2223/2486/2223
f 2271/2550/2271 2223/2486/2223 2222/2485/2222
f 1492/2554/1492 2222/2485/2222 1493/2484/1493
f 1491/2555/1491 2271/2550/2271 1492/2554/1492
f 1490/2552/1490 2267/2546/2267 1491/2555/1491
f 2274/2556/2274 2275/2557/2275 2276/2558/2276
f 2277/2559/2277 2278/2560/2278 2274/2556/2274
f 2278/2560/2278 2279/2561/2279 2275/2557/2275
f 2280/2562/2280 2281/2563/2281 2278/2560/2278
f 1133/2564/1133 1320/2565/1320 890/2566/890
f 1143/2567/1143 2276/2558/2276 1133/2564/1133
f 1142/2568/1142 2274/2556/2274 1143/2567/1143
f 1141/2569/1141 2277/2559/2277 1142/2568/1142
f 2282/2570/2282 2280/2562/2280 2277/2559/2277
f 2283/2571/2283 2284/2572/2284 2280/2562/2280
f 2285/2573/2285 2286/2574/2286 2284/2572/2284
f 2284/2572/2284 2287/2575/2287 2281/2563/2281
f 2281/2563/2281 2288/2576/2288 2279/2561/2279
f 2279/2561/2279 1341/2577/1341 1323/2578/1323
f 2275/2557/2275 1323/2578/1323 1321/2579/1321
f 2276/2558/2276 1321/2579/1321 1320/2565/1320
f 2289/2580/2289 2290/2581/2290 2291/2582/2291
f 2292/2583/2292 2293/2584/2293 2289/2580/2289
f 2293/2584/2293 2294/2585/2294 2290/2581/2290
f 2293/2584/2293 2295/2586/2295 2296/2587/2296
f 1163/2588/1163 2282/2570/2282 1141/2569/1141
f 1168/2589/1168 2291/2582/2291 1163/2588/1163
f 1167/2590/1167 2289/2580/2289 1168/2589/1168
f 1167/2590/1167 2237/2501/2237 2292/2583/2292
f 2237/2501/2237 2297/2591/2297 2292/2583/2292
f 2297/2591/2297 2235/2499/2235 2295/2586/2295
f 2235/2499/2235 2194/2444/2194 2295/2586/2295
f 2295/2586/2295 2193/2443/2193 2296/2587/2296
f 2296/2587/2296 2190/2440/2190 2294/2585/2294
f 2294/2585/2294 2192/2442/2192 2285/2573/2285
f 2290/2581/2290 2285/2573/2285 2283/2571/2283
f 2291/2582/2291 2283/2571/2283 2282/2570/2282
f 2298/2592/2298 2299/2593/2299 2300/2594/2300
f 2301/2595/2301 2302/2596/2302 2298/2592/2298
f 2302/2596/2302 2303/2597/2303 2299/2593/2299
f 2304/2598/2304 2305/2599/2305 2302/2596/2302
f 2288/2576/2288 1342/2600/1342 1341/2577/1341
f 2287/2575/2287 2300/2594/2300 2288/2576/2288
f 2286/2574/2286 2298/2592/2298 2287/2575/2287
f 2192/2442/2192 2301/2595/2301 2286/2574/2286
f 2191/2441/2191 2304/2598/2304 2301/2595/2301
f 2198/2448/2198 2306/2601/2306 2304/2598/2304
f 2197/2447/2197 2264/2543/2264 2306/2601/2306
f 2306/2601/2306 2263/2542/2263 2305/2599/2305
f 2305/2599/2305 2262/2541/2262 2303/2597/2303
f 2303/2597/2303 1399/2602/1399 1345/2603/1345
f 2299/2593/2299 1345/2603/1345 1343/2604/1343
f 2300/2594/2300 1343/2604/1343 1342/2600/1342
f 1/1/1 5/5/5 2/2/2
f 4/4/4 7/7/7 5/5/5
f 5/5/5 8/8/8 6/6/6
f 7/7/7 16/16/16 8/8/8
f 9/9/9 3/3/3 10/10/10
f 12/12/12 1/1/1 3/3/3
f 13/13/13 4/4/4 1/1/1
f 13/13/13 42/42/42 14/14/14
f 14/14/14 41/41/41 7/7/7
f 7/7/7 41/41/41 15/15/15
f 16/16/16 15/15/15 17/17/17
f 16/16/16 18/18/18 19/19/19
f 8/8/8 19/19/19 20/20/20
f 6/6/6 20/20/20 21/21/21
f 2/2/2 6/6/6 22/22/22
f 3/3/3 2/2/2 23/23/23
f 24/24/24 28/28/28 25/25/25
f 27/27/27 30/30/30 28/28/28
f 28/28/28 31/31/31 29/29/29
f 30/30/30 40/40/40 31/31/31
f 32/32/32 35/35/35 26/26/26
f 34/34/34 24/24/24 26/26/26
f 34/34/34 37/37/37 27/27/27
f 36/36/36 38/38/38 27/27/27
f 38/38/38 39/39/39 30/30/30
f 39/39/39 59/59/59 40/40/40
f 40/40/40 59/59/59 17/17/17
f 31/31/31 40/40/40 15/15/15
f 31/31/31 41/41/41 14/14/14
f 29/29/29 14/14/14 42/42/42
f 25/25/25 29/29/29 43/43/43
f 26/26/26 25/25/25 44/44/44
f 45/45/45 48/48/48 46/46/46
f 48/48/48 57/57/57 49/49/49
f 47/47/47 46/46/46 50/50/50
f 46/46/46 49/49/49 52/52/52
f 53/53/53 55/55/55 45/45/45
f 55/55/55 56/56/56 48/48/48
f 56/56/56 58/58/58 57/57/57
f 58/58/58 21/21/21 20/20/20
f 57/57/57 20/20/20 19/19/19
f 49/49/49 19/19/19 18/18/18
f 52/52/52 18/18/18 17/17/17
f 50/50/50 52/52/52 59/59/59
f 51/51/51 50/50/50 39/39/39
f 60/60/60 51/51/51 38/38/38
f 61/61/61 47/47/47 51/51/51
f 54/54/54 45/45/45 47/47/47
f 62/62/62 66/66/66 63/63/63
f 65/65/65 68/68/68 66/66/66
f 66/66/66 69/69/69 67/67/67
f 68/68/68 77/77/77 69/69/69
f 70/70/70 64/64/64 71/71/71
f 70/70/70 74/74/74 62/62/62
f 73/73/73 65/65/65 62/62/62
f 73/73/73 92/92/92 75/75/75
f 75/75/75 76/76/76 68/68/68
f 76/76/76 78/78/78 77/77/77
f 78/78/78 11/11/11 79/79/79
f 77/77/77 79/79/79 80/80/80
f 69/69/69 80/80/80 81/81/81
f 67/67/67 81/81/81 82/82/82
f 63/63/63 67/67/67 83/83/83
f 64/64/64 63/63/63 84/84/84
f 85/85/85 89/89/89 86/86/86
f 85/85/85 97/97/97 88/88/88
f 86/86/86 89/89/89 90/90/90
f 88/88/88 99/99/99 90/90/90
f 92/92/92 93/93/93 87/87/87
f 93/93/93 95/95/95 85/85/85
f 94/94/94 97/97/97 85/85/85
f 94/94/94 166/166/166 96/96/96
f 97/97/97 96/96/96 98/98/98
f 98/98/98 165/165/165 99/99/99
f 99/99/99 165/165/165 42/42/42
f 90/90/90 99/99/99 13/13/13
f 91/91/91 90/90/90 12/12/12
f 91/91/91 9/9/9 11/11/11
f 76/76/76 86/86/86 91/91/91
f 87/87/87 86/86/86 76/76/76
f 100/100/100 104/104/104 101/101/101
f 103/103/103 109/109/109 104/104/104
f 104/104/104 107/107/107 105/105/105
f 104/104/104 109/109/109 106/106/106
f 82/82/82 81/81/81 102/102/102
f 80/80/80 100/100/100 102/102/102
f 79/79/79 103/103/103 100/100/100
f 11/11/11 10/10/10 103/103/103
f 10/10/10 23/23/23 109/109/109
f 23/23/23 22/22/22 106/106/106
f 22/22/22 21/21/21 110/110/110
f 106/106/106 110/110/110 111/111/111
f 107/107/107 111/111/111 112/112/112
f 105/105/105 112/112/112 113/113/113
f 115/115/115 101/101/101 105/105/105
f 102/102/102 101/101/101 115/115/115
f 116/116/116 120/120/120 117/117/117
f 119/119/119 122/122/122 120/120/120
f 120/120/120 123/123/123 121/121/121
f 122/122/122 132/132/132 123/123/123
f 124/124/124 118/118/118 125/125/125
f 127/127/127 116/116/116 118/118/118
f 128/128/128 119/119/119 116/116/116
f 129/129/129 130/130/130 119/119/119
f 130/130/130 154/154/154 122/122/122
f 122/122/122 154/154/154 131/131/131
f 131/131/131 32/32/32 133/133/133
f 123/123/123 132/132/132 133/133/133
f 123/123/123 134/134/134 135/135/135
f 121/121/121 135/135/135 136/136/136
f 138/138/138 117/117/117 121/121/121
f 125/125/125 118/118/118 117/117/117
f 139/139/139 143/143/143 140/140/140
f 142/142/142 146/146/146 143/143/143
f 140/140/140 143/143/143 144/144/144
f 146/146/146 152/152/152 144/144/144
f 147/147/147 141/141/141 130/130/130
f 148/148/148 139/139/139 141/141/141
f 148/148/148 149/149/149 142/142/142
f 149/149/149 215/215/215 150/150/150
f 150/150/150 151/151/151 146/146/146
f 151/151/151 153/153/153 152/152/152
f 153/153/153 36/36/36 37/37/37
f 152/152/152 37/37/37 34/34/34
f 145/145/145 144/144/144 34/34/34
f 145/145/145 35/35/35 32/32/32
f 140/140/140 145/145/145 131/131/131
f 141/141/141 140/140/140 154/154/154
f 155/155/155 159/159/159 156/156/156
f 158/158/158 162/162/162 159/159/159
f 156/156/156 159/159/159 160/160/160
f 162/162/162 164/164/164 160/160/160
f 135/135/135 157/157/157 163/163/163
f 134/134/134 155/155/155 157/157/157
f 133/133/133 158/158/158 155/155/155
f 32/32/32 33/33/33 158/158/158
f 33/33/33 44/44/44 162/162/162
f 44/44/44 43/43/43 164/164/164
f 43/43/43 42/42/42 165/165/165
f 164/164/164 165/165/165 98/98/98
f 160/160/160 98/98/98 96/96/96
f 161/161/161 96/96/96 166/166/166
f 168/168/168 156/156/156 161/161/161
f 163/163/163 157/157/157 156/156/156
f 169/169/169 172/172/172 170/170/170
f 172/172/172 181/181/181 173/173/173
f 171/171/171 170/170/170 174/174/174
f 170/170/170 173/173/173 176/176/176
f 177/177/177 169/169/169 178/178/178
f 177/177/177 180/180/180 172/172/172
f 180/180/180 182/182/182 181/181/181
f 182/182/182 200/200/200 183/183/183
f 181/181/181 183/183/183 184/184/184
f 173/173/173 184/184/184 185/185/185
f 176/176/176 185/185/185 53/53/53
f 174/174/174 176/176/176 186/186/186
f 175/175/175 174/174/174 187/187/187
f 189/189/189 175/175/175 188/188/188
f 171/171/171 175/175/175 189/189/189
f 178/178/178 169/169/169 171/171/171
f 192/192/192 195/195/195 193/193/193
f 195/195/195 203/203/203 196/196/196
f 194/194/194 193/193/193 197/197/197
f 193/193/193 196/196/196 199/199/199
f 200/200/200 201/201/201 192/192/192
f 201/201/201 202/202/202 195/195/195
f 202/202/202 204/204/204 203/203/203
f 204/204/204 113/113/113 112/112/112
f 203/203/203 112/112/112 111/111/111
f 196/196/196 111/111/111 110/110/110
f 199/199/199 110/110/110 21/21/21
f 197/197/197 199/199/199 58/58/58
f 198/198/198 197/197/197 56/56/56
f 185/185/185 198/198/198 55/55/55
f 184/184/184 194/194/194 198/198/198
f 183/183/183 192/192/192 194/194/194
f 205/205/205 208/208/208 206/206/206
f 208/208/208 214/214/214 209/209/209
f 206/206/206 212/212/212 210/210/210
f 206/206/206 209/209/209 211/211/211
f 190/190/190 188/188/188 205/205/205
f 188/188/188 187/187/187 208/208/208
f 187/187/187 186/186/186 214/214/214
f 186/186/186 53/53/53 54/54/54
f 214/214/214 54/54/54 61/61/61
f 209/209/209 61/61/61 60/60/60
f 211/211/211 60/60/60 36/36/36
f 212/212/212 211/211/211 153/153/153
f 210/210/210 212/212/212 151/151/151
f 210/210/210 150/150/150 215/215/215
f 217/217/217 207/207/207 210/210/210
f 213/213/213 205/205/205 207/207/207
f 218/218/218 222/222/222 219/219/219
f 221/221/221 224/224/224 222/222/222
f 222/222/222 225/225/225 223/223/223
f 224/224/224 233/233/233 225/225/225
f 226/226/226 220/220/220 227/227/227
f 229/229/229 218/218/218 220/220/220
f 230/230/230 221/221/221 218/218/218
f 231/231/231 259/259/259 221/221/221
f 221/221/221 259/259/259 232/232/232
f 232/232/232 258/258/258 233/233/233
f 233/233/233 258/258/258 234/234/234
f 233/233/233 235/235/235 236/236/236
f 225/225/225 236/236/236 237/237/237
f 223/223/223 237/237/237 238/238/238
f 219/219/219 223/223/223 239/239/239
f 220/220/220 219/219/219 240/240/240
f 241/241/241 245/245/245 242/242/242
f 244/244/244 247/247/247 245/245/245
f 245/245/245 248/248/248 246/246/246
f 247/247/247 257/257/257 248/248/248
f 249/249/249 243/243/243 250/250/250
f 252/252/252 241/241/241 243/243/243
f 253/253/253 244/244/244 241/241/241
f 254/254/254 255/255/255 244/244/244
f 255/255/255 276/276/276 247/247/247
f 247/247/247 276/276/276 256/256/256
f 256/256/256 234/234/234 258/258/258
f 248/248/248 257/257/257 258/258/258
f 246/246/246 248/248/248 232/232/232
f 260/260/260 246/246/246 259/259/259
f 242/242/242 246/246/246 260/260/260
f 243/243/243 242/242/242 261/261/261
f 262/262/262 265/265/265 263/263/263
f 265/265/265 274/274/274 266/266/266
f 264/264/264 263/263/263 267/267/267
f 263/263/263 266/266/266 269/269/269
f 270/270/270 272/272/272 262/262/262
f 272/272/272 273/273/273 265/265/265
f 273/273/273 275/275/275 274/274/274
f 275/275/275 238/238/238 237/237/237
f 274/274/274 237/237/237 236/236/236
f 266/266/266 236/236/236 235/235/235
f 269/269/269 235/235/235 234/234/234
f 267/267/267 269/269/269 256/256/256
f 268/268/268 267/267/267 276/276/276
f 277/277/277 268/268/268 255/255/255
f 278/278/278 264/264/264 268/268/268
f 271/271/271 262/262/262 264/264/264
f 279/279/279 283/283/283 280/280/280
f 282/282/282 285/285/285 283/283/283
f 283/283/283 286/286/286 284/284/284
f 285/285/285 292/294/292 286/286/286
f 287/287/287 281/281/281 124/288/124
f 288/290/288 279/279/279 281/281/281
f 289/291/289 282/282/282 279/279/279
f 289/291/289 306/311/306 290/292/290
f 290/292/290 291/293/291 285/285/285
f 291/293/291 293/295/293 292/294/292
f 293/295/293 228/228/228 294/296/294
f 292/294/292 294/296/294 295/297/295
f 286/286/286 295/297/295 296/298/296
f 128/299/128 284/284/284 296/298/296
f 280/280/280 284/284/284 128/299/128
f 281/281/281 280/280/280 127/301/127
f 297/302/297 301/306/301 298/303/298
f 300/305/300 303/308/303 301/306/301
f 301/306/301 304/309/304 302/307/302
f 303/308/303 312/317/312 304/309/304
f 305/310/305 299/304/299 290/292/290
f 307/312/307 297/302/297 299/304/299
f 308/313/308 300/305/300 297/302/297
f 309/314/309 310/315/310 300/305/300
f 310/315/310 311/316/311 303/308/303
f 311/316/311 313/318/313 312/317/312
f 313/318/313 231/231/231 230/230/230
f 304/309/304 312/317/312 230/230/230
f 304/309/304 229/229/229 226/226/226
f 302/307/302 226/226/226 228/228/228
f 298/303/298 302/307/302 293/295/293
f 299/304/299 298/303/298 291/293/291
f 314/319/314 318/323/318 315/320/315
f 317/322/317 321/326/321 318/323/318
f 315/320/315 318/323/318 319/324/319
f 321/326/321 322/328/322 319/324/319
f 129/300/129 296/298/296 316/321/316
f 295/297/295 314/319/314 316/321/316
f 294/296/294 317/322/317 314/319/314
f 228/228/228 227/227/227 317/322/317
f 227/227/227 240/240/240 321/326/321
f 240/240/240 239/239/239 322/328/322
f 239/239/239 238/238/238 323/329/323
f 322/328/322 323/329/323 324/330/324
f 319/324/319 324/330/324 325/331/325
f 320/325/320 325/331/325 215/332/215
f 315/320/315 320/325/320 149/333/149
f 316/321/316 315/320/315 148/334/148
f 326/335/326 330/339/330 327/336/327
f 329/338/329 332/341/332 330/339/330
f 330/339/330 333/342/333 331/340/331
f 332/341/332 342/351/342 333/342/333
f 334/343/334 328/337/328 335/344/335
f 337/346/337 326/335/326 328/337/328
f 338/347/338 329/338/329 326/335/326
f 339/348/339 340/349/340 329/338/329
f 340/349/340 341/350/341 332/341/332
f 341/350/341 343/352/343 342/351/342
f 343/352/343 251/251/251 344/353/344
f 342/351/342 344/353/344 345/354/345
f 333/342/333 345/354/345 346/355/346
f 347/356/347 331/340/331 346/355/346
f 349/358/349 327/336/327 331/340/331
f 328/337/328 327/336/327 349/358/349
f 350/359/350 354/363/354 351/360/351
f 353/362/353 356/365/356 354/363/354
f 354/363/354 357/366/357 355/364/355
f 356/365/356 364/373/364 357/366/357
f 358/367/358 352/361/352 340/349/340
f 359/368/359 350/359/350 352/361/352
f 360/369/360 353/362/353 350/359/350
f 361/370/361 362/371/362 353/362/353
f 362/371/362 363/372/363 356/365/356
f 363/372/363 365/374/365 364/373/364
f 365/374/365 254/254/254 253/253/253
f 364/373/364 253/253/253 252/252/252
f 357/366/357 252/252/252 249/249/249
f 355/364/355 249/249/249 251/251/251
f 351/360/351 355/364/355 343/352/343
f 352/361/352 351/360/351 341/350/341
f 366/375/366 370/379/370 367/376/367
f 369/378/369 372/381/372 370/379/370
f 370/379/370 373/382/373 371/380/371
f 372/381/372 375/384/375 373/382/373
f 346/355/346 368/377/368 374/383/374
f 345/354/345 366/375/366 368/377/368
f 344/353/344 369/378/369 366/375/366
f 251/251/251 250/250/250 369/378/369
f 250/250/250 261/261/261 372/381/372
f 261/261/261 260/260/260 375/384/375
f 375/384/375 260/260/260 231/231/231
f 373/382/373 375/384/375 313/318/313
f 371/380/371 373/382/373 311/316/311
f 376/385/376 371/380/371 310/315/310
f 377/386/377 367/376/367 371/380/371
f 368/377/368 367/376/367 377/386/377
f 378/387/378 381/390/381 379/388/379
f 381/390/381 387/399/387 382/391/382
f 380/389/380 379/388/379 383/392/383
f 379/388/379 382/391/382 385/394/385
f 179/395/179 178/397/178 378/387/378
f 178/397/178 191/398/191 381/390/381
f 191/398/191 189/400/189 387/399/387
f 189/400/189 190/419/190 388/401/388
f 387/399/387 388/401/388 389/402/389
f 382/391/382 389/402/389 390/403/390
f 385/394/385 390/403/390 270/270/270
f 383/392/383 385/394/385 391/404/391
f 384/393/384 383/392/383 392/405/392
f 394/407/394 384/393/384 393/406/393
f 380/389/380 384/393/384 394/407/394
f 386/396/386 378/387/378 380/389/380
f 397/410/397 400/413/400 398/411/398
f 400/413/400 405/421/405 401/414/401
f 399/412/399 398/411/398 402/415/402
f 398/411/398 401/414/401 404/417/404
f 213/418/213 397/410/397 388/401/388
f 213/418/213 217/420/217 400/413/400
f 217/420/217 216/422/216 405/421/405
f 216/422/216 215/332/215 325/331/325
f 405/421/405 325/331/325 324/330/324
f 401/414/401 324/330/324 323/329/323
f 323/329/323 238/238/238 275/275/275
f 402/415/402 404/417/404 275/275/275
f 403/416/403 402/415/402 273/273/273
f 390/403/390 403/416/403 272/272/272
f 399/412/399 403/416/403 390/403/390
f 388/401/388 397/410/397 399/412/399
f 406/423/406 409/426/409 407/424/407
f 409/426/409 415/432/415 410/427/410
f 408/425/408 407/424/407 411/428/411
f 407/424/407 410/427/410 413/430/413
f 393/406/393 406/423/406 414/431/414
f 393/406/393 392/405/392 409/426/409
f 392/405/392 391/404/391 415/432/415
f 391/404/391 270/270/270 271/271/271
f 415/432/415 271/271/271 278/278/278
f 410/427/410 278/278/278 277/277/277
f 413/430/413 277/277/277 254/254/254
f 411/428/411 413/430/413 365/374/365
f 412/429/412 411/428/411 363/372/363
f 412/429/412 362/371/362 361/370/361
f 417/434/417 408/425/408 412/429/412
f 414/431/414 406/423/406 408/425/408
f 418/435/418 422/439/422 419/436/419
f 421/438/421 424/441/424 422/439/422
f 422/439/422 425/442/425 423/440/423
f 424/441/424 433/450/433 425/442/425
f 426/443/426 420/437/420 427/444/427
f 429/446/429 418/435/418 420/437/420
f 429/446/429 430/447/430 421/438/421
f 430/447/430 460/477/460 431/448/431
f 431/448/431 432/449/432 424/441/424
f 432/449/432 434/451/434 433/450/433
f 434/451/434 476/493/476 435/452/435
f 433/450/433 435/452/435 436/453/436
f 425/442/425 436/453/436 437/454/437
f 423/440/423 437/454/437 438/455/438
f 419/436/419 423/440/423 439/456/439
f 420/437/420 419/436/419 440/457/440
f 441/458/441 445/462/445 442/459/442
f 444/461/444 447/464/447 445/462/445
f 445/462/445 448/465/448 446/463/446
f 447/464/447 457/474/457 448/465/448
f 449/466/449 443/460/443 450/467/450
f 452/469/452 441/458/441 443/460/443
f 453/470/453 444/461/444 441/458/441
f 454/471/454 455/472/455 444/461/444
f 455/472/455 456/473/456 447/464/447
f 456/473/456 458/475/458 457/474/457
f 458/475/458 476/493/476 434/451/434
f 448/465/448 457/474/457 434/451/434
f 446/463/446 448/465/448 432/449/432
f 459/476/459 446/463/446 431/448/431
f 442/459/442 446/463/446 459/476/459
f 450/467/450 443/460/443 442/459/442
f 462/479/462 465/482/465 463/480/463
f 465/482/465 474/491/474 466/483/466
f 464/481/464 463/480/463 467/484/467
f 463/480/463 466/483/466 469/486/469
f 470/487/470 472/489/472 462/479/462
f 472/489/472 473/490/473 465/482/465
f 473/490/473 475/492/475 474/491/474
f 475/492/475 438/455/438 437/454/437
f 474/491/474 437/454/437 436/453/436
f 466/483/466 436/453/436 435/452/435
f 469/486/469 435/452/435 476/493/476
f 467/484/467 469/486/469 458/475/458
f 468/485/468 467/484/467 456/473/456
f 477/494/477 468/485/468 455/472/455
f 478/495/478 464/481/464 468/485/468
f 471/488/471 462/479/462 464/481/464
f 479/496/479 483/500/483 480/497/480
f 482/499/482 485/502/485 483/500/483
f 483/500/483 486/503/486 484/501/484
f 485/502/485 492/511/492 486/503/486
f 487/504/487 481/498/481 334/505/334
f 488/507/488 479/496/479 481/498/481
f 488/507/488 489/508/489 482/499/482
f 489/508/489 505/527/505 490/509/490
f 490/509/490 491/510/491 485/502/485
f 491/510/491 493/512/493 492/511/492
f 493/512/493 428/445/428 494/513/494
f 492/511/492 494/513/494 495/514/495
f 486/503/486 495/514/495 496/515/496
f 484/501/484 496/515/496 339/516/339
f 480/497/480 484/501/484 338/517/338
f 481/498/481 480/497/480 337/518/337
f 497/519/497 501/523/501 498/520/498
f 500/522/500 504/526/504 501/523/501
f 498/520/498 501/523/501 502/524/502
f 504/526/504 512/534/512 502/524/502
f 505/527/505 506/528/506 499/521/499
f 506/528/506 508/530/508 497/519/497
f 507/529/507 500/522/500 497/519/497
f 509/531/509 510/532/510 500/522/500
f 510/532/510 511/533/511 504/526/504
f 511/533/511 565/600/565 512/534/512
f 512/534/512 565/600/565 460/477/460
f 512/534/512 430/447/430 429/446/429
f 502/524/502 429/446/429 426/443/426
f 503/525/503 426/443/426 428/445/428
f 498/520/498 503/525/503 493/512/493
f 499/521/499 498/520/498 491/510/491
f 513/535/513 517/539/517 514/536/514
f 516/538/516 519/541/519 517/539/517
f 517/539/517 520/542/520 518/540/518
f 519/541/519 521/544/521 520/542/520
f 496/515/496 515/537/515 358/543/358
f 495/514/495 513/535/513 515/537/515
f 494/513/494 516/538/516 513/535/513
f 428/445/428 427/444/427 516/538/516
f 427/444/427 440/457/440 519/541/519
f 440/457/440 439/456/439 521/544/521
f 439/456/439 438/455/438 522/545/522
f 521/544/521 522/545/522 523/546/523
f 520/542/520 523/546/523 524/547/524
f 518/540/518 524/547/524 361/548/361
f 359/550/359 514/536/514 518/540/518
f 515/537/515 514/536/514 359/550/359
f 525/551/525 529/555/529 526/552/526
f 528/554/528 532/558/532 529/555/529
f 526/552/526 529/555/529 530/556/530
f 532/558/532 536/567/536 530/556/530
f 71/559/71 527/553/527 533/560/533
f 84/562/84 525/551/525 527/553/527
f 83/563/83 528/554/528 525/551/525
f 82/564/82 534/565/534 528/554/528
f 534/565/534 554/589/554 532/558/532
f 532/558/532 554/589/554 535/566/535
f 535/566/535 451/468/451 537/568/537
f 536/567/536 537/568/537 538/569/538
f 530/556/530 538/569/538 539/570/539
f 531/557/531 539/570/539 540/571/540
f 542/573/542 526/552/526 531/557/531
f 533/560/533 527/553/527 526/552/526
f 543/574/543 547/578/547 544/575/544
f 546/577/546 549/580/549 547/578/547
f 547/578/547 550/581/550 548/579/548
f 549/580/549 553/588/553 550/581/550
f 108/582/108 545/576/545 534/565/534
f 115/583/115 543/574/543 545/576/545
f 114/584/114 546/577/546 543/574/543
f 113/585/113 551/586/551 546/577/546
f 551/586/551 601/649/601 549/580/549
f 549/580/549 601/649/601 552/587/552
f 552/587/552 454/471/454 453/470/453
f 553/588/553 453/470/453 452/469/452
f 550/581/550 452/469/452 449/466/449
f 548/579/548 449/466/449 451/468/451
f 544/575/544 548/579/548 535/566/535
f 534/565/534 545/576/545 544/575/544
f 555/590/555 559/594/559 556/591/556
f 558/593/558 564/599/564 556/591/556
f 557/592/557 556/591/556 560/595/560
f 556/591/556 564/599/564 562/597/562
f 540/571/540 539/570/539 555/590/555
f 538/569/538 559/594/559 555/590/555
f 538/569/538 537/568/537 558/593/558
f 451/468/451 450/467/450 558/593/558
f 450/467/450 461/478/461 564/599/564
f 564/599/564 461/478/461 459/476/459
f 562/597/562 459/476/459 460/477/460
f 560/595/560 562/597/562 565/600/565
f 561/596/561 560/595/560 511/533/511
f 561/596/561 510/532/510 509/531/509
f 567/602/567 557/592/557 561/596/561
f 563/598/563 555/590/555 557/592/557
f 568/603/568 571/606/571 569/604/569
f 571/606/571 576/615/576 572/607/572
f 570/605/570 569/604/569 573/608/573
f 569/604/569 572/607/572 575/610/575
f 386/611/386 568/603/568 177/612/177
f 396/614/396 571/606/571 568/603/568
f 396/614/396 394/617/394 576/615/576
f 395/616/395 590/634/590 576/615/576
f 576/615/576 590/634/590 577/618/577
f 572/607/572 577/618/577 578/619/578
f 575/610/575 578/619/578 470/487/470
f 573/608/573 575/610/575 579/620/579
f 574/609/574 573/608/573 580/621/580
f 574/609/574 581/622/581 200/623/200
f 180/625/180 570/605/570 574/609/574
f 177/612/177 568/603/568 570/605/570
f 582/626/582 585/629/585 583/627/583
f 585/629/585 591/637/591 586/630/586
f 584/628/584 583/627/583 587/631/587
f 583/627/583 586/630/586 589/633/589
f 395/616/395 414/635/414 582/626/582
f 414/635/414 417/636/417 585/629/585
f 417/636/417 416/638/416 591/637/591
f 361/548/361 524/547/524 591/637/591
f 591/637/591 524/547/524 523/546/523
f 586/630/586 523/546/523 522/545/522
f 589/633/589 522/545/522 438/455/438
f 587/631/587 589/633/589 475/492/475
f 588/632/588 587/631/587 473/490/473
f 578/619/578 588/632/588 472/489/472
f 577/618/577 584/628/584 588/632/588
f 590/634/590 582/626/582 584/628/584
f 592/639/592 595/642/595 593/640/593
f 595/642/595 600/648/600 596/643/596
f 593/640/593 599/646/599 597/644/597
f 593/640/593 596/643/596 598/645/598
f 200/623/200 581/622/581 592/639/592
f 581/622/581 580/621/580 595/642/595
f 580/621/580 579/620/579 600/648/600
f 579/620/579 470/487/470 471/488/471
f 600/648/600 471/488/471 478/495/478
f 596/643/596 478/495/478 477/494/477
f 598/645/598 477/494/477 454/471/454
f 599/646/599 598/645/598 552/587/552
f 597/644/597 599/646/599 601/649/601
f 597/644/597 551/586/551 113/585/113
f 202/651/202 594/641/594 597/644/597
f 592/639/592 594/641/594 202/651/202
f 602/652/602 606/656/606 603/653/603
f 605/655/605 617/667/617 606/656/606
f 606/656/606 609/659/609 607/657/607
f 606/656/606 617/667/617 608/658/608
f 610/660/610 604/654/604 611/661/611
f 613/663/613 602/652/602 604/654/604
f 614/664/614 605/655/605 602/652/602
f 615/665/615 616/666/616 605/655/605
f 616/666/616 644/694/644 617/667/617
f 617/667/617 644/694/644 618/668/618
f 608/658/608 618/668/618 619/669/619
f 608/658/608 620/670/620 621/671/621
f 609/659/609 621/671/621 622/672/622
f 607/657/607 622/672/622 623/673/623
f 603/653/603 607/657/607 624/674/624
f 604/654/604 603/653/603 625/675/625
f 626/676/626 629/679/629 627/677/627
f 629/679/629 640/690/640 630/680/630
f 627/677/627 633/683/633 631/681/631
f 627/677/627 630/680/630 632/682/632
f 634/684/634 637/687/637 626/676/626
f 636/686/636 629/679/629 626/676/626
f 638/688/638 640/690/640 629/679/629
f 639/689/639 641/691/641 640/690/640
f 641/691/641 642/692/642 630/680/630
f 642/692/642 643/693/643 632/682/632
f 643/693/643 619/669/619 618/668/618
f 633/683/633 632/682/632 618/668/618
f 631/681/631 633/683/633 644/694/644
f 645/695/645 631/681/631 616/666/616
f 628/678/628 631/681/631 645/695/645
f 626/676/626 628/678/628 646/696/646
f 647/697/647 650/700/650 648/698/648
f 650/700/650 659/709/659 651/701/651
f 649/699/649 648/698/648 652/702/652
f 648/698/648 651/701/651 654/704/654
f 655/705/655 657/707/657 647/697/647
f 657/707/657 658/708/658 650/700/650
f 658/708/658 660/710/660 659/709/659
f 660/710/660 623/673/623 622/672/622
f 659/709/659 622/672/622 621/671/621
f 651/701/651 621/671/621 620/670/620
f 654/704/654 620/670/620 619/669/619
f 652/702/652 654/704/654 643/693/643
f 653/703/653 652/702/652 642/692/642
f 661/711/661 653/703/653 641/691/641
f 662/712/662 649/699/649 653/703/653
f 656/706/656 647/697/647 649/699/649
f 663/713/663 667/717/667 664/714/664
f 666/716/666 669/719/669 664/714/664
f 664/714/664 670/720/670 668/718/668
f 669/719/669 678/728/678 670/720/670
f 671/721/671 663/713/663 672/722/672
f 671/721/671 674/724/674 667/717/667
f 674/724/674 675/725/675 666/716/666
f 675/725/675 694/744/694 676/726/676
f 676/726/676 677/727/677 669/719/669
f 677/727/677 679/729/679 678/728/678
f 679/729/679 612/662/612 680/730/680
f 678/728/678 680/730/680 681/731/681
f 670/720/670 681/731/681 682/732/682
f 668/718/668 682/732/682 683/733/683
f 665/715/665 668/718/668 684/734/684
f 663/713/663 665/715/665 685/735/685
f 686/736/686 690/740/690 687/737/687
f 689/739/689 693/743/693 690/740/690
f 687/737/687 690/740/690 691/741/691
f 693/743/693 700/750/700 691/741/691
f 694/744/694 696/746/696 688/738/688
f 695/745/695 686/736/686 688/738/688
f 697/747/697 689/739/689 686/736/686
f 697/747/697 768/818/768 698/748/698
f 698/748/698 699/749/699 693/743/693
f 699/749/699 767/817/767 700/750/700
f 700/750/700 767/817/767 615/665/615
f 700/750/700 614/664/614 613/663/613
f 691/741/691 613/663/613 610/660/610
f 692/742/692 610/660/610 612/662/612
f 677/727/677 687/737/687 692/742/692
f 688/738/688 687/737/687 677/727/677
f 701/751/701 705/755/705 702/752/702
f 704/754/704 707/757/707 705/755/705
f 705/755/705 708/758/708 706/756/706
f 707/757/707 710/760/710 708/758/708
f 683/733/683 682/732/682 703/753/703
f 681/731/681 701/751/701 703/753/703
f 680/730/680 704/754/704 701/751/701
f 612/662/612 611/661/611 704/754/704
f 611/661/611 625/675/625 707/757/707
f 625/675/625 624/674/624 710/760/710
f 624/674/624 623/673/623 711/761/711
f 710/760/710 711/761/711 712/762/712
f 706/756/706 708/758/708 712/762/712
f 714/764/714 706/756/706 713/763/713
f 702/752/702 706/756/706 714/764/714
f 703/753/703 702/752/702 716/766/716
f 717/767/717 721/771/721 718/768/718
f 720/770/720 723/773/723 721/771/721
f 721/771/721 724/774/724 722/772/722
f 723/773/723 732/782/732 724/774/724
f 725/775/725 719/769/719 726/776/726
f 728/778/728 717/767/717 719/769/719
f 729/779/729 720/770/720 717/767/717
f 729/779/729 749/799/749 730/780/730
f 730/780/730 731/781/731 723/773/723
f 731/781/731 733/783/733 732/782/732
f 733/783/733 634/684/634 734/784/734
f 732/782/732 734/784/734 735/785/735
f 724/774/724 735/785/735 736/786/736
f 737/787/737 722/772/722 736/786/736
f 739/789/739 718/768/718 722/772/722
f 726/776/726 719/769/719 718/768/718
f 740/790/740 744/794/744 741/791/741
f 743/793/743 746/796/746 744/794/744
f 744/794/744 747/797/747 745/795/745
f 746/796/746 755/805/755 747/797/747
f 748/798/748 742/792/742 730/780/730
f 748/798/748 751/801/751 740/790/740
f 750/800/750 743/793/743 740/790/740
f 752/802/752 753/803/753 743/793/743
f 753/803/753 754/804/754 746/796/746
f 754/804/754 756/806/756 755/805/755
f 756/806/756 639/689/639 638/688/638
f 755/805/755 638/688/638 636/686/636
f 747/797/747 636/686/636 637/687/637
f 745/795/745 637/687/637 634/684/634
f 741/791/741 745/795/745 733/783/733
f 742/792/742 741/791/741 731/781/731
f 757/807/757 761/811/761 758/808/758
f 757/807/757 766/816/766 760/810/760
f 758/808/758 761/811/761 762/812/762
f 761/811/761 760/810/760 764/814/764
f 738/788/738 736/786/736 759/809/759
f 735/785/735 757/807/757 759/809/759
f 734/784/734 766/816/766 757/807/757
f 734/784/734 634/684/634 635/685/635
f 766/816/766 635/685/635 646/696/646
f 646/696/646 645/695/645 764/814/764
f 645/695/645 615/665/615 767/817/767
f 764/814/764 767/817/767 699/749/699
f 762/812/762 699/749/699 698/748/698
f 763/813/763 698/748/698 768/818/768
f 758/808/758 763/813/763 769/819/769
f 765/815/765 759/809/759 758/808/758
f 771/821/771 774/824/774 772/822/772
f 774/824/774 783/833/783 775/825/775
f 773/823/773 772/822/772 776/826/776
f 772/822/772 775/825/775 778/828/778
f 779/829/779 781/831/781 771/821/771
f 781/831/781 782/832/782 774/824/774
f 782/832/782 784/834/784 783/833/783
f 784/834/784 802/852/802 785/835/785
f 783/833/783 785/835/785 786/836/786
f 775/825/775 786/836/786 787/837/787
f 778/828/778 787/837/787 655/705/655
f 776/826/776 778/828/778 788/838/788
f 777/827/777 776/826/776 789/839/789
f 777/827/777 790/840/790 791/841/791
f 773/823/773 777/827/777 792/842/792
f 780/830/780 771/821/771 773/823/773
f 794/844/794 797/847/797 795/845/795
f 797/847/797 805/855/805 798/848/798
f 796/846/796 795/845/795 799/849/799
f 795/845/795 798/848/798 801/851/801
f 802/852/802 804/854/804 794/844/794
f 803/853/803 797/847/797 794/844/794
f 803/853/803 806/856/806 805/855/805
f 715/765/715 713/763/713 805/855/805
f 805/855/805 713/763/713 712/762/712
f 798/848/798 712/762/712 711/761/711
f 801/851/801 711/761/711 623/673/623
f 799/849/799 801/851/801 660/710/660
f 800/850/800 799/849/799 658/708/658
f 787/837/787 800/850/800 657/707/657
f 786/836/786 796/846/796 800/850/800
f 785/835/785 794/844/794 796/846/796
f 807/857/807 810/860/810 808/858/808
f 810/860/810 816/866/816 811/861/811
f 809/859/809 808/858/808 812/862/812
f 808/858/808 811/861/811 814/864/814
f 790/840/790 807/857/807 815/865/815
f 790/840/790 789/839/789 810/860/810
f 789/839/789 788/838/788 816/866/816
f 788/838/788 655/705/655 656/706/656
f 816/866/816 656/706/656 662/712/662
f 811/861/811 662/712/662 661/711/661
f 814/864/814 661/711/661 639/689/639
f 812/862/812 814/864/814 756/806/756
f 812/862/812 754/804/754 753/803/753
f 813/863/813 753/803/753 752/802/752
f 809/859/809 813/863/813 817/867/817
f 815/865/815 807/857/807 809/859/809
f 819/869/819 823/873/823 820/870/820
f 822/872/822 834/884/834 823/873/823
f 823/873/823 826/876/826 824/874/824
f 823/873/823 834/884/834 825/875/825
f 827/877/827 821/871/821 828/878/828
f 830/880/830 819/869/819 821/871/821
f 831/881/831 822/872/822 819/869/819
f 832/882/832 860/910/860 822/872/822
f 822/872/822 860/910/860 833/883/833
f 833/883/833 835/885/835 825/875/825
f 835/885/835 859/909/859 836/886/836
f 825/875/825 836/886/836 837/887/837
f 826/876/826 837/887/837 838/888/838
f 824/874/824 838/888/838 839/889/839
f 820/870/820 824/874/824 840/890/840
f 821/871/821 820/870/820 841/891/841
f 842/892/842 846/896/846 843/893/843
f 842/892/842 855/905/855 845/895/845
f 846/896/846 848/898/848 847/897/847
f 845/895/845 858/908/858 848/898/848
f 849/899/849 844/894/844 850/900/850
f 852/902/852 842/892/842 844/894/844
f 853/903/853 855/905/855 842/892/842
f 854/904/854 856/906/856 855/905/855
f 856/906/856 857/907/857 845/895/845
f 857/907/857 877/927/877 858/908/858
f 858/908/858 877/927/877 859/909/859
f 848/898/848 858/908/858 835/885/835
f 848/898/848 833/883/833 860/910/860
f 847/897/847 860/910/860 832/882/832
f 843/893/843 847/897/847 861/911/861
f 844/894/844 843/893/843 862/912/862
f 863/913/863 866/916/866 864/914/864
f 866/916/866 875/925/875 867/917/867
f 865/915/865 864/914/864 868/918/868
f 864/914/864 867/917/867 870/920/870
f 871/921/871 873/923/873 863/913/863
f 873/923/873 874/924/874 866/916/866
f 874/924/874 876/926/876 875/925/875
f 839/889/839 838/888/838 875/925/875
f 875/925/875 838/888/838 837/887/837
f 867/917/867 837/887/837 836/886/836
f 870/920/870 836/886/836 859/909/859
f 868/918/868 870/920/870 877/927/877
f 869/919/869 868/918/868 857/907/857
f 878/928/878 869/919/869 856/906/856
f 879/929/879 865/915/865 869/919/869
f 872/922/872 863/913/863 865/915/865
f 880/930/880 884/934/884 881/931/881
f 883/933/883 886/936/886 884/934/884
f 884/934/884 887/937/887 885/935/885
f 886/936/886 895/945/895 887/937/887
f 888/938/888 882/932/882 889/939/889
f 888/938/888 891/941/891 880/930/880
f 891/941/891 892/942/892 883/933/883
f 892/942/892 911/961/911 893/943/893
f 893/943/893 894/944/894 886/936/886
f 894/944/894 896/946/896 895/945/895
f 896/946/896 829/879/829 897/947/897
f 895/945/895 897/947/897 898/948/898
f 885/935/885 887/937/887 898/948/898
f 885/935/885 899/949/899 900/950/900
f 881/931/881 885/935/885 901/951/901
f 882/932/882 881/931/881 902/952/902
f 903/953/903 907/957/907 904/954/904
f 903/953/903 915/965/915 906/956/906
f 904/954/904 907/957/907 908/958/908
f 906/956/906 918/968/918 908/958/908
f 910/960/910 905/955/905 893/943/893
f 912/962/912 903/953/903 905/955/905
f 913/963/913 915/965/915 903/953/903
f 914/964/914 916/966/916 915/965/915
f 916/966/916 917/967/917 906/956/906
f 917/967/917 919/969/919 918/968/918
f 919/969/919 832/882/832 831/881/831
f 918/968/918 831/881/831 830/880/830
f 908/958/908 830/880/830 827/877/827
f 909/959/909 827/877/827 829/879/829
f 904/954/904 909/959/909 896/946/896
f 905/955/905 904/954/904 894/944/894
f 920/970/920 924/974/924 921/971/921
f 923/973/923 926/976/926 924/974/924
f 924/974/924 927/977/927 925/975/925
f 926/976/926 929/979/929 927/977/927
f 900/950/900 899/949/899 922/972/922
f 898/948/898 920/970/920 922/972/922
f 897/947/897 923/973/923 920/970/920
f 829/879/829 828/878/828 923/973/923
f 828/878/828 841/891/841 926/976/926
f 841/891/841 840/890/840 929/979/929
f 840/890/840 839/889/839 930/980/930
f 929/979/929 930/980/930 931/981/931
f 927/977/927 931/981/931 932/982/932
f 925/975/925 932/982/932 933/983/933
f 921/971/921 925/975/925 934/984/934
f 928/978/928 922/972/922 921/971/921
f 936/986/936 940/990/940 937/987/937
f 939/989/939 942/992/942 940/990/940
f 940/990/940 943/993/943 941/991/941
f 942/992/942 947/1002/947 943/993/943
f 672/994/672 938/988/938 944/995/944
f 685/997/685 936/986/936 938/988/938
f 684/998/684 939/989/939 936/986/936
f 683/999/683 945/1000/945 939/989/939
f 945/1000/945 946/1001/946 942/992/942
f 946/1001/946 948/1003/948 947/1002/947
f 948/1003/948 851/901/851 949/1004/949
f 947/1002/947 949/1004/949 950/1005/950
f 941/991/941 943/993/943 950/1005/950
f 952/1007/952 941/991/941 951/1006/951
f 954/1009/954 937/987/937 941/991/941
f 944/995/944 938/988/938 937/987/937
f 955/1010/955 959/1014/959 956/1011/956
f 958/1013/958 961/1016/961 959/1014/959
f 959/1014/959 962/1017/962 960/1015/960
f 961/1016/961 965/1024/965 962/1017/962
f 683/999/683 709/1019/709 957/1012/957
f 716/1018/716 955/1010/955 957/1012/957
f 714/1020/714 958/1013/958 955/1010/955
f 715/1021/715 963/1022/963 958/1013/958
f 963/1022/963 964/1023/964 961/1016/961
f 964/1023/964 966/1025/966 965/1024/965
f 966/1025/966 854/904/854 853/903/853
f 965/1024/965 853/903/853 852/902/852
f 962/1017/962 852/902/852 849/899/849
f 960/1015/960 849/899/849 851/901/851
f 956/1011/956 960/1015/960 948/1003/948
f 957/1012/957 956/1011/956 946/1001/946
f 967/1026/967 971/1030/971 968/1027/968
f 970/1029/970 976/1035/976 971/1030/971
f 968/1027/968 971/1030/971 972/1031/972
f 971/1030/971 976/1035/976 974/1033/974
f 953/1008/953 951/1006/951 969/1028/969
f 950/1005/950 967/1026/967 969/1028/969
f 949/1004/949 970/1029/970 967/1026/967
f 851/901/851 850/900/850 970/1029/970
f 850/900/850 862/912/862 976/1035/976
f 862/912/862 861/911/861 974/1033/974
f 974/1033/974 861/911/861 832/882/832
f 972/1031/972 974/1033/974 919/969/919
f 973/1032/973 972/1031/972 917/967/917
f 977/1036/977 973/1032/973 916/966/916
f 978/1037/978 968/1027/968 973/1032/973
f 969/1028/969 968/1027/968 978/1037/978
f 979/1038/979 983/1042/983 980/1039/980
f 979/1038/979 991/1052/991 982/1041/982
f 980/1039/980 983/1042/983 984/1043/984
f 983/1042/983 982/1041/982 986/1045/986
f 779/1046/779 987/1048/987 981/1040/981
f 987/1048/987 989/1050/989 979/1038/979
f 988/1049/988 991/1052/991 979/1038/979
f 988/1049/988 1006/1070/1006 990/1051/990
f 991/1052/991 990/1051/990 992/1053/992
f 982/1041/982 992/1053/992 993/1054/993
f 986/1045/986 993/1054/993 871/921/871
f 984/1043/984 986/1045/986 994/1055/994
f 985/1044/985 984/1043/984 995/1056/995
f 985/1044/985 996/1057/996 802/1058/802
f 782/1060/782 980/1039/980 985/1044/985
f 781/1047/781 981/1040/981 980/1039/980
f 997/1061/997 1000/1064/1000 998/1062/998
f 1000/1064/1000 1008/1072/1008 1001/1065/1001
f 999/1063/999 998/1062/998 1002/1066/1002
f 998/1062/998 1001/1065/1001 1004/1068/1004
f 1005/1069/1005 997/1061/997 990/1051/990
f 1007/1071/1007 1000/1064/1000 997/1061/997
f 1007/1071/1007 1009/1073/1009 1008/1072/1008
f 1009/1073/1009 933/983/933 932/982/932
f 1008/1072/1008 932/982/932 931/981/931
f 1001/1065/1001 931/981/931 930/980/930
f 1004/1068/1004 930/980/930 839/889/839
f 1002/1066/1002 1004/1068/1004 876/926/876
f 1003/1067/1003 1002/1066/1002 874/924/874
f 993/1054/993 1003/1067/1003 873/923/873
f 992/1053/992 999/1063/999 1003/1067/1003
f 990/1051/990 997/1061/997 999/1063/999
f 1010/1074/1010 1013/1077/1013 1011/1075/1011
f 1013/1077/1013 1018/1083/1018 1014/1078/1014
f 1012/1076/1012 1011/1075/1011 1015/1079/1015
f 1011/1075/1011 1014/1078/1014 1017/1081/1017
f 802/1058/802 996/1057/996 1010/1074/1010
f 996/1057/996 995/1056/995 1013/1077/1013
f 995/1056/995 994/1055/994 1018/1083/1018
f 994/1055/994 871/921/871 872/922/872
f 1018/1083/1018 872/922/872 879/929/879
f 1014/1078/1014 879/929/879 878/928/878
f 1017/1081/1017 878/928/878 854/904/854
f 1015/1079/1015 1017/1081/1017 966/1025/966
f 1016/1080/1016 1015/1079/1015 964/1023/964
f 806/1084/806 1016/1080/1016 963/1022/963
f 803/1085/803 1012/1076/1012 1016/1080/1016
f 804/1082/804 1010/1074/1010 1012/1076/1012
f 1019/1086/1019 1023/1090/1023 1020/1087/1020
f 1022/1089/1022 1025/1092/1025 1023/1090/1023
f 1023/1090/1023 1026/1093/1026 1024/1091/1024
f 1025/1092/1025 1035/1102/1035 1026/1093/1026
f 1027/1094/1027 1021/1088/1021 1028/1095/1028
f 1030/1097/1030 1019/1086/1019 1021/1088/1021
f 1031/1098/1031 1022/1089/1022 1019/1086/1019
f 1032/1099/1032 1033/1100/1033 1022/1089/1022
f 1033/1100/1033 1034/1101/1034 1025/1092/1025
f 1034/1101/1034 1036/1103/1036 1035/1102/1035
f 1036/1103/1036 1059/1126/1059 1037/1104/1037
f 1035/1102/1035 1037/1104/1037 1038/1105/1038
f 1026/1093/1026 1038/1105/1038 1039/1106/1039
f 1024/1091/1024 1039/1106/1039 1040/1107/1040
f 1020/1087/1020 1024/1091/1024 1041/1108/1041
f 1021/1088/1021 1020/1087/1020 1042/1109/1042
f 1043/1110/1043 1047/1114/1047 1044/1111/1044
f 1046/1113/1046 1049/1116/1049 1047/1114/1047
f 1047/1114/1047 1050/1117/1050 1048/1115/1048
f 1049/1116/1049 1058/1125/1058 1050/1117/1050
f 1051/1118/1051 1045/1112/1045 1052/1119/1052
f 1054/1121/1054 1043/1110/1043 1045/1112/1045
f 1055/1122/1055 1046/1113/1046 1043/1110/1043
f 1056/1123/1056 1077/1144/1077 1046/1113/1046
f 1046/1113/1046 1077/1144/1077 1057/1124/1057
f 1057/1124/1057 1076/1143/1076 1058/1125/1058
f 1058/1125/1058 1076/1143/1076 1059/1126/1059
f 1050/1117/1050 1058/1125/1058 1036/1103/1036
f 1050/1117/1050 1034/1101/1034 1033/1100/1033
f 1060/1127/1060 1048/1115/1048 1033/1100/1033
f 1044/1111/1044 1048/1115/1048 1060/1127/1060
f 1045/1112/1045 1044/1111/1044 1061/1128/1061
f 1062/1129/1062 1065/1132/1065 1063/1130/1063
f 1065/1132/1065 1074/1141/1074 1066/1133/1066
f 1064/1131/1064 1063/1130/1063 1067/1134/1067
f 1063/1130/1063 1066/1133/1066 1069/1136/1069
f 1070/1137/1070 1072/1139/1072 1062/1129/1062
f 1072/1139/1072 1073/1140/1073 1065/1132/1065
f 1073/1140/1073 1075/1142/1075 1074/1141/1074
f 1075/1142/1075 1040/1107/1040 1039/1106/1039
f 1074/1141/1074 1039/1106/1039 1038/1105/1038
f 1066/1133/1066 1038/1105/1038 1037/1104/1037
f 1069/1136/1069 1037/1104/1037 1059/1126/1059
f 1067/1134/1067 1069/1136/1069 1076/1143/1076
f 1068/1135/1068 1067/1134/1067 1057/1124/1057
f 1078/1145/1078 1068/1135/1068 1077/1144/1077
f 1079/1146/1079 1064/1131/1064 1068/1135/1068
f 1071/1138/1071 1062/1129/1062 1064/1131/1064
f 1080/1147/1080 1084/1151/1084 1081/1148/1081
f 1083/1150/1083 1086/1153/1086 1084/1151/1084
f 1084/1151/1084 1087/1154/1087 1085/1152/1085
f 1086/1153/1086 1093/1162/1093 1087/1154/1087
f 1088/1155/1088 1082/1149/1082 725/1156/725
f 1089/1158/1089 1080/1147/1080 1082/1149/1082
f 1089/1158/1089 1090/1159/1090 1083/1150/1083
f 1090/1159/1090 1107/1179/1107 1091/1160/1091
f 1091/1160/1091 1092/1161/1092 1086/1153/1086
f 1092/1161/1092 1094/1163/1094 1093/1162/1093
f 1094/1163/1094 1029/1096/1029 1095/1164/1095
f 1093/1162/1093 1095/1164/1095 1096/1165/1096
f 1087/1154/1087 1096/1165/1096 1097/1166/1097
f 1085/1152/1085 1097/1166/1097 749/1167/749
f 1081/1148/1081 1085/1152/1085 729/1168/729
f 1082/1149/1082 1081/1148/1081 728/1169/728
f 1098/1170/1098 1102/1174/1102 1099/1171/1099
f 1101/1173/1101 1105/1177/1105 1102/1174/1102
f 1099/1171/1099 1102/1174/1102 1103/1175/1103
f 1105/1177/1105 1112/1184/1112 1103/1175/1103
f 1106/1178/1106 1100/1172/1100 1091/1160/1091
f 1106/1178/1106 1108/1180/1108 1098/1170/1098
f 1108/1180/1108 1110/1182/1110 1101/1173/1101
f 1109/1181/1109 1166/1250/1166 1101/1173/1101
f 1101/1173/1101 1166/1250/1166 1111/1183/1111
f 1111/1183/1111 1165/1249/1165 1112/1184/1112
f 1112/1184/1112 1165/1249/1165 1032/1099/1032
f 1112/1184/1112 1031/1098/1031 1030/1097/1030
f 1103/1175/1103 1030/1097/1030 1027/1094/1027
f 1104/1176/1104 1027/1094/1027 1029/1096/1029
f 1099/1171/1099 1104/1176/1104 1094/1163/1094
f 1091/1160/1091 1100/1172/1100 1099/1171/1099
f 1113/1185/1113 1117/1189/1117 1114/1186/1114
f 1116/1188/1116 1119/1191/1119 1114/1186/1114
f 1114/1186/1114 1120/1192/1120 1118/1190/1118
f 1119/1191/1119 1121/1194/1121 1120/1192/1120
f 749/1167/749 1097/1166/1097 1113/1185/1113
f 1096/1165/1096 1117/1189/1117 1113/1185/1113
f 1096/1165/1096 1095/1164/1095 1116/1188/1116
f 1095/1164/1095 1029/1096/1029 1028/1095/1028
f 1028/1095/1028 1042/1109/1042 1119/1191/1119
f 1042/1109/1042 1041/1108/1041 1121/1194/1121
f 1041/1108/1041 1040/1107/1040 1122/1195/1122
f 1121/1194/1121 1122/1195/1122 1123/1196/1123
f 1120/1192/1120 1123/1196/1123 1124/1197/1124
f 1118/1190/1118 1124/1197/1124 752/1198/752
f 1115/1187/1115 1118/1190/1118 750/1199/750
f 1113/1185/1113 1115/1187/1115 751/1200/751
f 1125/1201/1125 1129/1205/1129 1126/1202/1126
f 1128/1204/1128 1131/1207/1131 1129/1205/1129
f 1129/1205/1129 1132/1208/1132 1130/1206/1130
f 1131/1207/1131 1136/1216/1136 1132/1208/1132
f 889/1209/889 1127/1203/1127 1133/1210/1133
f 902/1212/902 1125/1201/1125 1127/1203/1127
f 901/1213/901 1128/1204/1128 1125/1201/1125
f 901/1213/901 900/1233/900 1134/1214/1134
f 1134/1214/1134 1135/1215/1135 1131/1207/1131
f 1135/1215/1135 1137/1217/1137 1136/1216/1136
f 1137/1217/1137 1053/1120/1053 1138/1218/1138
f 1136/1216/1136 1138/1218/1138 1139/1219/1139
f 1132/1208/1132 1139/1219/1139 1140/1220/1140
f 1130/1206/1130 1140/1220/1140 1141/1221/1141
f 1143/1223/1143 1126/1202/1126 1130/1206/1130
f 1133/1210/1133 1127/1203/1127 1126/1202/1126
f 1144/1224/1144 1148/1228/1148 1145/1225/1145
f 1147/1227/1147 1150/1230/1150 1148/1228/1148
f 1148/1228/1148 1151/1231/1151 1149/1229/1149
f 1150/1230/1150 1154/1238/1154 1151/1231/1151
f 928/1232/928 1146/1226/1146 1134/1214/1134
f 935/1234/935 1144/1224/1144 1146/1226/1146
f 934/1235/934 1147/1227/1147 1144/1224/1144
f 934/1235/934 933/1301/933 1152/1236/1152
f 1152/1236/1152 1153/1237/1153 1150/1230/1150
f 1153/1237/1153 1202/1299/1202 1154/1238/1154
f 1154/1238/1154 1202/1299/1202 1056/1123/1056
f 1154/1238/1154 1055/1122/1055 1054/1121/1054
f 1151/1231/1151 1054/1121/1054 1051/1118/1051
f 1149/1229/1149 1051/1118/1051 1053/1120/1053
f 1135/1215/1135 1145/1225/1145 1149/1229/1149
f 1146/1226/1146 1145/1225/1145 1135/1215/1135
f 1155/1239/1155 1159/1243/1159 1156/1240/1156
f 1158/1242/1158 1164/1248/1164 1159/1243/1159
f 1159/1243/1159 1162/1246/1162 1160/1244/1160
f 1159/1243/1159 1164/1248/1164 1161/1245/1161
f 1141/1221/1141 1140/1220/1140 1157/1241/1157
f 1139/1219/1139 1155/1239/1155 1157/1241/1157
f 1138/1218/1138 1158/1242/1158 1155/1239/1155
f 1053/1120/1053 1052/1119/1052 1158/1242/1158
f 1052/1119/1052 1061/1128/1061 1164/1248/1164
f 1061/1128/1061 1060/1127/1060 1161/1245/1161
f 1161/1245/1161 1060/1127/1060 1032/1099/1032
f 1161/1245/1161 1165/1249/1165 1111/1183/1111
f 1160/1244/1160 1162/1246/1162 1111/1183/1111
f 1167/1251/1167 1160/1244/1160 1166/1250/1166
f 1156/1240/1156 1160/1244/1160 1167/1251/1167
f 1157/1241/1157 1156/1240/1156 1168/1252/1168
f 1169/1253/1169 1172/1256/1172 1170/1254/1170
f 1172/1256/1172 1177/1265/1177 1173/1257/1173
f 1171/1255/1171 1170/1254/1170 1174/1258/1174
f 1170/1254/1170 1173/1257/1173 1176/1260/1176
f 779/1261/779 780/1263/780 1169/1253/1169
f 780/1263/780 793/1264/793 1172/1256/1172
f 793/1264/793 792/1266/792 1177/1265/1177
f 792/1266/792 791/1284/791 1178/1267/1178
f 1177/1265/1177 1178/1267/1178 1179/1268/1179
f 1173/1257/1173 1179/1268/1179 1180/1269/1180
f 1176/1260/1176 1180/1269/1180 1070/1137/1070
f 1174/1258/1174 1176/1260/1176 1181/1270/1181
f 1175/1259/1175 1174/1258/1174 1182/1271/1182
f 988/1273/988 1175/1259/1175 1183/1272/1183
f 989/1275/989 1171/1255/1171 1175/1259/1175
f 1169/1253/1169 1171/1255/1171 989/1275/989
f 1184/1276/1184 1187/1279/1187 1185/1277/1185
f 1187/1279/1187 1192/1287/1192 1188/1280/1188
f 1186/1278/1186 1185/1277/1185 1189/1281/1189
f 1185/1277/1185 1188/1280/1188 1191/1283/1191
f 791/1284/791 815/1285/815 1184/1276/1184
f 815/1285/815 818/1286/818 1187/1279/1187
f 818/1286/818 817/1288/817 1192/1287/1192
f 752/1198/752 1124/1197/1124 1192/1287/1192
f 1192/1287/1192 1124/1197/1124 1123/1196/1123
f 1188/1280/1188 1123/1196/1123 1122/1195/1122
f 1191/1283/1191 1122/1195/1122 1040/1107/1040
f 1189/1281/1189 1191/1283/1191 1075/1142/1075
f 1190/1282/1190 1189/1281/1189 1073/1140/1073
f 1180/1269/1180 1190/1282/1190 1072/1139/1072
f 1179/1268/1179 1186/1278/1186 1190/1282/1190
f 1178/1267/1178 1184/1276/1184 1186/1278/1186
f 1193/1289/1193 1196/1292/1196 1194/1290/1194
f 1196/1292/1196 1201/1298/1201 1197/1293/1197
f 1195/1291/1195 1194/1290/1194 1198/1294/1198
f 1194/1290/1194 1197/1293/1197 1200/1296/1200
f 1006/1274/1006 1183/1272/1183 1193/1289/1193
f 1183/1272/1183 1182/1271/1182 1196/1292/1196
f 1182/1271/1182 1181/1270/1181 1201/1298/1201
f 1181/1270/1181 1070/1137/1070 1071/1138/1071
f 1201/1298/1201 1071/1138/1071 1079/1146/1079
f 1197/1293/1197 1079/1146/1079 1078/1145/1078
f 1200/1296/1200 1078/1145/1078 1056/1123/1056
f 1198/1294/1198 1200/1296/1200 1202/1299/1202
f 1199/1295/1199 1198/1294/1198 1153/1237/1153
f 1009/1300/1009 1199/1295/1199 1152/1236/1152
f 1007/1302/1007 1195/1291/1195 1199/1295/1199
f 1005/1297/1005 1193/1289/1193 1195/1291/1195
f 1203/1303/1203 1207/1307/1207 1204/1304/1204
f 1206/1306/1206 1209/1309/1209 1207/1307/1207
f 1207/1307/1207 1210/1310/1210 1208/1308/1208
f 1209/1309/1209 1219/1319/1219 1210/1310/1210
f 1211/1311/1211 1205/1305/1205 1212/1312/1212
f 1214/1314/1214 1203/1303/1203 1205/1305/1205
f 1215/1315/1215 1206/1306/1206 1203/1303/1203
f 1216/1316/1216 1217/1317/1217 1206/1306/1206
f 1217/1317/1217 1218/1318/1218 1209/1309/1209
f 1218/1318/1218 1220/1320/1220 1219/1319/1219
f 1220/1320/1220 1244/1344/1244 1221/1321/1221
f 1219/1319/1219 1221/1321/1221 1222/1322/1222
f 1210/1310/1210 1222/1322/1222 1223/1323/1223
f 1208/1308/1208 1223/1323/1223 1224/1324/1224
f 1204/1304/1204 1208/1308/1208 1225/1325/1225
f 1205/1305/1205 1204/1304/1204 1226/1326/1226
f 1227/1327/1227 1230/1330/1230 1228/1328/1228
f 1230/1330/1230 1239/1339/1239 1231/1331/1231
f 1229/1329/1229 1228/1328/1228 1232/1332/1232
f 1228/1328/1228 1231/1331/1231 1234/1334/1234
f 1235/1335/1235 1237/1337/1237 1227/1327/1227
f 1237/1337/1237 1238/1338/1238 1230/1330/1230
f 1238/1338/1238 1240/1340/1240 1239/1339/1239
f 1240/1340/1240 1261/1361/1261 1241/1341/1241
f 1239/1339/1239 1241/1341/1241 1242/1342/1242
f 1231/1331/1231 1242/1342/1242 1243/1343/1243
f 1234/1334/1234 1243/1343/1243 1244/1344/1244
f 1232/1332/1232 1234/1334/1234 1220/1320/1220
f 1233/1333/1233 1232/1332/1232 1218/1318/1218
f 1245/1345/1245 1233/1333/1233 1217/1317/1217
f 1246/1346/1246 1229/1329/1229 1233/1333/1233
f 1236/1336/1236 1227/1327/1227 1229/1329/1229
f 1247/1347/1247 1251/1351/1251 1248/1348/1248
f 1250/1350/1250 1253/1353/1253 1251/1351/1251
f 1251/1351/1251 1254/1354/1254 1252/1352/1252
f 1253/1353/1253 1260/1360/1260 1254/1354/1254
f 1255/1355/1255 1249/1349/1249 1256/1356/1256
f 1258/1358/1258 1247/1347/1247 1249/1349/1249
f 1259/1359/1259 1250/1350/1250 1247/1347/1247
f 1259/1359/1259 1224/1324/1224 1223/1323/1223
f 1223/1323/1223 1222/1322/1222 1253/1353/1253
f 1253/1353/1253 1222/1322/1222 1221/1321/1221
f 1260/1360/1260 1221/1321/1221 1244/1344/1244
f 1260/1360/1260 1243/1343/1243 1242/1342/1242
f 1254/1354/1254 1242/1342/1242 1241/1341/1241
f 1252/1352/1252 1241/1341/1241 1261/1361/1261
f 1248/1348/1248 1252/1352/1252 1262/1362/1262
f 1249/1349/1249 1248/1348/1248 1263/1363/1263
f 1264/1364/1264 1268/1368/1268 1265/1365/1265
f 1267/1367/1267 1270/1370/1270 1268/1368/1268
f 1268/1368/1268 1271/1371/1271 1269/1369/1269
f 1270/1370/1270 1278/1380/1278 1271/1371/1271
f 1272/1372/1272 1266/1366/1266 70/1373/70
f 1273/1375/1273 1264/1364/1264 1266/1366/1266
f 1274/1376/1274 1267/1367/1267 1264/1364/1264
f 1275/1377/1275 1276/1378/1276 1267/1367/1267
f 1276/1378/1276 1277/1379/1277 1270/1370/1270
f 1277/1379/1277 1279/1381/1279 1278/1380/1278
f 1279/1381/1279 1213/1313/1213 1280/1382/1280
f 1278/1380/1278 1280/1382/1280 1281/1383/1281
f 1271/1371/1271 1281/1383/1281 1282/1384/1282
f 1269/1369/1269 1282/1384/1282 92/1385/92
f 1265/1365/1265 1269/1369/1269 73/1386/73
f 1266/1366/1266 1265/1365/1265 74/1387/74
f 1283/1388/1283 1287/1392/1287 1284/1389/1284
f 1286/1391/1286 1289/1394/1289 1287/1392/1287
f 1287/1392/1287 1290/1395/1290 1288/1393/1288
f 1289/1394/1289 1297/1402/1297 1290/1395/1290
f 1291/1396/1291 1285/1390/1285 1276/1378/1276
f 1292/1397/1292 1283/1388/1283 1285/1390/1285
f 1293/1398/1293 1286/1391/1286 1283/1388/1283
f 1294/1399/1294 1295/1400/1295 1286/1391/1286
f 1295/1400/1295 1296/1401/1296 1289/1394/1289
f 1296/1401/1296 1298/1403/1298 1297/1402/1297
f 1298/1403/1298 1216/1316/1216 1215/1315/1215
f 1297/1402/1297 1215/1315/1215 1214/1314/1214
f 1290/1395/1290 1214/1314/1214 1211/1311/1211
f 1288/1393/1288 1211/1311/1211 1213/1313/1213
f 1284/1389/1284 1288/1393/1288 1279/1381/1279
f 1285/1390/1285 1284/1389/1284 1277/1379/1277
f 1299/1404/1299 1303/1408/1303 1300/1405/1300
f 1302/1407/1302 1305/1410/1305 1303/1408/1303
f 1303/1408/1303 1306/1411/1306 1304/1409/1304
f 1305/1410/1305 1307/1413/1307 1306/1411/1306
f 1282/1384/1282 1301/1406/1301 93/1412/93
f 1281/1383/1281 1299/1404/1299 1301/1406/1301
f 1280/1382/1280 1302/1407/1302 1299/1404/1299
f 1213/1313/1213 1212/1312/1212 1302/1407/1302
f 1212/1312/1212 1226/1326/1226 1305/1410/1305
f 1226/1326/1226 1225/1325/1225 1307/1413/1307
f 1225/1325/1225 1224/1324/1224 1308/1414/1308
f 1307/1413/1307 1308/1414/1308 1309/1415/1309
f 1304/1409/1304 1306/1411/1306 1309/1415/1309
f 1304/1409/1304 1310/1416/1310 166/1417/166
f 1300/1405/1300 1304/1409/1304 94/1418/94
f 1301/1406/1301 1300/1405/1300 95/1419/95
f 1311/1420/1311 1314/1423/1314 1312/1421/1312
f 1314/1423/1314 1322/1432/1322 1315/1424/1315
f 1313/1422/1313 1312/1421/1312 1316/1425/1316
f 1312/1421/1312 1315/1424/1315 1318/1427/1318
f 890/1428/890 1320/1430/1320 1311/1420/1311
f 1320/1430/1320 1321/1431/1321 1314/1423/1314
f 1321/1431/1321 1323/1433/1323 1322/1432/1322
f 1323/1433/1323 1341/1451/1341 1324/1434/1324
f 1322/1432/1322 1324/1434/1324 1325/1435/1325
f 1315/1424/1315 1325/1435/1325 1326/1436/1326
f 1318/1427/1318 1326/1436/1326 1235/1335/1235
f 1316/1425/1316 1318/1427/1318 1327/1437/1327
f 1317/1426/1317 1316/1425/1316 1328/1438/1328
f 1330/1440/1330 1317/1426/1317 1329/1439/1329
f 1332/1442/1332 1313/1422/1313 1317/1426/1317
f 1319/1429/1319 1311/1420/1311 1313/1422/1313
f 1333/1443/1333 1336/1446/1336 1334/1444/1334
f 1336/1446/1336 1344/1454/1344 1337/1447/1337
f 1335/1445/1335 1334/1444/1334 1338/1448/1338
f 1334/1444/1334 1337/1447/1337 1340/1450/1340
f 1341/1451/1341 1342/1452/1342 1333/1443/1333
f 1342/1452/1342 1343/1453/1343 1336/1446/1336
f 1343/1453/1343 1345/1455/1345 1344/1454/1344
f 1345/1455/1345 1399/1517/1399 1346/1456/1346
f 1344/1454/1344 1346/1456/1346 1347/1457/1347
f 1337/1447/1337 1347/1457/1347 1348/1458/1348
f 1340/1450/1340 1348/1458/1348 1261/1361/1261
f 1338/1448/1338 1340/1450/1340 1240/1340/1240
f 1339/1449/1339 1338/1448/1338 1238/1338/1238
f 1326/1436/1326 1339/1449/1339 1237/1337/1237
f 1325/1435/1325 1335/1445/1335 1339/1449/1339
f 1324/1434/1324 1333/1443/1333 1335/1445/1335
f 1349/1459/1349 1352/1462/1352 1350/1460/1350
f 1352/1462/1352 1358/1468/1358 1353/1463/1353
f 1351/1461/1351 1350/1460/1350 1354/1464/1354
f 1350/1460/1350 1353/1463/1353 1356/1466/1356
f 1331/1441/1331 1329/1439/1329 1349/1459/1349
f 1329/1439/1329 1328/1438/1328 1352/1462/1352
f 1328/1438/1328 1327/1437/1327 1358/1468/1358
f 1327/1437/1327 1235/1335/1235 1236/1336/1236
f 1358/1468/1358 1236/1336/1236 1246/1346/1246
f 1353/1463/1353 1246/1346/1246 1245/1345/1245
f 1356/1466/1356 1245/1345/1245 1216/1316/1216
f 1354/1464/1354 1356/1466/1356 1298/1403/1298
f 1355/1465/1355 1354/1464/1354 1296/1401/1296
f 1359/1469/1359 1355/1465/1355 1295/1400/1295
f 1360/1470/1360 1351/1461/1351 1355/1465/1355
f 1357/1467/1357 1349/1459/1349 1351/1461/1351
f 1361/1471/1361 1365/1475/1365 1362/1472/1362
f 1364/1474/1364 1367/1477/1367 1365/1475/1365
f 1365/1475/1365 1368/1478/1368 1366/1476/1366
f 1367/1477/1367 1372/1487/1372 1368/1478/1368
f 125/1479/125 1363/1473/1363 1369/1480/1369
f 138/1482/138 1361/1471/1361 1363/1473/1363
f 137/1483/137 1364/1474/1364 1361/1471/1361
f 136/1484/136 1370/1485/1370 1364/1474/1364
f 1370/1485/1370 1371/1486/1371 1367/1477/1367
f 1371/1486/1371 1373/1488/1373 1372/1487/1372
f 1373/1488/1373 1257/1357/1257 1374/1489/1374
f 1372/1487/1372 1374/1489/1374 1375/1490/1375
f 1368/1478/1368 1375/1490/1375 1376/1491/1376
f 1366/1476/1366 1376/1491/1376 1377/1492/1377
f 1362/1472/1362 1366/1476/1366 1378/1493/1378
f 1363/1473/1363 1362/1472/1362 1379/1494/1379
f 1380/1495/1380 1384/1499/1384 1381/1496/1381
f 1383/1498/1383 1388/1506/1388 1384/1499/1384
f 1384/1499/1384 1387/1502/1387 1385/1500/1385
f 1384/1499/1384 1388/1506/1388 1386/1501/1386
f 163/1503/163 1382/1497/1382 1370/1485/1370
f 168/1504/168 1380/1495/1380 1382/1497/1382
f 167/1505/167 1383/1498/1383 1380/1495/1380
f 166/1417/166 1310/1416/1310 1383/1498/1383
f 1383/1498/1383 1310/1416/1310 1309/1415/1309
f 1309/1415/1309 1308/1414/1308 1386/1501/1386
f 1308/1414/1308 1224/1324/1224 1259/1359/1259
f 1386/1501/1386 1259/1359/1259 1258/1358/1258
f 1387/1502/1387 1258/1358/1258 1255/1355/1255
f 1385/1500/1385 1255/1355/1255 1257/1357/1257
f 1381/1496/1381 1385/1500/1385 1373/1488/1373
f 1382/1497/1382 1381/1496/1381 1371/1486/1371
f 1389/1507/1389 1393/1511/1393 1390/1508/1390
f 1392/1510/1392 1395/1513/1395 1393/1511/1393
f 1393/1511/1393 1396/1514/1396 1394/1512/1394
f 1395/1513/1395 1398/1516/1398 1396/1514/1396
f 1376/1491/1376 1391/1509/1391 1397/1515/1397
f 1375/1490/1375 1389/1507/1389 1391/1509/1391
f 1374/1489/1374 1392/1510/1392 1389/1507/1389
f 1257/1357/1257 1256/1356/1256 1392/1510/1392
f 1256/1356/1256 1263/1363/1263 1395/1513/1395
f 1263/1363/1263 1262/1362/1262 1398/1516/1398
f 1262/1362/1262 1261/1361/1261 1348/1458/1348
f 1398/1516/1398 1348/1458/1348 1347/1457/1347
f 1396/1514/1396 1347/1457/1347 1346/1456/1346
f 1394/1512/1394 1346/1456/1346 1399/1517/1399
f 1390/1508/1390 1394/1512/1394 1400/1518/1400
f 1391/1509/1391 1390/1508/1390 1401/1519/1401
f 1402/1520/1402 1406/1524/1406 1403/1521/1403
f 1405/1523/1405 1408/1526/1408 1406/1524/1406
f 1406/1524/1406 1409/1527/1409 1407/1525/1407
f 1408/1526/1408 1418/1536/1418 1409/1527/1409
f 1410/1528/1410 1404/1522/1404 1411/1529/1411
f 1413/1531/1413 1402/1520/1402 1404/1522/1404
f 1414/1532/1414 1405/1523/1405 1402/1520/1402
f 1415/1533/1415 1416/1534/1416 1405/1523/1405
f 1416/1534/1416 1417/1535/1417 1408/1526/1408
f 1417/1535/1417 1443/1561/1443 1418/1536/1418
f 1418/1536/1418 1443/1561/1443 1419/1537/1419
f 1409/1527/1409 1418/1536/1418 1420/1538/1420
f 1409/1527/1409 1421/1539/1421 1422/1540/1422
f 1407/1525/1407 1422/1540/1422 1423/1541/1423
f 1403/1521/1403 1407/1525/1407 1424/1542/1424
f 1404/1522/1404 1403/1521/1403 1425/1543/1425
f 1426/1544/1426 1429/1547/1429 1427/1545/1427
f 1429/1547/1429 1438/1556/1438 1430/1548/1430
f 1428/1546/1428 1427/1545/1427 1431/1549/1431
f 1427/1545/1427 1430/1548/1430 1433/1551/1433
f 1434/1552/1434 1436/1554/1436 1426/1544/1426
f 1436/1554/1436 1437/1555/1437 1429/1547/1429
f 1437/1555/1437 1439/1557/1439 1438/1556/1438
f 1439/1557/1439 1460/1578/1460 1440/1558/1440
f 1438/1556/1438 1440/1558/1440 1441/1559/1441
f 1430/1548/1430 1441/1559/1441 1442/1560/1442
f 1433/1551/1433 1442/1560/1442 1419/1537/1419
f 1431/1549/1431 1433/1551/1433 1443/1561/1443
f 1432/1550/1432 1431/1549/1431 1417/1535/1417
f 1444/1562/1444 1432/1550/1432 1416/1534/1416
f 1445/1563/1445 1428/1546/1428 1432/1550/1432
f 1435/1553/1435 1426/1544/1426 1428/1546/1428
f 1446/1564/1446 1450/1568/1450 1447/1565/1447
f 1446/1564/1446 1458/1576/1458 1449/1567/1449
f 1450/1568/1450 1452/1570/1452 1451/1569/1451
f 1449/1567/1449 1459/1577/1459 1452/1570/1452
f 1453/1571/1453 1448/1566/1448 1454/1572/1454
f 1456/1574/1456 1446/1564/1446 1448/1566/1448
f 1457/1575/1457 1458/1576/1458 1446/1564/1446
f 1423/1541/1423 1422/1540/1422 1458/1576/1458
f 1422/1540/1422 1421/1539/1421 1449/1567/1449
f 1449/1567/1449 1421/1539/1421 1420/1538/1420
f 1420/1538/1420 1419/1537/1419 1442/1560/1442
f 1459/1577/1459 1442/1560/1442 1441/1559/1441
f 1452/1570/1452 1441/1559/1441 1440/1558/1440
f 1451/1569/1451 1440/1558/1440 1460/1578/1460
f 1447/1565/1447 1451/1569/1451 1461/1579/1461
f 1448/1566/1448 1447/1565/1447 1462/1580/1462
f 1463/1581/1463 1467/1585/1467 1464/1582/1464
f 1466/1584/1466 1469/1587/1469 1467/1585/1467
f 1467/1585/1467 1470/1588/1470 1468/1586/1468
f 1469/1587/1469 1477/1597/1477 1470/1588/1470
f 1471/1589/1471 1465/1583/1465 287/1590/287
f 1472/1592/1472 1463/1581/1463 1465/1583/1465
f 1473/1593/1473 1466/1584/1466 1463/1581/1463
f 1474/1594/1474 1475/1595/1475 1466/1584/1466
f 1475/1595/1475 1476/1596/1476 1469/1587/1469
f 1476/1596/1476 1478/1598/1478 1477/1597/1477
f 1478/1598/1478 1412/1530/1412 1479/1599/1479
f 1477/1597/1477 1479/1599/1479 1480/1600/1480
f 1470/1588/1470 1480/1600/1480 1481/1601/1481
f 1468/1586/1468 1481/1601/1481 306/1602/306
f 1464/1582/1464 1468/1586/1468 289/1603/289
f 1465/1583/1465 1464/1582/1464 288/1604/288
f 1482/1605/1482 1486/1609/1486 1483/1606/1483
f 1485/1608/1485 1488/1611/1488 1486/1609/1486
f 1486/1609/1486 1489/1612/1489 1487/1610/1487
f 1488/1611/1488 1496/1619/1496 1489/1612/1489
f 1490/1613/1490 1484/1607/1484 1475/1595/1475
f 1491/1614/1491 1482/1605/1482 1484/1607/1484
f 1492/1615/1492 1485/1608/1485 1482/1605/1482
f 1493/1616/1493 1494/1617/1494 1485/1608/1485
f 1494/1617/1494 1495/1618/1495 1488/1611/1488
f 1495/1618/1495 1497/1620/1497 1496/1619/1496
f 1497/1620/1497 1415/1533/1415 1414/1532/1414
f 1496/1619/1496 1414/1532/1414 1413/1531/1413
f 1489/1612/1489 1413/1531/1413 1410/1528/1410
f 1487/1610/1487 1410/1528/1410 1412/1530/1412
f 1483/1606/1483 1487/1610/1487 1478/1598/1478
f 1484/1607/1484 1483/1606/1483 1476/1596/1476
f 1498/1621/1498 1502/1625/1502 1499/1622/1499
f 1501/1624/1501 1504/1627/1504 1502/1625/1502
f 1502/1625/1502 1505/1628/1505 1503/1626/1503
f 1504/1627/1504 1506/1630/1506 1505/1628/1505
f 1481/1601/1481 1500/1623/1500 305/1629/305
f 1480/1600/1480 1498/1621/1498 1500/1623/1500
f 1479/1599/1479 1501/1624/1501 1498/1621/1498
f 1412/1530/1412 1411/1529/1411 1501/1624/1501
f 1411/1529/1411 1425/1543/1425 1504/1627/1504
f 1425/1543/1425 1424/1542/1424 1506/1630/1506
f 1506/1630/1506 1424/1542/1424 1423/1541/1423
f 1506/1630/1506 1507/1631/1507 1508/1632/1508
f 1505/1628/1505 1508/1632/1508 1509/1633/1509
f 1503/1626/1503 1509/1633/1509 309/1634/309
f 307/1636/307 1499/1622/1499 1503/1626/1503
f 1500/1623/1500 1499/1622/1499 307/1636/307
f 1510/1637/1510 1513/1640/1513 1511/1638/1511
f 1513/1640/1513 1521/1649/1521 1514/1641/1514
f 1512/1639/1512 1511/1638/1511 1515/1642/1515
f 1511/1638/1511 1514/1641/1514 1517/1644/1517
f 727/1645/727 1519/1647/1519 1510/1637/1510
f 1519/1647/1519 1520/1648/1520 1513/1640/1513
f 1520/1648/1520 1522/1650/1522 1521/1649/1521
f 1522/1650/1522 1540/1668/1540 1523/1651/1523
f 1521/1649/1521 1523/1651/1523 1524/1652/1524
f 1514/1641/1514 1524/1652/1524 1525/1653/1525
f 1517/1644/1517 1525/1653/1525 1434/1552/1434
f 1515/1642/1515 1517/1644/1517 1526/1654/1526
f 1516/1643/1516 1515/1642/1515 1527/1655/1527
f 1529/1657/1529 1516/1643/1516 1528/1656/1528
f 1531/1659/1531 1512/1639/1512 1516/1643/1516
f 1518/1646/1518 1510/1637/1510 1512/1639/1512
f 1532/1660/1532 1535/1663/1535 1533/1661/1533
f 1535/1663/1535 1543/1671/1543 1536/1664/1536
f 1534/1662/1534 1533/1661/1533 1537/1665/1537
f 1533/1661/1533 1536/1664/1536 1539/1667/1539
f 1540/1668/1540 1541/1669/1541 1532/1660/1532
f 1541/1669/1541 1542/1670/1542 1535/1663/1535
f 1542/1670/1542 1544/1672/1544 1543/1671/1543
f 1544/1672/1544 1598/1734/1598 1545/1673/1545
f 1543/1671/1543 1545/1673/1545 1546/1674/1546
f 1536/1664/1536 1546/1674/1546 1547/1675/1547
f 1539/1667/1539 1547/1675/1547 1460/1578/1460
f 1537/1665/1537 1539/1667/1539 1439/1557/1439
f 1538/1666/1538 1537/1665/1537 1437/1555/1437
f 1525/1653/1525 1538/1666/1538 1436/1554/1436
f 1524/1652/1524 1534/1662/1534 1538/1666/1538
f 1523/1651/1523 1532/1660/1532 1534/1662/1534
f 1548/1676/1548 1551/1679/1551 1549/1677/1549
f 1551/1679/1551 1557/1685/1557 1552/1680/1552
f 1550/1678/1550 1549/1677/1549 1553/1681/1553
f 1549/1677/1549 1552/1680/1552 1555/1683/1555
f 1530/1658/1530 1528/1656/1528 1548/1676/1548
f 1528/1656/1528 1527/1655/1527 1551/1679/1551
f 1527/1655/1527 1526/1654/1526 1557/1685/1557
f 1526/1654/1526 1434/1552/1434 1435/1553/1435
f 1557/1685/1557 1435/1553/1435 1445/1563/1445
f 1552/1680/1552 1445/1563/1445 1444/1562/1444
f 1555/1683/1555 1444/1562/1444 1415/1533/1415
f 1553/1681/1553 1555/1683/1555 1497/1620/1497
f 1554/1682/1554 1553/1681/1553 1495/1618/1495
f 1558/1686/1558 1554/1682/1554 1494/1617/1494
f 1559/1687/1559 1550/1678/1550 1554/1682/1554
f 1556/1684/1556 1548/1676/1548 1550/1678/1550
f 1560/1688/1560 1564/1692/1564 1561/1689/1561
f 1563/1691/1563 1566/1694/1566 1564/1692/1564
f 1564/1692/1564 1567/1695/1567 1565/1693/1565
f 1566/1694/1566 1571/1704/1571 1567/1695/1567
f 335/1696/335 1562/1690/1562 1568/1697/1568
f 349/1699/349 1560/1688/1560 1562/1690/1562
f 347/1700/347 1563/1691/1563 1560/1688/1560
f 348/1701/348 1569/1702/1569 1563/1691/1563
f 1569/1702/1569 1570/1703/1570 1566/1694/1566
f 1570/1703/1570 1572/1705/1572 1571/1704/1571
f 1572/1705/1572 1455/1573/1455 1573/1706/1573
f 1571/1704/1571 1573/1706/1573 1574/1707/1574
f 1567/1695/1567 1574/1707/1574 1575/1708/1575
f 1565/1693/1565 1575/1708/1575 1576/1709/1576
f 1561/1689/1561 1565/1693/1565 1577/1710/1577
f 1562/1690/1562 1561/1689/1561 1578/1711/1578
f 1579/1712/1579 1583/1716/1583 1580/1713/1580
f 1582/1715/1582 1585/1718/1585 1583/1716/1583
f 1583/1716/1583 1586/1719/1586 1584/1717/1584
f 1585/1718/1585 1587/1723/1587 1586/1719/1586
f 374/1720/374 1581/1714/1581 1569/1702/1569
f 377/1721/377 1579/1712/1579 1581/1714/1581
f 376/1722/376 1582/1715/1582 1579/1712/1579
f 309/1634/309 1509/1633/1509 1582/1715/1582
f 1509/1633/1509 1508/1632/1508 1585/1718/1585
f 1508/1632/1508 1507/1631/1507 1587/1723/1587
f 1507/1631/1507 1423/1541/1423 1457/1575/1457
f 1587/1723/1587 1457/1575/1457 1456/1574/1456
f 1586/1719/1586 1456/1574/1456 1453/1571/1453
f 1584/1717/1584 1453/1571/1453 1455/1573/1455
f 1580/1713/1580 1584/1717/1584 1572/1705/1572
f 1581/1714/1581 1580/1713/1580 1570/1703/1570
f 1588/1724/1588 1592/1728/1592 1589/1725/1589
f 1591/1727/1591 1594/1730/1594 1592/1728/1592
f 1592/1728/1592 1595/1731/1595 1593/1729/1593
f 1594/1730/1594 1597/1733/1597 1595/1731/1595
f 1575/1708/1575 1590/1726/1590 1596/1732/1596
f 1574/1707/1574 1588/1724/1588 1590/1726/1590
f 1573/1706/1573 1591/1727/1591 1588/1724/1588
f 1455/1573/1455 1454/1572/1454 1591/1727/1591
f 1454/1572/1454 1462/1580/1462 1594/1730/1594
f 1462/1580/1462 1461/1579/1461 1597/1733/1597
f 1461/1579/1461 1460/1578/1460 1547/1675/1547
f 1597/1733/1597 1547/1675/1547 1546/1674/1546
f 1595/1731/1595 1546/1674/1546 1545/1673/1545
f 1593/1729/1593 1545/1673/1545 1598/1734/1598
f 1589/1725/1589 1593/1729/1593 1599/1735/1599
f 1590/1726/1590 1589/1725/1589 1600/1736/1600
f 1601/1737/1601 1605/1741/1605 1602/1738/1602
f 1604/1740/1604 1607/1743/1607 1605/1741/1605
f 1605/1741/1605 1608/1744/1608 1606/1742/1606
f 1607/1743/1607 1617/1753/1617 1608/1744/1608
f 1609/1745/1609 1603/1739/1603 1610/1746/1610
f 1612/1748/1612 1601/1737/1601 1603/1739/1603
f 1613/1749/1613 1604/1740/1604 1601/1737/1601
f 1614/1750/1614 1615/1751/1615 1604/1740/1604
f 1615/1751/1615 1616/1752/1616 1607/1743/1607
f 1616/1752/1616 1618/1754/1618 1617/1753/1617
f 1618/1754/1618 1642/1778/1642 1619/1755/1619
f 1617/1753/1617 1619/1755/1619 1620/1756/1620
f 1606/1742/1606 1608/1744/1608 1620/1756/1620
f 1606/1742/1606 1621/1757/1621 1622/1758/1622
f 1602/1738/1602 1606/1742/1606 1623/1759/1623
f 1603/1739/1603 1602/1738/1602 1624/1760/1624
f 1625/1761/1625 1628/1764/1628 1626/1762/1626
f 1628/1764/1628 1637/1773/1637 1629/1765/1629
f 1627/1763/1627 1626/1762/1626 1630/1766/1630
f 1626/1762/1626 1629/1765/1629 1632/1768/1632
f 1633/1769/1633 1635/1771/1635 1625/1761/1625
f 1635/1771/1635 1636/1772/1636 1628/1764/1628
f 1636/1772/1636 1638/1774/1638 1637/1773/1637
f 1638/1774/1638 1659/1795/1659 1639/1775/1639
f 1637/1773/1637 1639/1775/1639 1640/1776/1640
f 1629/1765/1629 1640/1776/1640 1641/1777/1641
f 1632/1768/1632 1641/1777/1641 1642/1778/1642
f 1630/1766/1630 1632/1768/1632 1618/1754/1618
f 1631/1767/1631 1630/1766/1630 1616/1752/1616
f 1643/1779/1643 1631/1767/1631 1615/1751/1615
f 1644/1780/1644 1627/1763/1627 1631/1767/1631
f 1634/1770/1634 1625/1761/1625 1627/1763/1627
f 1645/1781/1645 1649/1785/1649 1646/1782/1646
f 1648/1784/1648 1651/1787/1651 1649/1785/1649
f 1649/1785/1649 1652/1788/1652 1650/1786/1650
f 1651/1787/1651 1658/1794/1658 1652/1788/1652
f 1653/1789/1653 1647/1783/1647 1654/1790/1654
f 1656/1792/1656 1645/1781/1645 1647/1783/1647
f 1657/1793/1657 1648/1784/1648 1645/1781/1645
f 1622/1758/1622 1621/1757/1621 1648/1784/1648
f 1621/1757/1621 1620/1756/1620 1651/1787/1651
f 1620/1756/1620 1619/1755/1619 1658/1794/1658
f 1658/1794/1658 1619/1755/1619 1642/1778/1642
f 1658/1794/1658 1641/1777/1641 1640/1776/1640
f 1652/1788/1652 1640/1776/1640 1639/1775/1639
f 1650/1786/1650 1639/1775/1639 1659/1795/1659
f 1646/1782/1646 1650/1786/1650 1660/1796/1660
f 1647/1783/1647 1646/1782/1646 1661/1797/1661
f 1662/1798/1662 1666/1802/1666 1663/1799/1663
f 1665/1801/1665 1668/1804/1668 1666/1802/1666
f 1666/1802/1666 1669/1805/1669 1667/1803/1667
f 1668/1804/1668 1676/1814/1676 1669/1805/1669
f 1670/1806/1670 1664/1800/1664 487/1807/487
f 1671/1809/1671 1662/1798/1662 1664/1800/1664
f 1672/1810/1672 1665/1801/1665 1662/1798/1662
f 1673/1811/1673 1674/1812/1674 1665/1801/1665
f 1674/1812/1674 1675/1813/1675 1668/1804/1668
f 1675/1813/1675 1677/1815/1677 1676/1814/1676
f 1677/1815/1677 1611/1747/1611 1678/1816/1678
f 1676/1814/1676 1678/1816/1678 1679/1817/1679
f 1669/1805/1669 1679/1817/1679 1680/1818/1680
f 1667/1803/1667 1680/1818/1680 505/1819/505
f 1663/1799/1663 1667/1803/1667 489/1820/489
f 1664/1800/1664 1663/1799/1663 488/1821/488
f 1681/1822/1681 1685/1826/1685 1682/1823/1682
f 1684/1825/1684 1687/1828/1687 1685/1826/1685
f 1685/1826/1685 1688/1829/1688 1686/1827/1686
f 1687/1828/1687 1695/1836/1695 1688/1829/1688
f 1689/1830/1689 1683/1824/1683 1674/1812/1674
f 1690/1831/1690 1681/1822/1681 1683/1824/1683
f 1691/1832/1691 1684/1825/1684 1681/1822/1681
f 1692/1833/1692 1693/1834/1693 1684/1825/1684
f 1693/1834/1693 1694/1835/1694 1687/1828/1687
f 1694/1835/1694 1696/1837/1696 1695/1836/1695
f 1696/1837/1696 1614/1750/1614 1613/1749/1613
f 1695/1836/1695 1613/1749/1613 1612/1748/1612
f 1688/1829/1688 1612/1748/1612 1609/1745/1609
f 1686/1827/1686 1609/1745/1609 1611/1747/1611
f 1682/1823/1682 1686/1827/1686 1677/1815/1677
f 1683/1824/1683 1682/1823/1682 1675/1813/1675
f 1697/1838/1697 1701/1842/1701 1698/1839/1698
f 1700/1841/1700 1703/1844/1703 1701/1842/1701
f 1701/1842/1701 1704/1845/1704 1702/1843/1702
f 1703/1844/1703 1705/1847/1705 1704/1845/1704
f 1680/1818/1680 1699/1840/1699 506/1846/506
f 1679/1817/1679 1697/1838/1697 1699/1840/1699
f 1678/1816/1678 1700/1841/1700 1697/1838/1697
f 1611/1747/1611 1610/1746/1610 1700/1841/1700
f 1610/1746/1610 1624/1760/1624 1703/1844/1703
f 1624/1760/1624 1623/1759/1623 1705/1847/1705
f 1623/1759/1623 1622/1758/1622 1706/1848/1706
f 1704/1845/1704 1705/1847/1705 1706/1848/1706
f 1702/1843/1702 1704/1845/1704 1707/1849/1707
f 1702/1843/1702 1708/1850/1708 509/1851/509
f 1698/1839/1698 1702/1843/1702 507/1852/507
f 1699/1840/1699 1698/1839/1698 508/1853/508
f 1709/1854/1709 1712/1857/1712 1710/1855/1710
f 1712/1857/1712 1720/1866/1720 1713/1858/1713
f 1711/1856/1711 1710/1855/1710 1714/1859/1714
f 1710/1855/1710 1713/1858/1713 1716/1861/1716
f 673/1862/673 1718/1864/1718 1709/1854/1709
f 1718/1864/1718 1719/1865/1719 1712/1857/1712
f 1719/1865/1719 1721/1867/1721 1720/1866/1720
f 1721/1867/1721 1739/1885/1739 1722/1868/1722
f 1720/1866/1720 1722/1868/1722 1723/1869/1723
f 1713/1858/1713 1723/1869/1723 1724/1870/1724
f 1716/1861/1716 1724/1870/1724 1633/1769/1633
f 1714/1859/1714 1716/1861/1716 1725/1871/1725
f 1715/1860/1715 1714/1859/1714 1726/1872/1726
f 1728/1874/1728 1715/1860/1715 1727/1873/1727
f 1730/1876/1730 1711/1856/1711 1715/1860/1715
f 1717/1863/1717 1709/1854/1709 1711/1856/1711
f 1731/1877/1731 1734/1880/1734 1732/1878/1732
f 1734/1880/1734 1742/1888/1742 1735/1881/1735
f 1733/1879/1733 1732/1878/1732 1736/1882/1736
f 1732/1878/1732 1735/1881/1735 1738/1884/1738
f 1739/1885/1739 1740/1886/1740 1731/1877/1731
f 1740/1886/1740 1741/1887/1741 1734/1880/1734
f 1741/1887/1741 1743/1889/1743 1742/1888/1742
f 1743/1889/1743 1797/1951/1797 1744/1890/1744
f 1742/1888/1742 1744/1890/1744 1745/1891/1745
f 1735/1881/1735 1745/1891/1745 1746/1892/1746
f 1738/1884/1738 1746/1892/1746 1659/1795/1659
f 1736/1882/1736 1738/1884/1738 1638/1774/1638
f 1737/1883/1737 1736/1882/1736 1636/1772/1636
f 1724/1870/1724 1737/1883/1737 1635/1771/1635
f 1723/1869/1723 1733/1879/1733 1737/1883/1737
f 1722/1868/1722 1731/1877/1731 1733/1879/1733
f 1747/1893/1747 1750/1896/1750 1748/1894/1748
f 1750/1896/1750 1756/1902/1756 1751/1897/1751
f 1749/1895/1749 1748/1894/1748 1752/1898/1752
f 1748/1894/1748 1751/1897/1751 1754/1900/1754
f 1729/1875/1729 1727/1873/1727 1747/1893/1747
f 1727/1873/1727 1726/1872/1726 1750/1896/1750
f 1726/1872/1726 1725/1871/1725 1756/1902/1756
f 1725/1871/1725 1633/1769/1633 1634/1770/1634
f 1756/1902/1756 1634/1770/1634 1644/1780/1644
f 1751/1897/1751 1644/1780/1644 1643/1779/1643
f 1754/1900/1754 1643/1779/1643 1614/1750/1614
f 1752/1898/1752 1754/1900/1754 1696/1837/1696
f 1753/1899/1753 1752/1898/1752 1694/1835/1694
f 1757/1903/1757 1753/1899/1753 1693/1834/1693
f 1758/1904/1758 1749/1895/1749 1753/1899/1753
f 1755/1901/1755 1747/1893/1747 1749/1895/1749
f 1759/1905/1759 1763/1909/1763 1760/1906/1760
f 1762/1908/1762 1765/1911/1765 1763/1909/1763
f 1763/1909/1763 1766/1912/1766 1764/1910/1764
f 1765/1911/1765 1770/1921/1770 1766/1912/1766
f 533/1913/533 1761/1907/1761 1767/1914/1767
f 542/1916/542 1759/1905/1759 1761/1907/1761
f 541/1917/541 1762/1908/1762 1759/1905/1759
f 540/1918/540 1768/1919/1768 1762/1908/1762
f 1768/1919/1768 1769/1920/1769 1765/1911/1765
f 1769/1920/1769 1771/1922/1771 1770/1921/1770
f 1771/1922/1771 1655/1791/1655 1772/1923/1772
f 1770/1921/1770 1772/1923/1772 1773/1924/1773
f 1766/1912/1766 1773/1924/1773 1774/1925/1774
f 1764/1910/1764 1774/1925/1774 1775/1926/1775
f 1760/1906/1760 1764/1910/1764 1776/1927/1776
f 1761/1907/1761 1760/1906/1760 1777/1928/1777
f 1778/1929/1778 1782/1933/1782 1779/1930/1779
f 1781/1932/1781 1786/1940/1786 1779/1930/1779
f 1779/1930/1779 1785/1936/1785 1783/1934/1783
f 1779/1930/1779 1786/1940/1786 1784/1935/1784
f 540/1918/540 563/1938/563 1778/1929/1778
f 567/1937/567 1782/1933/1782 1778/1929/1778
f 566/1939/566 1781/1932/1781 1782/1933/1782
f 566/1939/566 509/1851/509 1708/1850/1708
f 1781/1932/1781 1708/1850/1708 1707/1849/1707
f 1786/1940/1786 1707/1849/1707 1706/1848/1706
f 1706/1848/1706 1622/1758/1622 1657/1793/1657
f 1784/1935/1784 1657/1793/1657 1656/1792/1656
f 1785/1936/1785 1656/1792/1656 1653/1789/1653
f 1783/1934/1783 1653/1789/1653 1655/1791/1655
f 1780/1931/1780 1783/1934/1783 1771/1922/1771
f 1778/1929/1778 1780/1931/1780 1769/1920/1769
f 1787/1941/1787 1791/1945/1791 1788/1942/1788
f 1790/1944/1790 1793/1947/1793 1791/1945/1791
f 1791/1945/1791 1794/1948/1794 1792/1946/1792
f 1793/1947/1793 1796/1950/1796 1794/1948/1794
f 1774/1925/1774 1789/1943/1789 1795/1949/1795
f 1773/1924/1773 1787/1941/1787 1789/1943/1789
f 1772/1923/1772 1790/1944/1790 1787/1941/1787
f 1655/1791/1655 1654/1790/1654 1790/1944/1790
f 1654/1790/1654 1661/1797/1661 1793/1947/1793
f 1661/1797/1661 1660/1796/1660 1796/1950/1796
f 1660/1796/1660 1659/1795/1659 1746/1892/1746
f 1796/1950/1796 1746/1892/1746 1745/1891/1745
f 1794/1948/1794 1745/1891/1745 1744/1890/1744
f 1792/1946/1792 1744/1890/1744 1797/1951/1797
f 1788/1942/1788 1792/1946/1792 1798/1952/1798
f 1789/1943/1789 1788/1942/1788 1799/1953/1799
f 1800/1954/1800 1804/1958/1804 1801/1955/1801
f 1803/1957/1803 1806/1960/1806 1804/1958/1804
f 1804/1958/1804 1807/1961/1807 1805/1959/1805
f 1806/1960/1806 1816/1970/1816 1807/1961/1807
f 1808/1962/1808 1802/1956/1802 1809/1963/1809
f 1811/1965/1811 1800/1954/1800 1802/1956/1802
f 1812/1966/1812 1803/1957/1803 1800/1954/1800
f 1813/1967/1813 1814/1968/1814 1803/1957/1803
f 1814/1968/1814 1815/1969/1815 1806/1960/1806
f 1815/1969/1815 1817/1971/1817 1816/1970/1816
f 1817/1971/1817 1841/1995/1841 1818/1972/1818
f 1816/1970/1816 1818/1972/1818 1819/1973/1819
f 1805/1959/1805 1807/1961/1807 1819/1973/1819
f 1805/1959/1805 1820/1974/1820 1821/1975/1821
f 1801/1955/1801 1805/1959/1805 1822/1976/1822
f 1802/1956/1802 1801/1955/1801 1823/1977/1823
f 1824/1978/1824 1827/1981/1827 1825/1979/1825
f 1827/1981/1827 1836/1990/1836 1828/1982/1828
f 1826/1980/1826 1825/1979/1825 1829/1983/1829
f 1825/1979/1825 1828/1982/1828 1831/1985/1831
f 1832/1986/1832 1834/1988/1834 1824/1978/1824
f 1834/1988/1834 1835/1989/1835 1827/1981/1827
f 1835/1989/1835 1837/1991/1837 1836/1990/1836
f 1837/1991/1837 1858/2012/1858 1838/1992/1838
f 1836/1990/1836 1838/1992/1838 1839/1993/1839
f 1828/1982/1828 1839/1993/1839 1840/1994/1840
f 1831/1985/1831 1840/1994/1840 1841/1995/1841
f 1829/1983/1829 1831/1985/1831 1817/1971/1817
f 1830/1984/1830 1829/1983/1829 1815/1969/1815
f 1842/1996/1842 1830/1984/1830 1814/1968/1814
f 1843/1997/1843 1826/1980/1826 1830/1984/1830
f 1833/1987/1833 1824/1978/1824 1826/1980/1826
f 1844/1998/1844 1848/2002/1848 1845/1999/1845
f 1847/2001/1847 1857/2011/1857 1848/2002/1848
f 1848/2002/1848 1851/2005/1851 1849/2003/1849
f 1848/2002/1848 1857/2011/1857 1850/2004/1850
f 1852/2006/1852 1846/2000/1846 1853/2007/1853
f 1855/2009/1855 1844/1998/1844 1846/2000/1846
f 1856/2010/1856 1847/2001/1847 1844/1998/1844
f 1821/1975/1821 1820/1974/1820 1847/2001/1847
f 1847/2001/1847 1820/1974/1820 1819/1973/1819
f 1819/1973/1819 1818/1972/1818 1850/2004/1850
f 1850/2004/1850 1818/1972/1818 1841/1995/1841
f 1851/2005/1851 1850/2004/1850 1840/1994/1840
f 1851/2005/1851 1839/1993/1839 1838/1992/1838
f 1849/2003/1849 1838/1992/1838 1858/2012/1858
f 1845/1999/1845 1849/2003/1849 1859/2013/1859
f 1846/2000/1846 1845/1999/1845 1860/2014/1860
f 1861/2015/1861 1865/2019/1865 1862/2016/1862
f 1864/2018/1864 1867/2021/1867 1865/2019/1865
f 1865/2019/1865 1868/2022/1868 1866/2020/1866
f 1867/2021/1867 1871/2031/1871 1868/2022/1868
f 1717/2023/1717 1863/2017/1863 671/2024/671
f 1730/2026/1730 1861/2015/1861 1863/2017/1863
f 1728/2027/1728 1864/2018/1864 1861/2015/1861
f 1729/2028/1729 1869/2029/1869 1864/2018/1864
f 1869/2029/1869 1870/2030/1870 1867/2021/1867
f 1870/2030/1870 1872/2032/1872 1871/2031/1871
f 1872/2032/1872 1810/1964/1810 1873/2033/1873
f 1871/2031/1871 1873/2033/1873 1874/2034/1874
f 1868/2022/1868 1874/2034/1874 1875/2035/1875
f 1866/2020/1866 1875/2035/1875 694/2036/694
f 1862/2016/1862 1866/2020/1866 675/2037/675
f 1863/2017/1863 1862/2016/1862 674/2038/674
f 1876/2039/1876 1880/2043/1880 1877/2040/1877
f 1879/2042/1879 1882/2045/1882 1880/2043/1880
f 1880/2043/1880 1883/2046/1883 1881/2044/1881
f 1882/2045/1882 1886/2053/1886 1883/2046/1883
f 1755/2047/1755 1878/2041/1878 1869/2029/1869
f 1758/2048/1758 1876/2039/1876 1878/2041/1878
f 1757/2049/1757 1879/2042/1879 1876/2039/1876
f 1692/2050/1692 1884/2051/1884 1879/2042/1879
f 1884/2051/1884 1885/2052/1885 1882/2045/1882
f 1885/2052/1885 1887/2054/1887 1886/2053/1886
f 1887/2054/1887 1813/1967/1813 1812/1966/1812
f 1886/2053/1886 1812/1966/1812 1811/1965/1811
f 1883/2046/1883 1811/1965/1811 1808/1962/1808
f 1881/2044/1881 1808/1962/1808 1810/1964/1810
f 1877/2040/1877 1881/2044/1881 1872/2032/1872
f 1878/2041/1878 1877/2040/1877 1870/2030/1870
f 1888/2055/1888 1892/2059/1892 1889/2056/1889
f 1891/2058/1891 1894/2061/1894 1892/2059/1892
f 1892/2059/1892 1895/2062/1895 1893/2060/1893
f 1894/2061/1894 1896/2064/1896 1895/2062/1895
f 1875/2035/1875 1890/2057/1890 696/2063/696
f 1874/2034/1874 1888/2055/1888 1890/2057/1890
f 1873/2033/1873 1891/2058/1891 1888/2055/1888
f 1810/1964/1810 1809/1963/1809 1891/2058/1891
f 1809/1963/1809 1823/1977/1823 1894/2061/1894
f 1823/1977/1823 1822/1976/1822 1896/2064/1896
f 1822/1976/1822 1821/1975/1821 1897/2065/1897
f 1896/2064/1896 1897/2065/1897 1898/2066/1898
f 1895/2062/1895 1898/2066/1898 1899/2067/1899
f 697/2068/697 1893/2060/1893 1899/2067/1899
f 1889/2056/1889 1893/2060/1893 697/2068/697
f 1890/2057/1890 1889/2056/1889 695/2070/695
f 1900/2071/1900 1903/2074/1903 1901/2072/1901
f 1903/2074/1903 1908/2083/1908 1904/2075/1904
f 1902/2073/1902 1901/2072/1901 1905/2076/1905
f 1901/2072/1901 1904/2075/1904 1907/2078/1907
f 336/2079/336 1568/2081/1568 1900/2071/1900
f 1568/2081/1568 1578/2082/1578 1903/2074/1903
f 1578/2082/1578 1577/2084/1577 1908/2083/1908
f 1577/2084/1577 1576/2102/1576 1909/2085/1909
f 1908/2083/1908 1909/2085/1909 1910/2086/1910
f 1904/2075/1904 1910/2086/1910 1911/2087/1911
f 1907/2078/1907 1911/2087/1911 1832/1986/1832
f 1905/2076/1905 1907/2078/1907 1912/2088/1912
f 1906/2077/1906 1905/2076/1905 1913/2089/1913
f 1672/2091/1672 1906/2077/1906 1914/2090/1914
f 1671/2093/1671 1902/2073/1902 1906/2077/1906
f 1670/2080/1670 1900/2071/1900 1902/2073/1902
f 1915/2094/1915 1918/2097/1918 1916/2095/1916
f 1918/2097/1918 1923/2105/1923 1919/2098/1919
f 1917/2096/1917 1916/2095/1916 1920/2099/1920
f 1916/2095/1916 1919/2098/1919 1922/2101/1922
f 1576/2102/1576 1596/2103/1596 1915/2094/1915
f 1596/2103/1596 1600/2104/1600 1918/2097/1918
f 1600/2104/1600 1599/2106/1599 1923/2105/1923
f 1599/2106/1599 1598/2168/1598 1924/2107/1924
f 1923/2105/1923 1924/2107/1924 1925/2108/1925
f 1919/2098/1919 1925/2108/1925 1926/2109/1926
f 1922/2101/1922 1926/2109/1926 1858/2012/1858
f 1920/2099/1920 1922/2101/1922 1837/1991/1837
f 1921/2100/1921 1920/2099/1920 1835/1989/1835
f 1911/2087/1911 1921/2100/1921 1834/1988/1834
f 1910/2086/1910 1917/2096/1917 1921/2100/1921
f 1909/2085/1909 1915/2094/1915 1917/2096/1917
f 1927/2110/1927 1930/2113/1930 1928/2111/1928
f 1930/2113/1930 1935/2119/1935 1931/2114/1931
f 1929/2112/1929 1928/2111/1928 1932/2115/1932
f 1928/2111/1928 1931/2114/1931 1934/2117/1934
f 1673/2092/1673 1914/2090/1914 1927/2110/1927
f 1914/2090/1914 1913/2089/1913 1930/2113/1930
f 1913/2089/1913 1912/2088/1912 1935/2119/1935
f 1912/2088/1912 1832/1986/1832 1833/1987/1833
f 1935/2119/1935 1833/1987/1833 1843/1997/1843
f 1931/2114/1931 1843/1997/1843 1842/1996/1842
f 1934/2117/1934 1842/1996/1842 1813/1967/1813
f 1932/2115/1932 1934/2117/1934 1887/2054/1887
f 1933/2116/1933 1932/2115/1932 1885/2052/1885
f 1691/2120/1691 1933/2116/1933 1884/2051/1884
f 1690/2121/1690 1929/2112/1929 1933/2116/1933
f 1689/2118/1689 1927/2110/1927 1929/2112/1929
f 1936/2122/1936 1940/2126/1940 1937/2123/1937
f 1939/2125/1939 1942/2128/1942 1940/2126/1940
f 1940/2126/1940 1943/2129/1943 1941/2127/1941
f 1942/2128/1942 1946/2138/1946 1943/2129/1943
f 726/2130/726 1938/2124/1938 1519/2131/1519
f 739/2133/739 1936/2122/1936 1938/2124/1938
f 737/2134/737 1939/2125/1939 1936/2122/1936
f 738/2135/738 1944/2136/1944 1939/2125/1939
f 1944/2136/1944 1945/2137/1945 1942/2128/1942
f 1945/2137/1945 1947/2139/1947 1946/2138/1946
f 1947/2139/1947 1854/2008/1854 1948/2140/1948
f 1946/2138/1946 1948/2140/1948 1949/2141/1949
f 1943/2129/1943 1949/2141/1949 1950/2142/1950
f 1941/2127/1941 1950/2142/1950 1540/2143/1540
f 1937/2123/1937 1941/2127/1941 1522/2144/1522
f 1938/2124/1938 1937/2123/1937 1520/2145/1520
f 1951/2146/1951 1955/2150/1955 1952/2147/1952
f 1951/2146/1951 1958/2156/1958 1954/2149/1954
f 1955/2150/1955 1957/2152/1957 1956/2151/1956
f 1954/2149/1954 1959/2157/1959 1957/2152/1957
f 765/2153/765 1953/2148/1953 1944/2136/1944
f 770/2154/770 1951/2146/1951 1953/2148/1953
f 769/2155/769 1958/2156/1958 1951/2146/1951
f 768/2069/768 1899/2067/1899 1958/2156/1958
f 1958/2156/1958 1899/2067/1899 1898/2066/1898
f 1954/2149/1954 1898/2066/1898 1897/2065/1897
f 1959/2157/1959 1897/2065/1897 1821/1975/1821
f 1959/2157/1959 1856/2010/1856 1855/2009/1855
f 1957/2152/1957 1855/2009/1855 1852/2006/1852
f 1956/2151/1956 1852/2006/1852 1854/2008/1854
f 1952/2147/1952 1956/2151/1956 1947/2139/1947
f 1953/2148/1953 1952/2147/1952 1945/2137/1945
f 1960/2158/1960 1964/2162/1964 1961/2159/1961
f 1963/2161/1963 1966/2164/1966 1964/2162/1964
f 1964/2162/1964 1967/2165/1967 1965/2163/1965
f 1966/2164/1966 1968/2167/1968 1967/2165/1967
f 1950/2142/1950 1962/2160/1962 1541/2166/1541
f 1949/2141/1949 1960/2158/1960 1962/2160/1962
f 1948/2140/1948 1963/2161/1963 1960/2158/1960
f 1854/2008/1854 1853/2007/1853 1963/2161/1963
f 1853/2007/1853 1860/2014/1860 1966/2164/1966
f 1860/2014/1860 1859/2013/1859 1968/2167/1968
f 1859/2013/1859 1858/2012/1858 1926/2109/1926
f 1968/2167/1968 1926/2109/1926 1925/2108/1925
f 1967/2165/1967 1925/2108/1925 1924/2107/1924
f 1965/2163/1965 1924/2107/1924 1598/2168/1598
f 1961/2159/1961 1965/2163/1965 1544/2169/1544
f 1962/2160/1962 1961/2159/1961 1542/2170/1542
f 1969/2171/1969 1973/2175/1973 1970/2172/1970
f 1972/2174/1972 1975/2177/1975 1973/2175/1973
f 1973/2175/1973 1976/2178/1976 1974/2176/1974
f 1975/2177/1975 1985/2187/1985 1976/2178/1976
f 1977/2179/1977 1979/2181/1979 1971/2173/1971
f 1979/2181/1979 1981/2183/1981 1969/2171/1969
f 1980/2182/1980 1972/2174/1972 1969/2171/1969
f 1982/2184/1982 1983/2185/1983 1972/2174/1972
f 1983/2185/1983 1984/2186/1984 1975/2177/1975
f 1984/2186/1984 1986/2188/1986 1985/2187/1985
f 1986/2188/1986 2010/2212/2010 1987/2189/1987
f 1985/2187/1985 1987/2189/1987 1988/2190/1988
f 1976/2178/1976 1988/2190/1988 1989/2191/1989
f 1974/2176/1974 1989/2191/1989 1990/2192/1990
f 1970/2172/1970 1974/2176/1974 1991/2193/1991
f 1971/2173/1971 1970/2172/1970 1992/2194/1992
f 1993/2195/1993 1996/2198/1996 1994/2196/1994
f 1996/2198/1996 2005/2207/2005 1997/2199/1997
f 1995/2197/1995 1994/2196/1994 1998/2200/1998
f 1994/2196/1994 1997/2199/1997 2000/2202/2000
f 2001/2203/2001 2003/2205/2003 1993/2195/1993
f 2003/2205/2003 2004/2206/2004 1996/2198/1996
f 2004/2206/2004 2006/2208/2006 2005/2207/2005
f 2006/2208/2006 2027/2229/2027 2007/2209/2007
f 2005/2207/2005 2007/2209/2007 2008/2210/2008
f 1997/2199/1997 2008/2210/2008 2009/2211/2009
f 2000/2202/2000 2009/2211/2009 2010/2212/2010
f 1998/2200/1998 2000/2202/2000 1986/2188/1986
f 1999/2201/1999 1998/2200/1998 1984/2186/1984
f 2011/2213/2011 1999/2201/1999 1983/2185/1983
f 2012/2214/2012 1995/2197/1995 1999/2201/1999
f 2002/2204/2002 1993/2195/1993 1995/2197/1995
f 2013/2215/2013 2017/2219/2017 2014/2216/2014
f 2016/2218/2016 2019/2221/2019 2017/2219/2017
f 2017/2219/2017 2020/2222/2020 2018/2220/2018
f 2019/2221/2019 2026/2228/2026 2020/2222/2020
f 2021/2223/2021 2015/2217/2015 2022/2224/2022
f 2024/2226/2024 2013/2215/2013 2015/2217/2015
f 2025/2227/2025 2016/2218/2016 2013/2215/2013
f 1990/2192/1990 1989/2191/1989 2016/2218/2016
f 1989/2191/1989 1988/2190/1988 2019/2221/2019
f 2019/2221/2019 1988/2190/1988 1987/2189/1987
f 2026/2228/2026 1987/2189/1987 2010/2212/2010
f 2026/2228/2026 2009/2211/2009 2008/2210/2008
f 2020/2222/2020 2008/2210/2008 2007/2209/2007
f 2018/2220/2018 2007/2209/2007 2027/2229/2027
f 2014/2216/2014 2018/2220/2018 2028/2230/2028
f 2015/2217/2015 2014/2216/2014 2029/2231/2029
f 2030/2232/2030 2034/2236/2034 2031/2233/2031
f 2033/2235/2033 2036/2238/2036 2034/2236/2034
f 2034/2236/2034 2037/2239/2037 2035/2237/2035
f 2036/2238/2036 2040/2248/2040 2037/2239/2037
f 1319/2240/1319 2032/2234/2032 888/2241/888
f 1332/2243/1332 2030/2232/2030 2032/2234/2032
f 1330/2244/1330 2033/2235/2033 2030/2232/2030
f 1331/2245/1331 2038/2246/2038 2033/2235/2033
f 2038/2246/2038 2039/2247/2039 2036/2238/2036
f 2039/2247/2039 2041/2249/2041 2040/2248/2040
f 2041/2249/2041 1977/2179/1977 2042/2250/2042
f 2040/2248/2040 2042/2250/2042 2043/2251/2043
f 2037/2239/2037 2043/2251/2043 2044/2252/2044
f 2035/2237/2035 2044/2252/2044 911/2253/911
f 2031/2233/2031 2035/2237/2035 892/2254/892
f 2032/2234/2032 2031/2233/2031 891/2255/891
f 2045/2256/2045 2049/2260/2049 2046/2257/2046
f 2048/2259/2048 2051/2262/2051 2049/2260/2049
f 2049/2260/2049 2052/2263/2052 2050/2261/2050
f 2051/2262/2051 2055/2270/2055 2052/2263/2052
f 1357/2264/1357 2047/2258/2047 2038/2246/2038
f 1360/2265/1360 2045/2256/2045 2047/2258/2047
f 1359/2266/1359 2048/2259/2048 2045/2256/2045
f 1294/2267/1294 2053/2268/2053 2048/2259/2048
f 2053/2268/2053 2054/2269/2054 2051/2262/2051
f 2054/2269/2054 2056/2271/2056 2055/2270/2055
f 2056/2271/2056 1982/2184/1982 1980/2182/1980
f 2055/2270/2055 1980/2182/1980 1981/2183/1981
f 2050/2261/2050 2052/2263/2052 1981/2183/1981
f 2050/2261/2050 1979/2181/1979 1977/2179/1977
f 2046/2257/2046 2050/2261/2050 2041/2249/2041
f 2047/2258/2047 2046/2257/2046 2039/2247/2039
f 2057/2272/2057 2061/2276/2061 2058/2273/2058
f 2060/2275/2060 2063/2278/2063 2061/2276/2061
f 2061/2276/2061 2064/2279/2064 2062/2277/2062
f 2063/2278/2063 2065/2281/2065 2064/2279/2064
f 2044/2252/2044 2059/2274/2059 910/2280/910
f 2043/2251/2043 2057/2272/2057 2059/2274/2059
f 2042/2250/2042 2060/2275/2060 2057/2272/2057
f 1977/2179/1977 1978/2180/1978 2060/2275/2060
f 1978/2180/1978 1992/2194/1992 2063/2278/2063
f 1992/2194/1992 1991/2193/1991 2065/2281/2065
f 1991/2193/1991 1990/2192/1990 2066/2282/2066
f 2065/2281/2065 2066/2282/2066 2067/2283/2067
f 2064/2279/2064 2067/2283/2067 2068/2284/2068
f 913/2285/913 2062/2277/2062 2068/2284/2068
f 912/2287/912 2058/2273/2058 2062/2277/2062
f 2059/2274/2059 2058/2273/2058 912/2287/912
f 2069/2288/2069 2072/2291/2072 2070/2289/2070
f 2072/2291/2072 2077/2300/2077 2073/2292/2073
f 2071/2290/2071 2070/2289/2070 2074/2293/2074
f 2070/2289/2070 2073/2292/2073 2076/2295/2076
f 72/2296/72 1767/2298/1767 2069/2288/2069
f 1767/2298/1767 1777/2299/1777 2072/2291/2072
f 1777/2299/1777 1776/2301/1776 2077/2300/2077
f 1776/2301/1776 1775/2319/1775 2078/2302/2078
f 2077/2300/2077 2078/2302/2078 2079/2303/2079
f 2073/2292/2073 2079/2303/2079 2080/2304/2080
f 2076/2295/2076 2080/2304/2080 2001/2203/2001
f 2074/2293/2074 2076/2295/2076 2081/2305/2081
f 2075/2294/2075 2074/2293/2074 2082/2306/2082
f 1274/2308/1274 2075/2294/2075 2083/2307/2083
f 1273/2310/1273 2071/2290/2071 2075/2294/2075
f 1272/2297/1272 2069/2288/2069 2071/2290/2071
f 2084/2311/2084 2087/2314/2087 2085/2312/2085
f 2087/2314/2087 2092/2322/2092 2088/2315/2088
f 2086/2313/2086 2085/2312/2085 2089/2316/2089
f 2085/2312/2085 2088/2315/2088 2091/2318/2091
f 1775/2319/1775 1795/2320/1795 2084/2311/2084
f 1795/2320/1795 1799/2321/1799 2087/2314/2087
f 1799/2321/1799 1798/2323/1798 2092/2322/2092
f 1798/2323/1798 1797/2385/1797 2093/2324/2093
f 2092/2322/2092 2093/2324/2093 2094/2325/2094
f 2088/2315/2088 2094/2325/2094 2095/2326/2095
f 2091/2318/2091 2095/2326/2095 2027/2229/2027
f 2089/2316/2089 2091/2318/2091 2006/2208/2006
f 2090/2317/2090 2089/2316/2089 2004/2206/2004
f 2080/2304/2080 2090/2317/2090 2003/2205/2003
f 2079/2303/2079 2086/2313/2086 2090/2317/2090
f 2078/2302/2078 2084/2311/2084 2086/2313/2086
f 2096/2327/2096 2099/2330/2099 2097/2328/2097
f 2099/2330/2099 2104/2336/2104 2100/2331/2100
f 2098/2329/2098 2097/2328/2097 2101/2332/2101
f 2097/2328/2097 2100/2331/2100 2103/2334/2103
f 1275/2309/1275 2083/2307/2083 2096/2327/2096
f 2083/2307/2083 2082/2306/2082 2099/2330/2099
f 2082/2306/2082 2081/2305/2081 2104/2336/2104
f 2081/2305/2081 2001/2203/2001 2002/2204/2002
f 2104/2336/2104 2002/2204/2002 2012/2214/2012
f 2100/2331/2100 2012/2214/2012 2011/2213/2011
f 2103/2334/2103 2011/2213/2011 1982/2184/1982
f 2101/2332/2101 2103/2334/2103 2056/2271/2056
f 2102/2333/2102 2101/2332/2101 2054/2269/2054
f 1293/2337/1293 2102/2333/2102 2053/2268/2053
f 1292/2338/1292 2098/2329/2098 2102/2333/2102
f 1291/2335/1291 2096/2327/2096 2098/2329/2098
f 2105/2339/2105 2109/2343/2109 2106/2340/2106
f 2108/2342/2108 2111/2345/2111 2109/2343/2109
f 2109/2343/2109 2112/2346/2112 2110/2344/2110
f 2111/2345/2111 2115/2355/2115 2112/2346/2112
f 944/2347/944 2107/2341/2107 1718/2348/1718
f 954/2350/954 2105/2339/2105 2107/2341/2107
f 952/2351/952 2108/2342/2108 2105/2339/2105
f 953/2352/953 2113/2353/2113 2108/2342/2108
f 2113/2353/2113 2114/2354/2114 2111/2345/2111
f 2114/2354/2114 2116/2356/2116 2115/2355/2115
f 2116/2356/2116 2023/2225/2023 2117/2357/2117
f 2115/2355/2115 2117/2357/2117 2118/2358/2118
f 2112/2346/2112 2118/2358/2118 2119/2359/2119
f 2110/2344/2110 2119/2359/2119 1739/2360/1739
f 2106/2340/2106 2110/2344/2110 1721/2361/1721
f 2107/2341/2107 2106/2340/2106 1719/2362/1719
f 2120/2363/2120 2124/2367/2124 2121/2364/2121
f 2123/2366/2123 2126/2369/2126 2124/2367/2124
f 2124/2367/2124 2127/2370/2127 2125/2368/2125
f 2126/2369/2126 2128/2374/2128 2127/2370/2127
f 975/2371/975 2122/2365/2122 2113/2353/2113
f 978/2372/978 2120/2363/2120 2122/2365/2122
f 977/2373/977 2123/2366/2123 2120/2363/2120
f 914/2286/914 2068/2284/2068 2123/2366/2123
f 2068/2284/2068 2067/2283/2067 2126/2369/2126
f 2067/2283/2067 2066/2282/2066 2128/2374/2128
f 2066/2282/2066 1990/2192/1990 2025/2227/2025
f 2128/2374/2128 2025/2227/2025 2024/2226/2024
f 2127/2370/2127 2024/2226/2024 2021/2223/2021
f 2125/2368/2125 2021/2223/2021 2023/2225/2023
f 2121/2364/2121 2125/2368/2125 2116/2356/2116
f 2122/2365/2122 2121/2364/2121 2114/2354/2114
f 2129/2375/2129 2133/2379/2133 2130/2376/2130
f 2132/2378/2132 2135/2381/2135 2133/2379/2133
f 2133/2379/2133 2136/2382/2136 2134/2380/2134
f 2135/2381/2135 2137/2384/2137 2136/2382/2136
f 2119/2359/2119 2131/2377/2131 1740/2383/1740
f 2118/2358/2118 2129/2375/2129 2131/2377/2131
f 2117/2357/2117 2132/2378/2132 2129/2375/2129
f 2023/2225/2023 2022/2224/2022 2132/2378/2132
f 2022/2224/2022 2029/2231/2029 2135/2381/2135
f 2029/2231/2029 2028/2230/2028 2137/2384/2137
f 2028/2230/2028 2027/2229/2027 2095/2326/2095
f 2137/2384/2137 2095/2326/2095 2094/2325/2094
f 2136/2382/2136 2094/2325/2094 2093/2324/2093
f 2134/2380/2134 2093/2324/2093 1797/2385/1797
f 2130/2376/2130 2134/2380/2134 1743/2386/1743
f 2131/2377/2131 2130/2376/2130 1741/2387/1741
f 2138/2388/2138 2142/2392/2142 2139/2389/2139
f 2141/2391/2141 2144/2394/2144 2142/2392/2142
f 2142/2392/2142 2145/2395/2145 2143/2393/2143
f 2144/2394/2144 2154/2404/2154 2145/2395/2145
f 2146/2396/2146 2140/2390/2140 2147/2397/2147
f 2146/2396/2146 2150/2400/2150 2138/2388/2138
f 2149/2399/2149 2141/2391/2141 2138/2388/2138
f 2151/2401/2151 2152/2402/2152 2141/2391/2141
f 2152/2402/2152 2153/2403/2153 2144/2394/2144
f 2153/2403/2153 2155/2405/2155 2154/2404/2154
f 2155/2405/2155 2179/2429/2179 2156/2406/2156
f 2154/2404/2154 2156/2406/2156 2157/2407/2157
f 2145/2395/2145 2157/2407/2157 2158/2408/2158
f 2143/2393/2143 2158/2408/2158 2159/2409/2159
f 2139/2389/2139 2143/2393/2143 2160/2410/2160
f 2140/2390/2140 2139/2389/2139 2161/2411/2161
f 2162/2412/2162 2165/2415/2165 2163/2413/2163
f 2165/2415/2165 2174/2424/2174 2166/2416/2166
f 2164/2414/2164 2163/2413/2163 2167/2417/2167
f 2163/2413/2163 2166/2416/2166 2169/2419/2169
f 2170/2420/2170 2172/2422/2172 2162/2412/2162
f 2172/2422/2172 2173/2423/2173 2165/2415/2165
f 2173/2423/2173 2175/2425/2175 2174/2424/2174
f 2175/2425/2175 2196/2446/2196 2176/2426/2176
f 2174/2424/2174 2176/2426/2176 2177/2427/2177
f 2166/2416/2166 2177/2427/2177 2178/2428/2178
f 2169/2419/2169 2178/2428/2178 2179/2429/2179
f 2167/2417/2167 2169/2419/2169 2155/2405/2155
f 2168/2418/2168 2167/2417/2167 2153/2403/2153
f 2180/2430/2180 2168/2418/2168 2152/2402/2152
f 2181/2431/2181 2164/2414/2164 2168/2418/2168
f 2171/2421/2171 2162/2412/2162 2164/2414/2164
f 2182/2432/2182 2186/2436/2186 2183/2433/2183
f 2185/2435/2185 2188/2438/2188 2186/2436/2186
f 2186/2436/2186 2189/2439/2189 2187/2437/2187
f 2188/2438/2188 2195/2445/2195 2189/2439/2189
f 2190/2440/2190 2184/2434/2184 2191/2441/2191
f 2193/2443/2193 2182/2432/2182 2184/2434/2184
f 2194/2444/2194 2185/2435/2185 2182/2432/2182
f 2159/2409/2159 2158/2408/2158 2185/2435/2185
f 2185/2435/2185 2158/2408/2158 2157/2407/2157
f 2157/2407/2157 2156/2406/2156 2195/2445/2195
f 2156/2406/2156 2179/2429/2179 2178/2428/2178
f 2195/2445/2195 2178/2428/2178 2177/2427/2177
f 2189/2439/2189 2177/2427/2177 2176/2426/2176
f 2187/2437/2187 2176/2426/2176 2196/2446/2196
f 2183/2433/2183 2187/2437/2187 2197/2447/2197
f 2184/2434/2184 2183/2433/2183 2198/2448/2198
f 2199/2449/2199 2203/2453/2203 2200/2450/2200
f 2202/2452/2202 2205/2455/2205 2203/2453/2203
f 2203/2453/2203 2206/2456/2206 2204/2454/2204
f 2205/2455/2205 2209/2465/2209 2206/2456/2206
f 1518/2457/1518 2201/2451/2201 1088/2458/1088
f 1531/2460/1531 2199/2449/2199 2201/2451/2201
f 1529/2461/1529 2202/2452/2202 2199/2449/2199
f 1530/2462/1530 2207/2463/2207 2202/2452/2202
f 2207/2463/2207 2208/2464/2208 2205/2455/2205
f 2208/2464/2208 2210/2466/2210 2209/2465/2209
f 2210/2466/2210 2148/2398/2148 2211/2467/2211
f 2209/2465/2209 2211/2467/2211 2212/2468/2212
f 2206/2456/2206 2212/2468/2212 2213/2469/2213
f 2204/2454/2204 2213/2469/2213 1107/2470/1107
f 2200/2450/2200 2204/2454/2204 1090/2471/1090
f 2201/2451/2201 2200/2450/2200 1089/2472/1089
f 2214/2473/2214 2218/2477/2218 2215/2474/2215
f 2217/2476/2217 2220/2479/2220 2218/2477/2218
f 2218/2477/2218 2221/2480/2221 2219/2478/2219
f 2220/2479/2220 2224/2487/2224 2221/2480/2221
f 1556/2481/1556 2216/2475/2216 2207/2463/2207
f 1559/2482/1559 2214/2473/2214 2216/2475/2216
f 1558/2483/1558 2217/2476/2217 2214/2473/2214
f 1493/2484/1493 2222/2485/2222 2217/2476/2217
f 2222/2485/2222 2223/2486/2223 2220/2479/2220
f 2223/2486/2223 2225/2488/2225 2224/2487/2224
f 2225/2488/2225 2151/2401/2151 2149/2399/2149
f 2224/2487/2224 2149/2399/2149 2150/2400/2150
f 2221/2480/2221 2150/2400/2150 2146/2396/2146
f 2219/2478/2219 2146/2396/2146 2148/2398/2148
f 2215/2474/2215 2219/2478/2219 2210/2466/2210
f 2216/2475/2216 2215/2474/2215 2208/2464/2208
f 2226/2489/2226 2230/2493/2230 2227/2490/2227
f 2229/2492/2229 2233/2496/2233 2230/2493/2230
f 2227/2490/2227 2230/2493/2230 2231/2494/2231
f 2233/2496/2233 2234/2498/2234 2231/2494/2231
f 2213/2469/2213 2228/2491/2228 1106/2497/1106
f 2212/2468/2212 2226/2489/2226 2228/2491/2228
f 2211/2467/2211 2229/2492/2229 2226/2489/2226
f 2148/2398/2148 2147/2397/2147 2229/2492/2229
f 2147/2397/2147 2161/2411/2161 2233/2496/2233
f 2161/2411/2161 2160/2410/2160 2234/2498/2234
f 2160/2410/2160 2159/2409/2159 2235/2499/2235
f 2234/2498/2234 2235/2499/2235 2236/2500/2236
f 2231/2494/2231 2236/2500/2236 2237/2501/2237
f 1110/2502/1110 2232/2495/2232 2237/2501/2237
f 2227/2490/2227 2232/2495/2232 1110/2502/1110
f 2228/2491/2228 2227/2490/2227 1108/2504/1108
f 2238/2505/2238 2241/2508/2241 2239/2506/2239
f 2241/2508/2241 2246/2517/2246 2242/2509/2242
f 2240/2507/2240 2239/2506/2239 2243/2510/2243
f 2239/2506/2239 2242/2509/2242 2245/2512/2245
f 126/2513/126 1369/2515/1369 2238/2505/2238
f 1369/2515/1369 1379/2516/1379 2241/2508/2241
f 1379/2516/1379 1378/2518/1378 2246/2517/2246
f 1378/2518/1378 1377/2536/1377 2247/2519/2247
f 2246/2517/2246 2247/2519/2247 2248/2520/2248
f 2242/2509/2242 2248/2520/2248 2249/2521/2249
f 2245/2512/2245 2249/2521/2249 2170/2420/2170
f 2243/2510/2243 2245/2512/2245 2250/2522/2250
f 2244/2511/2244 2243/2510/2243 2251/2523/2251
f 1473/2525/1473 2244/2511/2244 2252/2524/2252
f 1472/2527/1472 2240/2507/2240 2244/2511/2244
f 1471/2514/1471 2238/2505/2238 2240/2507/2240
f 2253/2528/2253 2256/2531/2256 2254/2529/2254
f 2256/2531/2256 2261/2539/2261 2257/2532/2257
f 2255/2530/2255 2254/2529/2254 2258/2533/2258
f 2254/2529/2254 2257/2532/2257 2260/2535/2260
f 1377/2536/1377 1397/2537/1397 2253/2528/2253
f 1397/2537/1397 1401/2538/1401 2256/2531/2256
f 1401/2538/1401 1400/2540/1400 2261/2539/2261
f 1400/2540/1400 1399/2602/1399 2262/2541/2262
f 2261/2539/2261 2262/2541/2262 2263/2542/2263
f 2257/2532/2257 2263/2542/2263 2264/2543/2264
f 2260/2535/2260 2264/2543/2264 2196/2446/2196
f 2258/2533/2258 2260/2535/2260 2175/2425/2175
f 2259/2534/2259 2258/2533/2258 2173/2423/2173
f 2249/2521/2249 2259/2534/2259 2172/2422/2172
f 2248/2520/2248 2255/2530/2255 2259/2534/2259
f 2247/2519/2247 2253/2528/2253 2255/2530/2255
f 2265/2544/2265 2268/2547/2268 2266/2545/2266
f 2268/2547/2268 2273/2553/2273 2269/2548/2269
f 2267/2546/2267 2266/2545/2266 2270/2549/2270
f 2266/2545/2266 2269/2548/2269 2272/2551/2272
f 1474/2526/1474 2252/2524/2252 2265/2544/2265
f 2252/2524/2252 2251/2523/2251 2268/2547/2268
f 2251/2523/2251 2250/2522/2250 2273/2553/2273
f 2250/2522/2250 2170/2420/2170 2171/2421/2171
f 2273/2553/2273 2171/2421/2171 2181/2431/2181
f 2269/2548/2269 2181/2431/2181 2180/2430/2180
f 2272/2551/2272 2180/2430/2180 2151/2401/2151
f 2270/2549/2270 2272/2551/2272 2225/2488/2225
f 2271/2550/2271 2270/2549/2270 2223/2486/2223
f 1492/2554/1492 2271/2550/2271 2222/2485/2222
f 1491/2555/1491 2267/2546/2267 2271/2550/2271
f 1490/2552/1490 2265/2544/2265 2267/2546/2267
f 2274/2556/2274 2278/2560/2278 2275/2557/2275
f 2277/2559/2277 2280/2562/2280 2278/2560/2278
f 2278/2560/2278 2281/2563/2281 2279/2561/2279
f 2280/2562/2280 2284/2572/2284 2281/2563/2281
f 1133/2564/1133 2276/2558/2276 1320/2565/1320
f 1143/2567/1143 2274/2556/2274 2276/2558/2276
f 1142/2568/1142 2277/2559/2277 2274/2556/2274
f 1141/2569/1141 2282/2570/2282 2277/2559/2277
f 2282/2570/2282 2283/2571/2283 2280/2562/2280
f 2283/2571/2283 2285/2573/2285 2284/2572/2284
f 2285/2573/2285 2192/2442/2192 2286/2574/2286
f 2284/2572/2284 2286/2574/2286 2287/2575/2287
f 2281/2563/2281 2287/2575/2287 2288/2576/2288
f 2279/2561/2279 2288/2576/2288 1341/2577/1341
f 2275/2557/2275 2279/2561/2279 1323/2578/1323
f 2276/2558/2276 2275/2557/2275 1321/2579/1321
f 2289/2580/2289 2293/2584/2293 2290/2581/2290
f 2292/2583/2292 2297/2591/2297 2293/2584/2293
f 2293/2584/2293 2296/2587/2296 2294/2585/2294
f 2293/2584/2293 2297/2591/2297 2295/2586/2295
f 1163/2588/1163 2291/2582/2291 2282/2570/2282
f 1168/2589/1168 2289/2580/2289 2291/2582/2291
f 1167/2590/1167 2292/2583/2292 2289/2580/2289
f 1167/2590/1167 1109/2503/1109 2237/2501/2237
f 2237/2501/2237 2236/2500/2236 2297/2591/2297
f 2297/2591/2297 2236/2500/2236 2235/2499/2235
f 2235/2499/2235 2159/2409/2159 2194/2444/2194
f 2295/2586/2295 2194/2444/2194 2193/2443/2193
f 2296/2587/2296 2193/2443/2193 2190/2440/2190
f 2294/2585/2294 2190/2440/2190 2192/2442/2192
f 2290/2581/2290 2294/2585/2294 2285/2573/2285
f 2291/2582/2291 2290/2581/2290 2283/2571/2283
f 2298/2592/2298 2302/2596/2302 2299/2593/2299
f 2301/2595/2301 2304/2598/2304 2302/2596/2302
f 2302/2596/2302 2305/2599/2305 2303/2597/2303
f 2304/2598/2304 2306/2601/2306 2305/2599/2305
f 2288/2576/2288 2300/2594/2300 1342/2600/1342
f 2287/2575/2287 2298/2592/2298 2300/2594/2300
f 2286/2574/2286 2301/2595/2301 2298/2592/2298
f 2192/2442/2192 2191/2441/2191 2301/2595/2301
f 2191/2441/2191 2198/2448/2198 2304/2598/2304
f 2198/2448/2198 2197/2447/2197 2306/2601/2306
f 2197/2447/2197 2196/2446/2196 2264/2543/2264
f 2306/2601/2306 2264/2543/2264 2263/2542/2263
f 2305/2599/2305 2263/2542/2263 2262/2541/2262
f 2303/2597/2303 2262/2541/2262 1399/2602/1399
f 2299/2593/2299 2303/2597/2303 1345/2603/1345
f 2300/2594/2300 2299/2593/2299 1343/2604/1343
